  0
SECTION
  2
HEADER
  9
$ACADVER
  1
AC1024
  9
$ACADMAINTVER
 70
   109
  9
$DWGCODEPAGE
  3
ANSI_1251
  9
$LASTSAVEDBY
  1
dnikitin
  9
$INSBASE
 10
0.0
 20
0.0
 30
0.0
  9
$EXTMIN
 10
1146.503176707843
 20
912.943066762531
 30
-0.0015258207003583
  9
$EXTMAX
 10
2449.695983723663
 20
1520.79054843506
 30
0.0000000349246037
  9
$LIMMIN
 10
0.0
 20
0.0
  9
$LIMMAX
 10
420.0
 20
297.0
  9
$ORTHOMODE
 70
     1
  9
$REGENMODE
 70
     1
  9
$FILLMODE
 70
     1
  9
$QTEXTMODE
 70
     0
  9
$MIRRTEXT
 70
     0
  9
$LTSCALE
 40
1.0
  9
$ATTMODE
 70
     1
  9
$TEXTSIZE
 40
2.5
  9
$TRACEWID
 40
1.0
  9
$TEXTSTYLE
  7
Standard
  9
$CLAYER
  8
ось
  9
$CELTYPE
  6
ByLayer
  9
$CECOLOR
 62
   256
  9
$CELTSCALE
 40
1.0
  9
$DISPSILH
 70
     0
  9
$DIMSCALE
 40
1.0
  9
$DIMASZ
 40
2.5
  9
$DIMEXO
 40
0.625
  9
$DIMDLI
 40
3.75
  9
$DIMRND
 40
0.0
  9
$DIMDLE
 40
0.0
  9
$DIMEXE
 40
1.25
  9
$DIMTP
 40
0.0
  9
$DIMTM
 40
0.0
  9
$DIMTXT
 40
2.5
  9
$DIMCEN
 40
2.5
  9
$DIMTSZ
 40
0.0
  9
$DIMTOL
 70
     0
  9
$DIMLIM
 70
     0
  9
$DIMTIH
 70
     0
  9
$DIMTOH
 70
     0
  9
$DIMSE1
 70
     0
  9
$DIMSE2
 70
     0
  9
$DIMTAD
 70
     1
  9
$DIMZIN
 70
     8
  9
$DIMBLK
  1

  9
$DIMASO
 70
     1
  9
$DIMSHO
 70
     1
  9
$DIMPOST
  1

  9
$DIMAPOST
  1

  9
$DIMALT
 70
     0
  9
$DIMALTD
 70
     3
  9
$DIMALTF
 40
0.03937007874016
  9
$DIMLFAC
 40
1.0
  9
$DIMTOFL
 70
     1
  9
$DIMTVP
 40
0.0
  9
$DIMTIX
 70
     0
  9
$DIMSOXD
 70
     0
  9
$DIMSAH
 70
     0
  9
$DIMBLK1
  1

  9
$DIMBLK2
  1

  9
$DIMSTYLE
  2
ISO-25
  9
$DIMCLRD
 70
     0
  9
$DIMCLRE
 70
     0
  9
$DIMCLRT
 70
     0
  9
$DIMTFAC
 40
1.0
  9
$DIMGAP
 40
0.625
  9
$DIMJUST
 70
     0
  9
$DIMSD1
 70
     0
  9
$DIMSD2
 70
     0
  9
$DIMTOLJ
 70
     0
  9
$DIMTZIN
 70
     8
  9
$DIMALTZ
 70
     0
  9
$DIMALTTZ
 70
     0
  9
$DIMUPT
 70
     0
  9
$DIMDEC
 70
     2
  9
$DIMTDEC
 70
     2
  9
$DIMALTU
 70
     2
  9
$DIMALTTD
 70
     3
  9
$DIMTXSTY
  7
Standard
  9
$DIMAUNIT
 70
     0
  9
$DIMADEC
 70
     0
  9
$DIMALTRND
 40
0.0
  9
$DIMAZIN
 70
     0
  9
$DIMDSEP
 70
    44
  9
$DIMATFIT
 70
     3
  9
$DIMFRAC
 70
     0
  9
$DIMLDRBLK
  1

  9
$DIMLUNIT
 70
     2
  9
$DIMLWD
 70
    -2
  9
$DIMLWE
 70
    -2
  9
$DIMTMOVE
 70
     0
  9
$DIMFXL
 40
1.0
  9
$DIMFXLON
 70
     0
  9
$DIMJOGANG
 40
0.7853981633974483
  9
$DIMTFILL
 70
     0
  9
$DIMTFILLCLR
 70
     0
  9
$DIMARCSYM
 70
     0
  9
$DIMLTYPE
  6

  9
$DIMLTEX1
  6

  9
$DIMLTEX2
  6

  9
$DIMTXTDIRECTION
 70
     0
  9
$LUNITS
 70
     2
  9
$LUPREC
 70
     4
  9
$SKETCHINC
 40
1.0
  9
$FILLETRAD
 40
5.0
  9
$AUNITS
 70
     0
  9
$AUPREC
 70
     0
  9
$MENU
  1
.
  9
$ELEVATION
 40
0.0
  9
$PELEVATION
 40
0.0
  9
$THICKNESS
 40
0.0
  9
$LIMCHECK
 70
     0
  9
$CHAMFERA
 40
0.0
  9
$CHAMFERB
 40
0.0
  9
$CHAMFERC
 40
0.0
  9
$CHAMFERD
 40
0.0
  9
$SKPOLY
 70
     0
  9
$TDCREATE
 40
2457169.826279653
  9
$TDUCREATE
 40
2457169.659612986
  9
$TDUPDATE
 40
2457336.490786123
  9
$TDUUPDATE
 40
2457336.324119456
  9
$TDINDWG
 40
0.0576716319
  9
$TDUSRTIMER
 40
0.0576714468
  9
$USRTIMER
 70
     1
  9
$ANGBASE
 50
0.0
  9
$ANGDIR
 70
     0
  9
$PDMODE
 70
     0
  9
$PDSIZE
 40
0.0
  9
$PLINEWID
 40
0.0
  9
$SPLFRAME
 70
     0
  9
$SPLINETYPE
 70
     6
  9
$SPLINESEGS
 70
     8
  9
$HANDSEED
  5
66F
  9
$SURFTAB1
 70
     6
  9
$SURFTAB2
 70
     6
  9
$SURFTYPE
 70
     6
  9
$SURFU
 70
     6
  9
$SURFV
 70
     6
  9
$UCSBASE
  2

  9
$UCSNAME
  2

  9
$UCSORG
 10
0.0
 20
0.0
 30
0.0
  9
$UCSXDIR
 10
1.0
 20
0.0
 30
0.0
  9
$UCSYDIR
 10
0.0
 20
1.0
 30
0.0
  9
$UCSORTHOREF
  2

  9
$UCSORTHOVIEW
 70
     0
  9
$UCSORGTOP
 10
0.0
 20
0.0
 30
0.0
  9
$UCSORGBOTTOM
 10
0.0
 20
0.0
 30
0.0
  9
$UCSORGLEFT
 10
0.0
 20
0.0
 30
0.0
  9
$UCSORGRIGHT
 10
0.0
 20
0.0
 30
0.0
  9
$UCSORGFRONT
 10
0.0
 20
0.0
 30
0.0
  9
$UCSORGBACK
 10
0.0
 20
0.0
 30
0.0
  9
$PUCSBASE
  2

  9
$PUCSNAME
  2

  9
$PUCSORG
 10
0.0
 20
0.0
 30
0.0
  9
$PUCSXDIR
 10
1.0
 20
0.0
 30
0.0
  9
$PUCSYDIR
 10
0.0
 20
1.0
 30
0.0
  9
$PUCSORTHOREF
  2

  9
$PUCSORTHOVIEW
 70
     0
  9
$PUCSORGTOP
 10
0.0
 20
0.0
 30
0.0
  9
$PUCSORGBOTTOM
 10
0.0
 20
0.0
 30
0.0
  9
$PUCSORGLEFT
 10
0.0
 20
0.0
 30
0.0
  9
$PUCSORGRIGHT
 10
0.0
 20
0.0
 30
0.0
  9
$PUCSORGFRONT
 10
0.0
 20
0.0
 30
0.0
  9
$PUCSORGBACK
 10
0.0
 20
0.0
 30
0.0
  9
$USERI1
 70
     0
  9
$USERI2
 70
     0
  9
$USERI3
 70
     0
  9
$USERI4
 70
     0
  9
$USERI5
 70
     0
  9
$USERR1
 40
0.0
  9
$USERR2
 40
0.0
  9
$USERR3
 40
0.0
  9
$USERR4
 40
0.0
  9
$USERR5
 40
0.0
  9
$WORLDVIEW
 70
     1
  9
$SHADEDGE
 70
     3
  9
$SHADEDIF
 70
    70
  9
$TILEMODE
 70
     1
  9
$MAXACTVP
 70
    64
  9
$PINSBASE
 10
0.0
 20
0.0
 30
0.0
  9
$PLIMCHECK
 70
     0
  9
$PEXTMIN
 10
0.0
 20
0.0
 30
0.0
  9
$PEXTMAX
 10
0.0
 20
0.0
 30
0.0
  9
$PLIMMIN
 10
0.0
 20
0.0
  9
$PLIMMAX
 10
12.0
 20
9.0
  9
$UNITMODE
 70
     0
  9
$VISRETAIN
 70
     1
  9
$PLINEGEN
 70
     0
  9
$PSLTSCALE
 70
     1
  9
$TREEDEPTH
 70
  3020
  9
$CMLSTYLE
  2
Standard
  9
$CMLJUST
 70
     0
  9
$CMLSCALE
 40
20.0
  9
$PROXYGRAPHICS
 70
     1
  9
$MEASUREMENT
 70
     1
  9
$CELWEIGHT
370
    -1
  9
$ENDCAPS
280
     0
  9
$JOINSTYLE
280
     0
  9
$LWDISPLAY
290
     0
  9
$INSUNITS
 70
     4
  9
$HYPERLINKBASE
  1

  9
$STYLESHEET
  1

  9
$XEDIT
290
     1
  9
$CEPSNTYPE
380
     0
  9
$PSTYLEMODE
290
     1
  9
$FINGERPRINTGUID
  2
{5C76ADF9-591F-4685-BD4F-06FF31BE5B01}
  9
$VERSIONGUID
  2
{1F38C715-425D-4613-ADC9-81EC7556245E}
  9
$EXTNAMES
290
     1
  9
$PSVPSCALE
 40
0.0
  9
$OLESTARTUP
290
     0
  9
$SORTENTS
280
   127
  9
$INDEXCTL
280
     0
  9
$HIDETEXT
280
     1
  9
$XCLIPFRAME
280
     2
  9
$HALOGAP
280
     0
  9
$OBSCOLOR
 70
   257
  9
$OBSLTYPE
280
     0
  9
$INTERSECTIONDISPLAY
280
     0
  9
$INTERSECTIONCOLOR
 70
   257
  9
$DIMASSOC
280
     2
  9
$PROJECTNAME
  1

  9
$CAMERADISPLAY
290
     0
  9
$LENSLENGTH
 40
50.0
  9
$CAMERAHEIGHT
 40
0.0
  9
$STEPSPERSEC
 40
2.0
  9
$STEPSIZE
 40
6.0
  9
$3DDWFPREC
 40
2.0
  9
$PSOLWIDTH
 40
5.0
  9
$PSOLHEIGHT
 40
80.0
  9
$LOFTANG1
 40
1.570796326794896
  9
$LOFTANG2
 40
1.570796326794896
  9
$LOFTMAG1
 40
0.0
  9
$LOFTMAG2
 40
0.0
  9
$LOFTPARAM
 70
     7
  9
$LOFTNORMALS
280
     1
  9
$LATITUDE
 40
37.795
  9
$LONGITUDE
 40
-122.394
  9
$NORTHDIRECTION
 40
0.0
  9
$TIMEZONE
 70
 -8000
  9
$LIGHTGLYPHDISPLAY
280
     1
  9
$TILEMODELIGHTSYNCH
280
     1
  9
$CMATERIAL
347
EC
  9
$SOLIDHIST
280
     1
  9
$SHOWHIST
280
     1
  9
$DWFFRAME
280
     2
  9
$DGNFRAME
280
     0
  9
$REALWORLDSCALE
290
     1
  9
$INTERFERECOLOR
 62
     1
  9
$INTERFEREOBJVS
345
F9
  9
$INTERFEREVPVS
346
F6
  9
$CSHADOW
280
     0
  9
$SHADOWPLANELOCATION
 40
0.0
  0
ENDSEC
  0
SECTION
  2
CLASSES
  0
CLASS
  1
ACDBDICTIONARYWDFLT
  2
AcDbDictionaryWithDefault
  3
ObjectDBX Classes
 90
        0
 91
        1
280
     0
281
     0
  0
CLASS
  1
DICTIONARYVAR
  2
AcDbDictionaryVar
  3
ObjectDBX Classes
 90
        0
 91
       11
280
     0
281
     0
  0
CLASS
  1
TABLESTYLE
  2
AcDbTableStyle
  3
ObjectDBX Classes
 90
     4095
 91
        1
280
     0
281
     0
  0
CLASS
  1
MATERIAL
  2
AcDbMaterial
  3
ObjectDBX Classes
 90
     1153
 91
        3
280
     0
281
     0
  0
CLASS
  1
VISUALSTYLE
  2
AcDbVisualStyle
  3
ObjectDBX Classes
 90
     4095
 91
       26
280
     0
281
     0
  0
CLASS
  1
SCALE
  2
AcDbScale
  3
ObjectDBX Classes
 90
     1153
 91
       17
280
     0
281
     0
  0
CLASS
  1
MLEADERSTYLE
  2
AcDbMLeaderStyle
  3
ACDB_MLEADERSTYLE_CLASS
 90
     4095
 91
        2
280
     0
281
     0
  0
CLASS
  1
CELLSTYLEMAP
  2
AcDbCellStyleMap
  3
ObjectDBX Classes
 90
     1152
 91
        2
280
     0
281
     0
  0
CLASS
  1
EXACXREFPANELOBJECT
  2
ExAcXREFPanelObject
  3
EXAC_ESW
 90
     1025
 91
        0
280
     0
281
     0
  0
CLASS
  1
NPOCOLLECTION
  2
AcDbImpNonPersistentObjectsCollection
  3
ObjectDBX Classes
 90
     1153
 91
        0
280
     0
281
     0
  0
CLASS
  1
LAYER_INDEX
  2
AcDbLayerIndex
  3
ObjectDBX Classes
 90
        0
 91
        0
280
     0
281
     0
  0
CLASS
  1
SPATIAL_INDEX
  2
AcDbSpatialIndex
  3
ObjectDBX Classes
 90
        0
 91
        0
280
     0
281
     0
  0
CLASS
  1
IDBUFFER
  2
AcDbIdBuffer
  3
ObjectDBX Classes
 90
        0
 91
        0
280
     0
281
     0
  0
CLASS
  1
RASTERVARIABLES
  2
AcDbRasterVariables
  3
ISM
 90
        0
 91
        1
280
     0
281
     0
  0
CLASS
  1
IMAGEDEF
  2
AcDbRasterImageDef
  3
ISM
 90
        0
 91
        1
280
     0
281
     0
  0
CLASS
  1
IMAGEDEF_REACTOR
  2
AcDbRasterImageDefReactor
  3
ISM
 90
        1
 91
        0
280
     0
281
     0
  0
CLASS
  1
IMAGE
  2
AcDbRasterImage
  3
ISM
 90
     2175
 91
        0
280
     0
281
     1
  0
CLASS
  1
SORTENTSTABLE
  2
AcDbSortentsTable
  3
ObjectDBX Classes
 90
        0
 91
        1
280
     0
281
     0
  0
CLASS
  1
ACDBSECTIONVIEWSTYLE
  2
AcDbSectionViewStyle
  3
ObjectDBX Classes
 90
     1025
 91
        1
280
     0
281
     0
  0
CLASS
  1
ACDBDETAILVIEWSTYLE
  2
AcDbDetailViewStyle
  3
ObjectDBX Classes
 90
     1025
 91
        1
280
     0
281
     0
  0
ENDSEC
  0
SECTION
  2
TABLES
  0
TABLE
  2
VPORT
  5
8
330
0
100
AcDbSymbolTable
 70
     1
  0
VPORT
  5
EA
330
8
100
AcDbSymbolTableRecord
100
AcDbViewportTableRecord
  2
*Active
 70
     0
 10
0.0
 20
0.0
 11
1.0
 21
1.0
 12
1798.099580215752
 22
1216.866807598795
 13
0.0
 23
0.0
 14
10.0
 24
10.0
 15
10.0
 25
10.0
 16
0.0
 26
0.0
 36
1.0
 17
0.0
 27
0.0
 37
0.0
 40
612.2204851377987
 41
2.190876350540216
 42
50.0
 43
0.0
 44
0.0
 50
0.0
 51
0.0
 71
     0
 72
  1000
 73
     1
 74
     3
 75
     0
 76
     0
 77
     0
 78
     0
281
     0
 65
     1
110
0.0
120
0.0
130
0.0
111
1.0
121
0.0
131
0.0
112
0.0
122
1.0
132
0.0
 79
     0
146
0.0
348
F5
 60
     2
 61
     5
292
     1
282
     1
141
0.0
142
0.0
 63
   250
421
  3355443
1001
ACAD_NAV_VCDISPLAY
1070
     3
  0
ENDTAB
  0
TABLE
  2
LTYPE
  5
5
330
0
100
AcDbSymbolTable
 70
     1
  0
LTYPE
  5
14
330
5
100
AcDbSymbolTableRecord
100
AcDbLinetypeTableRecord
  2
ByBlock
 70
     0
  3

 72
    65
 73
     0
 40
0.0
  0
LTYPE
  5
15
330
5
100
AcDbSymbolTableRecord
100
AcDbLinetypeTableRecord
  2
ByLayer
 70
     0
  3

 72
    65
 73
     0
 40
0.0
  0
LTYPE
  5
16
330
5
100
AcDbSymbolTableRecord
100
AcDbLinetypeTableRecord
  2
Continuous
 70
     0
  3
Solid line
 72
    65
 73
     0
 40
0.0
  0
ENDTAB
  0
TABLE
  2
LAYER
  5
2
102
{ACAD_XDICTIONARY
360
3CE
102
}
330
0
100
AcDbSymbolTable
 70
     3
  0
LAYER
  5
10
102
{ACAD_XDICTIONARY
360
13C
102
}
330
2
100
AcDbSymbolTableRecord
100
AcDbLayerTableRecord
  2
0
 70
     0
 62
     7
  6
Continuous
370
    -3
390
F
347
EE
  0
LAYER
  5
1F9
330
2
100
AcDbSymbolTableRecord
100
AcDbLayerTableRecord
  2
Слой1
 70
     0
 62
    10
  6
Continuous
370
    -3
390
F
347
EE
1001
AcAecLayerStandard
1000

1000

  0
LAYER
  5
5DB
330
2
100
AcDbSymbolTableRecord
100
AcDbLayerTableRecord
  2
ось
 70
     0
 62
    80
  6
Continuous
370
    -3
390
F
347
EE
1001
AcAecLayerStandard
1000

1000

  0
ENDTAB
  0
TABLE
  2
STYLE
  5
3
330
0
100
AcDbSymbolTable
 70
     2
  0
STYLE
  5
11
330
3
100
AcDbSymbolTableRecord
100
AcDbTextStyleTableRecord
  2
Standard
 70
     0
 40
0.0
 41
1.0
 50
0.0
 71
     0
 42
2.5
  3
ARIAL.TTF
  4

1001
ACAD
1000
Arial
1071
       34
  0
STYLE
  5
132
330
3
100
AcDbSymbolTableRecord
100
AcDbTextStyleTableRecord
  2
Аннотативный
 70
     0
 40
0.0
 41
1.0
 50
0.0
 71
     0
 42
2.5
  3
ARIAL.TTF
  4

1001
AcadAnnotative
1000
AnnotativeData
1002
{
1070
     1
1070
     1
1002
}
1001
ACAD
1000
Arial
1071
       34
  0
ENDTAB
  0
TABLE
  2
VIEW
  5
6
330
0
100
AcDbSymbolTable
 70
     0
  0
ENDTAB
  0
TABLE
  2
UCS
  5
7
330
0
100
AcDbSymbolTable
 70
     0
  0
ENDTAB
  0
TABLE
  2
APPID
  5
9
330
0
100
AcDbSymbolTable
 70
    12
  0
APPID
  5
12
330
9
100
AcDbSymbolTableRecord
100
AcDbRegAppTableRecord
  2
ACAD
 70
     0
  0
APPID
  5
9E
330
9
100
AcDbSymbolTableRecord
100
AcDbRegAppTableRecord
  2
ACAD_PSEXT
 70
     0
  0
APPID
  5
133
330
9
100
AcDbSymbolTableRecord
100
AcDbRegAppTableRecord
  2
AcadAnnoPO
 70
     0
  0
APPID
  5
134
330
9
100
AcDbSymbolTableRecord
100
AcDbRegAppTableRecord
  2
AcadAnnotative
 70
     0
  0
APPID
  5
135
330
9
100
AcDbSymbolTableRecord
100
AcDbRegAppTableRecord
  2
ACAD_DSTYLE_DIMJAG
 70
     0
  0
APPID
  5
136
330
9
100
AcDbSymbolTableRecord
100
AcDbRegAppTableRecord
  2
ACAD_DSTYLE_DIMTALN
 70
     0
  0
APPID
  5
165
330
9
100
AcDbSymbolTableRecord
100
AcDbRegAppTableRecord
  2
ACAD_MLEADERVER
 70
     0
  0
APPID
  5
1FA
330
9
100
AcDbSymbolTableRecord
100
AcDbRegAppTableRecord
  2
AcAecLayerStandard
 70
     0
  0
APPID
  5
1FB
330
9
100
AcDbSymbolTableRecord
100
AcDbRegAppTableRecord
  2
ACAD_EXEMPT_FROM_CAD_STANDARDS
 70
     0
  0
APPID
  5
630
330
9
100
AcDbSymbolTableRecord
100
AcDbRegAppTableRecord
  2
ACAD_NAV_VCDISPLAY
 70
     0
  0
APPID
  5
634
330
9
100
AcDbSymbolTableRecord
100
AcDbRegAppTableRecord
  2
GradientColor1ACI
 70
     0
  0
APPID
  5
635
330
9
100
AcDbSymbolTableRecord
100
AcDbRegAppTableRecord
  2
GradientColor2ACI
 70
     0
  0
ENDTAB
  0
TABLE
  2
DIMSTYLE
  5
A
330
0
100
AcDbSymbolTable
 70
     3
100
AcDbDimStyleTable
 71
     2
340
27
340
137
  0
DIMSTYLE
105
1B0
330
A
100
AcDbSymbolTableRecord
100
AcDbDimStyleTableRecord
  2
Standard
 70
     0
340
11
  0
DIMSTYLE
105
137
330
A
100
AcDbSymbolTableRecord
100
AcDbDimStyleTableRecord
  2
Аннотативный
 70
     0
 40
0.0
 41
2.5
 42
0.625
 43
3.75
 44
1.25
 73
     0
 74
     0
 77
     1
 78
     8
140
2.5
141
2.5
143
0.03937007874016
147
0.625
171
     3
172
     1
271
     2
272
     2
274
     3
278
    44
283
     0
284
     8
340
11
1001
AcadAnnotative
1000
AnnotativeData
1002
{
1070
     1
1070
     1
1002
}
1001
ACAD_DSTYLE_DIMJAG
1070
   388
1040
1.5
1001
ACAD_DSTYLE_DIMTALN
1070
   392
1070
     0
  0
DIMSTYLE
105
27
330
A
100
AcDbSymbolTableRecord
100
AcDbDimStyleTableRecord
  2
ISO-25
 70
     0
 41
2.5
 42
0.625
 43
3.75
 44
1.25
 73
     0
 74
     0
 77
     1
 78
     8
140
2.5
141
2.5
143
0.03937007874016
147
0.625
171
     3
172
     1
271
     2
272
     2
274
     3
278
    44
283
     0
284
     8
340
11
  0
ENDTAB
  0
TABLE
  2
BLOCK_RECORD
  5
1
330
0
100
AcDbSymbolTable
 70
     1
  0
BLOCK_RECORD
  5
1F
102
{ACAD_XDICTIONARY
360
1CE
102
}
330
1
100
AcDbSymbolTableRecord
100
AcDbBlockTableRecord
  2
*Model_Space
340
22
 70
     0
280
     1
281
     0
  0
BLOCK_RECORD
  5
D2
330
1
100
AcDbSymbolTableRecord
100
AcDbBlockTableRecord
  2
*Paper_Space
340
D3
 70
     0
280
     1
281
     0
  0
BLOCK_RECORD
  5
D6
330
1
100
AcDbSymbolTableRecord
100
AcDbBlockTableRecord
  2
*Paper_Space0
340
D7
 70
     0
280
     1
281
     0
  0
ENDTAB
  0
ENDSEC
  0
SECTION
  2
BLOCKS
  0
BLOCK
  5
20
330
1F
100
AcDbEntity
  8
0
100
AcDbBlockBegin
  2
*Model_Space
 70
     0
 10
0.0
 20
0.0
 30
0.0
  3
*Model_Space
  1

  0
ENDBLK
  5
21
330
1F
100
AcDbEntity
  8
0
100
AcDbBlockEnd
  0
BLOCK
  5
D4
330
D2
100
AcDbEntity
 67
     1
  8
0
100
AcDbBlockBegin
  2
*Paper_Space
 70
     0
 10
0.0
 20
0.0
 30
0.0
  3
*Paper_Space
  1

  0
ENDBLK
  5
D5
330
D2
100
AcDbEntity
 67
     1
  8
0
100
AcDbBlockEnd
  0
BLOCK
  5
D8
330
D6
100
AcDbEntity
 67
     1
  8
0
100
AcDbBlockBegin
  2
*Paper_Space0
 70
     0
 10
0.0
 20
0.0
 30
0.0
  3
*Paper_Space0
  1

  0
ENDBLK
  5
D9
330
D6
100
AcDbEntity
 67
     1
  8
0
100
AcDbBlockEnd
  0
ENDSEC
  0
SECTION
  2
ENTITIES
  0
ARC
  5
202
330
1F
100
AcDbEntity
  8
Слой1
 62
     0
100
AcDbCircle
 10
2059.442643549813
 20
1516.300743881852
 30
0.0
 40
234.0106690877187
100
AcDbArc
 50
303.5685627598609
 51
328.7482307614481
  0
ARC
  5
203
330
1F
100
AcDbEntity
  8
Слой1
 62
     0
100
AcDbCircle
 10
2105.541801476242
 20
1492.76690813397
 30
0.0
 40
182.4308679614519
100
AcDbArc
 50
327.5555486021411
 51
348.4010276113224
  0
ARC
  5
204
330
1F
100
AcDbEntity
  8
Слой1
 62
     0
100
AcDbCircle
 10
2367.588507378457
 20
1438.981342349375
 30
0.0
 40
85.07868917804813
100
AcDbArc
 50
145.8864592594449
 51
168.4010276113224
  0
ARC
  5
205
330
1F
100
AcDbEntity
  8
Слой1
 62
     0
100
AcDbCircle
 10
2491.532030424737
 20
1335.921257272201
 30
0.0
 40
246.0034969679721
100
AcDbArc
 50
131.5219230783341
 51
142.2006232558168
  0
ARC
  5
208
330
1F
100
AcDbEntity
  8
Слой1
 62
     0
100
AcDbCircle
 10
2160.240091228848
 20
1469.534994277201
 30
0.0
 40
150.9509081734002
100
AcDbArc
 50
262.7497964664948
 51
280.9197085414413
  0
ARC
  5
209
330
1F
100
AcDbEntity
  8
Слой1
 62
     0
100
AcDbCircle
 10
2127.870207593313
 20
1215.094138983282
 30
0.0
 40
105.5407256263774
100
AcDbArc
 50
82.74979646649491
 51
105.9901286966484
  0
ARC
  5
20A
330
1F
100
AcDbEntity
  8
Слой1
 62
     0
100
AcDbCircle
 10
1847.729122304777
 20
2192.697849535699
 30
0.0
 40
911.4096382323969
100
AcDbArc
 50
283.220777491249
 51
285.9901286966484
  0
ARC
  5
20B
330
1F
100
AcDbEntity
  8
Слой1
 62
     0
100
AcDbCircle
 10
2028.17552816991
 20
1424.613647322625
 30
0.0
 40
122.4139176616585
100
AcDbArc
 50
264.9901894350291
 51
283.2207774912489
  0
ARC
  5
20C
330
1F
100
AcDbEntity
  8
Слой1
 62
     0
100
AcDbCircle
 10
1932.430112226884
 20
332.3925478660585
 30
0.0
 40
973.9957296746892
100
AcDbArc
 50
84.99018943502916
 51
86.54989282615884
  0
ARC
  5
20D
330
1F
100
AcDbEntity
  8
Слой1
 62
     0
100
AcDbCircle
 10
1986.219821595261
 20
1224.595984425829
 30
0.0
 40
80.17231028862351
100
AcDbArc
 50
86.54989282615881
 51
106.8891787557441
  0
ARC
  5
20E
330
1F
100
AcDbEntity
  8
Слой1
 62
     0
100
AcDbCircle
 10
1933.379045416009
 20
1375.417645593926
 30
0.0
 40
79.78117555391604
100
AcDbArc
 50
282.00304853437
 51
291.738781274373
  0
ARC
  5
20F
330
1F
100
AcDbEntity
  8
Слой1
 62
     0
100
AcDbCircle
 10
1930.5735254965
 20
1364.957129169092
 30
0.0
 40
70.30514355337771
100
AcDbArc
 50
260.1267815875036
 51
286.015589364996
  0
ARC
  5
210
330
1F
100
AcDbEntity
  8
Слой1
 62
     0
100
AcDbCircle
 10
1939.312359869135
 20
1371.393201970941
 30
0.0
 40
78.50397380514724
100
AcDbArc
 50
226.8559827026601
 51
254.6403081509974
  0
ARC
  5
211
330
1F
100
AcDbEntity
  8
Слой1
 62
     0
100
AcDbCircle
 10
1868.377107804327
 20
1295.706770455576
 30
0.0
 40
25.22763131608797
100
AcDbArc
 50
46.85598270266033
 51
81.60142742662392
  0
ARC
  5
212
330
1F
100
AcDbEntity
  8
Слой1
 62
     0
100
AcDbCircle
 10
1806.603047148337
 20
877.3015213730593
 30
0.0
 40
448.1685101983885
100
AcDbArc
 50
81.60142742662394
 51
82.88512158640806
  0
ARC
  5
213
330
1F
100
AcDbEntity
  8
Слой1
 62
     0
100
AcDbCircle
 10
1806.603047148312
 20
877.3015213728516
 30
0.0
 40
448.1685101985979
100
AcDbArc
 50
82.88512158640806
 51
84.13057718241331
  0
ARC
  5
214
330
1F
100
AcDbEntity
  8
Слой1
 62
     0
100
AcDbCircle
 10
1854.089603385748
 20
1332.106714880544
 30
0.0
 40
9.137520959257322
100
AcDbArc
 50
205.650428673251
 51
259.5579500631532
  0
ARC
  5
219
330
1F
100
AcDbEntity
  8
Слой1
 62
     0
100
AcDbCircle
 10
1823.354701841805
 20
1312.275208538387
 30
0.0
 40
27.5354923284521
100
AcDbArc
 50
35.2094600281684
 51
69.70852627620089
  0
ARC
  5
21A
330
1F
100
AcDbEntity
  8
Слой1
 62
     0
100
AcDbCircle
 10
1835.496141036327
 20
1353.611380666245
 30
0.0
 40
15.72465660185586
100
AcDbArc
 50
201.4794447860665
 51
260.5113728981269
  0
ARC
  5
21B
330
1F
100
AcDbEntity
  8
Слой1
 62
     0
100
AcDbCircle
 10
1745.532382661808
 20
1300.749014490716
 30
0.0
 40
88.84606770863902
100
AcDbArc
 50
32.01769449108001
 51
41.83193016020514
  0
ARC
  5
21C
330
1F
100
AcDbEntity
  8
Слой1
 62
     0
100
AcDbCircle
 10
1781.818652152357
 20
1354.146796495471
 30
0.0
 40
30.48150872430623
100
AcDbArc
 50
11.07998022603185
 51
56.07952204748231
  0
ARC
  5
21F
330
1F
100
AcDbEntity
  8
Слой1
 62
     0
100
AcDbCircle
 10
1787.889391261947
 20
1366.029697388092
 30
0.0
 40
17.30672192430889
100
AcDbArc
 50
50.79632916029617
 51
98.96689160090975
  0
ARC
  5
220
330
1F
100
AcDbEntity
  8
Слой1
 62
     0
100
AcDbCircle
 10
1753.451892138597
 20
1386.378898694721
 30
0.0
 40
31.90637334314559
100
AcDbArc
 50
354.1464754216367
 51
32.11434413479147
  0
ARC
  5
221
330
1F
100
AcDbEntity
  8
Слой1
 62
     0
100
AcDbCircle
 10
5017.013032906788
 20
4376.803622176216
 30
0.0
 40
4395.07137542214
100
AcDbArc
 50
222.1205140911226
 51
222.5742327896803
  0
ARC
  5
222
330
1F
100
AcDbEntity
  8
Слой1
 62
     0
100
AcDbCircle
 10
1880.250492043267
 20
1516.734671447572
 30
0.0
 40
151.2256126976961
100
AcDbArc
 50
202.4260289696941
 51
215.4321379597608
  0
ARC
  5
223
330
1F
100
AcDbEntity
  8
Слой1
 62
     0
100
AcDbCircle
 10
1705.312638358447
 20
1440.846686565022
 30
0.0
 40
39.58003167978819
100
AcDbArc
 50
27.37090063701513
 51
76.55910225511554
  0
ARC
  5
224
330
1F
100
AcDbEntity
  8
Слой1
 62
     0
100
AcDbCircle
 10
1670.904390094264
 20
1215.784172614736
 30
0.0
 40
267.1418080244438
100
AcDbArc
 50
80.60497278613221
 51
96.48551660894405
  0
ARC
  5
225
330
1F
100
AcDbEntity
  8
Слой1
 62
     0
100
AcDbCircle
 10
1647.092137954592
 20
1433.540250264148
 30
0.0
 40
48.0987414539105
100
AcDbArc
 50
97.60071792416693
 51
158.9880516881399
  0
ARC
  5
226
330
1F
100
AcDbEntity
  8
Слой1
 62
     0
100
AcDbCircle
 10
1536.094009033915
 20
1493.949303477038
 30
0.0
 40
78.94249230375757
100
AcDbArc
 50
290.494322861986
 51
326.8549428989831
  0
ARC
  5
227
330
1F
100
AcDbEntity
  8
Слой1
 62
     0
100
AcDbCircle
 10
1386.989382597079
 20
1802.018369365292
 30
0.0
 40
420.9201495686419
100
AcDbArc
 50
290.0881450751496
 51
294.8281501002813
  0
ARC
  5
228
330
1F
100
AcDbEntity
  8
Слой1
 62
     0
100
AcDbCircle
 10
1539.030598458939
 20
1394.368759594107
 30
0.0
 40
14.42128423375386
100
AcDbArc
 50
121.1958258900035
 51
247.7413599445125
  0
ARC
  5
229
330
1F
100
AcDbEntity
  8
Слой1
 62
     0
100
AcDbCircle
 10
1506.896694447209
 20
1347.161591000785
 30
0.0
 40
43.10327040752213
100
AcDbArc
 50
30.39947129539561
 51
51.77315505009007
  0
ARC
  5
22A
330
1F
100
AcDbEntity
  8
Слой1
 62
     0
100
AcDbCircle
 10
1654.481401062445
 20
1415.983117366167
 30
0.0
 40
119.9989041551089
100
AcDbArc
 50
203.0637388458817
 51
221.8911957551593
  0
ARC
  5
22B
330
1F
100
AcDbEntity
  8
Слой1
 62
     0
100
AcDbCircle
 10
1600.960662304209
 20
1351.839829102813
 30
0.0
 40
39.2129147380994
100
AcDbArc
 50
204.0525224112468
 51
263.320139878708
  0
ARC
  5
22C
330
1F
100
AcDbEntity
  8
Слой1
 62
     0
100
AcDbCircle
 10
1601.36908677556
 20
1371.626426658273
 30
0.0
 40
58.943201941718
100
AcDbArc
 50
265.1634243369614
 51
280.4416635657585
  0
ARC
  5
22E
330
1F
100
AcDbEntity
  8
Слой1
 62
     0
100
AcDbCircle
 10
1615.022900071136
 20
1302.627175314833
 30
0.0
 40
11.42527461465932
100
AcDbArc
 50
339.6010435511627
 51
105.0737542714551
  0
ARC
  5
231
330
1F
100
AcDbEntity
  8
Слой1
 62
     0
100
AcDbCircle
 10
1588.509440917013
 20
1304.984849665995
 30
0.0
 40
37.75831794390699
100
AcDbArc
 50
324.7228042304725
 51
350.3336580737465
  0
ARC
  5
232
330
1F
100
AcDbEntity
  8
Слой1
 62
     0
100
AcDbCircle
 10
1641.588907105567
 20
1265.138364712429
 30
0.0
 40
28.6480593727996
100
AcDbArc
 50
140.9716552004852
 51
171.3557259425308
  0
ARC
  5
233
330
1F
100
AcDbEntity
  8
Слой1
 62
     0
100
AcDbCircle
 10
1599.489075707718
 20
1270.157883633304
 30
0.0
 40
13.79567392944166
100
AcDbArc
 50
310.3462982119443
 51
357.034415106277
  0
ARC
  5
234
330
1F
100
AcDbEntity
  8
Слой1
 62
     0
100
AcDbCircle
 10
1623.849492125493
 20
1246.805004625928
 30
0.0
 40
20.07195565918966
100
AcDbArc
 50
140.2359726856738
 51
184.1327306018745
  0
ARC
  5
235
330
1F
100
AcDbEntity
  8
Слой1
 62
     0
100
AcDbCircle
 10
1631.210372439555
 20
1247.336865819463
 30
0.0
 40
27.45202580297136
100
AcDbArc
 50
184.1327306018745
 51
218.5459105109908
  0
ARC
  5
236
330
1F
100
AcDbEntity
  8
Слой1
 62
     0
100
AcDbCircle
 10
1626.513100646971
 20
1247.967207463177
 30
0.0
 40
24.41179916920459
100
AcDbArc
 50
226.5994675360141
 51
245.361620939221
  0
ARC
  5
237
330
1F
100
AcDbEntity
  8
Слой1
 62
     0
100
AcDbCircle
 10
1626.564011696532
 20
1245.116770250014
 30
0.0
 40
21.87696244822472
100
AcDbArc
 50
242.1264997078963
 51
261.2140543745793
  0
ARC
  5
239
330
1F
100
AcDbEntity
  8
Слой1
 62
     0
100
AcDbCircle
 10
1630.438670071316
 20
1244.90798660206
 30
0.0
 40
22.59479953499105
100
AcDbArc
 50
251.3748510503079
 51
301.6672730773913
  0
ARC
  5
23A
330
1F
100
AcDbEntity
  8
Слой1
 62
     0
100
AcDbCircle
 10
1646.217811358155
 20
1222.651882680437
 30
0.0
 40
4.949504310586017
100
AcDbArc
 50
349.9766120308456
 51
142.3195563244663
  0
ARC
  5
23B
330
1F
100
AcDbEntity
  8
Слой1
 62
     0
100
AcDbCircle
 10
1764.426083734027
 20
1229.382464919771
 30
0.0
 40
113.5883168691776
100
AcDbArc
 50
183.8324066714985
 51
209.7539830908313
  0
ARC
  5
23C
330
1F
100
AcDbEntity
  8
Слой1
 62
     0
100
AcDbCircle
 10
1855.425534036883
 20
1300.474491730092
 30
0.0
 40
228.4729561130014
100
AcDbArc
 50
213.9101542070766
 51
236.4499400423977
  0
ARC
  5
23D
330
1F
100
AcDbEntity
  8
Слой1
 62
     0
100
AcDbCircle
 10
1766.087564653073
 20
1110.15651490087
 30
0.0
 40
36.93123175552182
100
AcDbArc
 50
180.1429353802031
 51
204.7670134092772
  0
ARC
  5
23E
330
1F
100
AcDbEntity
  8
Слой1
 62
     0
100
AcDbCircle
 10
1637.251041163865
 20
1073.522786102532
 30
0.0
 40
97.62355920026536
100
AcDbArc
 50
351.1210428504586
 51
12.51956544948588
  0
ARC
  5
23F
330
1F
100
AcDbEntity
  8
Слой1
 62
     0
100
AcDbCircle
 10
1720.947253494898
 20
1067.225091329968
 30
0.0
 40
15.48130917403068
100
AcDbArc
 50
253.0476628895264
 51
325.4930369192957
  0
ARC
  5
240
330
1F
100
AcDbEntity
  8
Слой1
 62
     0
100
AcDbCircle
 10
1713.588409000482
 20
1041.504529272151
 30
0.0
 40
11.27669986557298
100
AcDbArc
 50
75.38763706445145
 51
193.3430938894563
  0
ARC
  5
241
330
1F
100
AcDbEntity
  8
Слой1
 62
     0
100
AcDbCircle
 10
1697.388876546721
 20
1035.046061888192
 30
0.0
 40
6.495604301717411
100
AcDbArc
 50
270.4039388847883
 51
36.41532134091559
  0
ARC
  5
243
330
1F
100
AcDbEntity
  8
Слой1
 62
     0
100
AcDbCircle
 10
2331.122805674683
 20
1514.858765043906
 30
0.0
 40
5.885370422379292
100
AcDbArc
 50
25.99111617376365
 51
116.958575615724
  0
ARC
  5
244
330
1F
100
AcDbEntity
  8
Слой1
 62
     0
100
AcDbCircle
 10
2288.464644814106
 20
1498.881468260103
 30
0.0
 40
51.41382219001044
100
AcDbArc
 50
352.9884619129846
 51
21.15691796416853
  0
ARC
  5
245
330
1F
100
AcDbEntity
  8
Слой1
 62
     0
100
AcDbCircle
 10
2713.329127113935
 20
1396.381027193099
 30
0.0
 40
386.020539064933
100
AcDbArc
 50
165.5655193518227
 51
169.2997920264387
  0
ARC
  5
246
330
1F
100
AcDbEntity
  8
Слой1
 62
     0
100
AcDbCircle
 10
2581.478164360412
 20
1373.316807558995
 30
0.0
 40
264.9721878412629
100
AcDbArc
 50
159.0511360597882
 51
166.1244663451426
  0
ARC
  5
247
330
1F
100
AcDbEntity
  8
Слой1
 62
     0
100
AcDbCircle
 10
1975.314953907251
 20
1539.146705083935
 30
0.0
 40
363.6066703820401
100
AcDbArc
 50
337.4578986532028
 51
343.6616284200602
  0
ARC
  5
248
330
1F
100
AcDbEntity
  8
Слой1
 62
     0
100
AcDbCircle
 10
1408.214656793621
 20
1838.619052202086
 30
0.0
 40
1003.932021846536
100
AcDbArc
 50
331.3293903453678
 51
334.0780401490917
  0
ARC
  5
249
330
1F
100
AcDbEntity
  8
Слой1
 62
     0
100
AcDbCircle
 10
2454.276867310713
 20
1244.690455245755
 30
0.0
 40
199.7544978481457
100
AcDbArc
 50
145.8034889652801
 51
154.0388350904496
  0
ARC
  5
24A
330
1F
100
AcDbEntity
  8
Слой1
 62
     0
100
AcDbCircle
 10
2138.797470368982
 20
1433.284723604928
 30
0.0
 40
169.3962655060141
100
AcDbArc
 50
308.0944989332959
 51
323.3363120661431
  0
ARC
  5
24C
330
1F
100
AcDbEntity
  8
Слой1
 62
     0
100
AcDbCircle
 10
2244.809138557975
 20
1295.304000175467
 30
0.0
 40
4.902247419690096
100
AcDbArc
 50
107.8282409278517
 51
216.1718193630834
  0
ARC
  5
24D
330
1F
100
AcDbEntity
  8
Слой1
 62
     0
100
AcDbCircle
 10
2189.899871244336
 20
1252.392717840019
 30
0.0
 40
64.7883755689898
100
AcDbArc
 50
13.24569476482395
 51
38.14629391340396
  0
ARC
  5
24E
330
1F
100
AcDbEntity
  8
Слой1
 62
     0
100
AcDbCircle
 10
2346.258409597276
 20
1289.197866333039
 30
0.0
 40
95.84353742298393
100
AcDbArc
 50
193.2456947648239
 51
209.6339393632105
  0
ARC
  5
24F
330
1F
100
AcDbEntity
  8
Слой1
 62
     0
100
AcDbCircle
 10
2176.674757594307
 20
1192.728027896695
 30
0.0
 40
99.25911441598719
100
AcDbArc
 50
16.04974838411478
 51
29.63393936321051
  0
ARC
  5
250
330
1F
100
AcDbEntity
  8
Слой1
 62
     0
100
AcDbCircle
 10
2354.594544793815
 20
1250.267896686878
 30
0.0
 40
87.84642413675696
100
AcDbArc
 50
200.0362821419178
 51
211.187597435913
  0
ARC
  5
25D
330
1F
100
AcDbEntity
  8
Слой1
 62
     0
100
AcDbCircle
 10
1646.415455034321
 20
1442.174565696044
 30
0.0
 40
33.48286405353334
100
AcDbArc
 50
67.72399904276659
 51
129.3791952202974
  0
ARC
  5
25E
330
1F
100
AcDbEntity
  8
Слой1
 62
     0
100
AcDbCircle
 10
1666.424556715166
 20
1417.797044774606
 30
0.0
 40
65.02058236589033
100
AcDbArc
 50
129.3791952202989
 51
148.3695957999315
  0
ARC
  5
25F
330
1F
100
AcDbEntity
  8
Слой1
 62
     0
100
AcDbCircle
 10
1763.524067882909
 20
1346.175755808511
 30
0.0
 40
185.5296520759889
100
AcDbArc
 50
145.2615608359739
 51
151.9888886504639
  0
ARC
  5
261
330
1F
100
AcDbEntity
  8
Слой1
 62
     0
100
AcDbCircle
 10
1587.767022670479
 20
1437.130409391542
 30
0.0
 40
12.55677749594786
100
AcDbArc
 50
286.4851204559363
 51
342.2793273816322
  0
ARC
  5
262
330
1F
100
AcDbEntity
  8
Слой1
 62
     0
100
AcDbCircle
 10
1611.232918949556
 20
1357.835257323828
 30
0.0
 40
70.13765659500126
100
AcDbArc
 50
106.4851204559362
 51
125.5643495054437
  0
ARC
  5
263
330
1F
100
AcDbEntity
  8
Слой1
 62
     0
100
AcDbCircle
 10
1540.086821068062
 20
1457.341825472011
 30
0.0
 40
52.18701118869669
100
AcDbArc
 50
290.7862866576072
 51
305.5643495054436
  0
ARC
  5
264
330
1F
100
AcDbEntity
  8
Слой1
 62
     0
100
AcDbCircle
 10
1562.483364237481
 20
1398.339973414559
 30
0.0
 40
10.92260529048243
100
AcDbArc
 50
110.7862866576069
 51
183.0442650223466
  0
ARC
  5
265
330
1F
100
AcDbEntity
  8
Слой1
 62
     0
100
AcDbCircle
 10
1554.698661146634
 20
1397.925963418213
 30
0.0
 40
3.126900929122846
100
AcDbArc
 50
183.044265022347
 51
259.8657847720868
  0
ARC
  5
266
330
1F
100
AcDbEntity
  8
Слой1
 62
     0
100
AcDbCircle
 10
1556.735384302122
 20
1409.320645177037
 30
0.0
 40
14.70217689114566
100
AcDbArc
 50
259.8657847720865
 51
288.2964579544295
  0
ARC
  5
267
330
1F
100
AcDbEntity
  8
Слой1
 62
     0
100
AcDbCircle
 10
1561.794283918726
 20
1394.0207731564
 30
0.0
 40
1.41236775581068
100
AcDbArc
 50
321.1528334345896
 51
108.29645795443
  0
ARC
  5
268
330
1F
100
AcDbEntity
  8
Слой1
 62
     0
100
AcDbCircle
 10
1529.020965244039
 20
1417.892077205718
 30
0.0
 40
41.95616466602643
100
AcDbArc
 50
307.9163150492444
 51
323.8378029806552
  0
ARC
  5
269
330
1F
100
AcDbEntity
  8
Слой1
 62
     0
100
AcDbCircle
 10
1559.457501803211
 20
1377.481732421202
 30
0.0
 40
8.666443050291473
100
AcDbArc
 50
122.4810546600474
 51
176.336732136785
  0
ARC
  5
26D
330
1F
100
AcDbEntity
  8
Слой1
 62
     0
100
AcDbCircle
 10
1651.962130045196
 20
1429.789858936239
 30
0.0
 40
46.71151237518213
100
AcDbArc
 50
81.96775307352899
 51
124.9958843456582
  0
ARC
  5
26E
330
1F
100
AcDbEntity
  8
Слой1
 62
     0
100
AcDbCircle
 10
1658.66592500401
 20
1471.167555983488
 30
0.0
 40
4.878759602161911
100
AcDbArc
 50
265.7737712158392
 51
92.07649685524726
  0
ARC
  5
26F
330
1F
100
AcDbEntity
  8
Слой1
 62
     0
100
AcDbCircle
 10
1657.782794724297
 20
1418.165686842441
 30
0.0
 40
48.13922317105727
100
AcDbArc
 50
89.37680409051877
 51
120.0757195166161
  0
ARC
  5
270
330
1F
100
AcDbEntity
  8
Слой1
 62
     0
100
AcDbCircle
 10
1642.554700046165
 20
1444.461205271403
 30
0.0
 40
17.75256233157049
100
AcDbArc
 50
120.0757195166156
 51
161.1813073590336
  0
ARC
  5
271
330
1F
100
AcDbEntity
  8
Слой1
 62
     0
100
AcDbCircle
 10
1523.072796528937
 20
1493.285365112434
 30
0.0
 40
111.3563818211936
100
AcDbArc
 50
326.8894573146907
 51
337.2305256062069
  0
ARC
  5
272
330
1F
100
AcDbEntity
  8
Слой1
 62
     0
100
AcDbCircle
 10
1596.828254627298
 20
1447.03936066659
 30
0.0
 40
24.36484054608698
100
AcDbArc
 50
297.9265640901958
 51
323.2352818350272
  0
ARC
  5
273
330
1F
100
AcDbEntity
  8
Слой1
 62
     0
100
AcDbCircle
 10
1623.593686456984
 20
1391.543568718585
 30
0.0
 40
37.27735922532505
100
AcDbArc
 50
114.3240269070186
 51
131.1682642542288
  0
ARC
  5
274
330
1F
100
AcDbEntity
  8
Слой1
 62
     0
100
AcDbCircle
 10
1603.361542890622
 20
1415.780858425421
 30
0.0
 40
5.759492348881118
100
AcDbArc
 50
138.3937565211649
 51
228.5351494024014
  0
ARC
  5
275
330
1F
100
AcDbEntity
  8
Слой1
 62
     0
100
AcDbCircle
 10
1588.457629084367
 20
1400.99891976348
 30
0.0
 40
15.24892397963868
100
AcDbArc
 50
8.644183634365836
 51
43.34132478847936
  0
ARC
  5
276
330
1F
100
AcDbEntity
  8
Слой1
 62
     0
100
AcDbCircle
 10
1613.356845594811
 20
1406.034802417069
 30
0.0
 40
10.19955261514894
100
AcDbArc
 50
195.6066571185172
 51
220.1670387379382
  0
ARC
  5
277
330
1F
100
AcDbEntity
  8
Слой1
 62
     0
100
AcDbCircle
 10
1607.199074119162
 20
1401.796521949659
 30
0.0
 40
2.855917551055015
100
AcDbArc
 50
235.0414947435058
 51
347.1257638727565
  0
ARC
  5
278
330
1F
100
AcDbEntity
  8
Слой1
 62
     0
100
AcDbCircle
 10
1616.77525867439
 20
1398.295626020249
 30
0.0
 40
7.37141861748998
100
AcDbArc
 50
112.3885084956982
 51
157.1323266519847
  0
ARC
  5
279
330
1F
100
AcDbEntity
  8
Слой1
 62
     0
100
AcDbCircle
 10
1617.854915539157
 20
1395.67469021794
 30
0.0
 40
10.20601972266638
100
AcDbArc
 50
50.70729005799041
 51
112.3885084956982
  0
ARC
  5
27A
330
1F
100
AcDbEntity
  8
Слой1
 62
     0
100
AcDbCircle
 10
1457.875052943391
 20
1200.166745437031
 30
0.0
 40
262.8261157336819
100
AcDbArc
 50
49.10471755447498
 51
50.7072900579904
  0
ARC
  5
27B
330
1F
100
AcDbEntity
  8
Слой1
 62
     0
100
AcDbCircle
 10
1632.808486033553
 20
1402.149026562097
 30
0.0
 40
4.378951398652315
100
AcDbArc
 50
229.1047175544751
 51
267.0178964893079
  0
ARC
  5
27C
330
1F
100
AcDbEntity
  8
Слой1
 62
     0
100
AcDbCircle
 10
1632.333391519276
 20
1393.029180111955
 30
0.0
 40
4.75326159008506
100
AcDbArc
 50
34.7006000505263
 51
87.01789648930901
  0
ARC
  5
27D
330
1F
100
AcDbEntity
  8
Слой1
 62
     0
100
AcDbCircle
 10
1631.658369693604
 20
1391.294668956372
 30
0.0
 40
6.381263140521741
100
AcDbArc
 50
269.24258706821
 51
44.09604788528271
  0
ARC
  5
280
330
1F
100
AcDbEntity
  8
Слой1
 62
     0
100
AcDbCircle
 10
1628.955265933382
 20
1379.415482208658
 30
0.0
 40
6.090250163799533
100
AcDbArc
 50
64.53303903387404
 51
137.3261223139427
  0
ARC
  5
281
330
1F
100
AcDbEntity
  8
Слой1
 62
     0
100
AcDbCircle
 10
1621.133992550648
 20
1390.95255272792
 30
0.0
 40
8.128470999051582
100
AcDbArc
 50
244.7408005463759
 51
294.2891308154707
  0
ARC
  5
282
330
1F
100
AcDbEntity
  8
Слой1
 62
     0
100
AcDbCircle
 10
1614.689179403967
 20
1380.188629129193
 30
0.0
 40
4.528176415660694
100
AcDbArc
 50
48.90721878852925
 51
199.3299784761228
  0
ARC
  5
283
330
1F
100
AcDbEntity
  8
Слой1
 62
     0
100
AcDbCircle
 10
1604.762401794453
 20
1377.464384612696
 30
0.0
 40
5.785130741857623
100
AcDbArc
 50
294.3481578637896
 51
12.22877439398445
  0
ARC
  5
284
330
1F
100
AcDbEntity
  8
Слой1
 62
     0
100
AcDbCircle
 10
1610.907325006374
 20
1367.214274242523
 30
0.0
 40
6.239550208893184
100
AcDbArc
 50
127.0548990514346
 51
314.4099759887189
  0
ARC
  5
285
330
1F
100
AcDbEntity
  8
Слой1
 62
     0
100
AcDbCircle
 10
1617.662395672013
 20
1359.608212770676
 30
0.0
 40
3.952352182870133
100
AcDbArc
 50
25.18149410015436
 51
127.1840106930155
  0
ARC
  5
286
330
1F
100
AcDbEntity
  8
Слой1
 62
     0
100
AcDbCircle
 10
1625.214041877239
 20
1363.569864610709
 30
0.0
 40
4.582377930340471
100
AcDbArc
 50
209.8382595875389
 51
332.0329706100376
  0
ARC
  5
287
330
1F
100
AcDbEntity
  8
Слой1
 62
     0
100
AcDbCircle
 10
1630.613861412739
 20
1360.494940666702
 30
0.0
 40
1.639169066685702
100
AcDbArc
 50
23.56651464054662
 51
145.6050838462672
  0
ARC
  5
288
330
1F
100
AcDbEntity
  8
Слой1
 62
     0
100
AcDbCircle
 10
1641.953391928563
 20
1363.482792936036
 30
0.0
 40
10.10982358615845
100
AcDbArc
 50
193.3391852184396
 51
304.8516100870076
  0
ARC
  5
289
330
1F
100
AcDbEntity
  8
Слой1
 62
     0
100
AcDbCircle
 10
1649.866900884709
 20
1350.628444056484
 30
0.0
 40
5.033653541334072
100
AcDbArc
 50
18.36176529300648
 51
115.1119041302185
  0
ARC
  5
28A
330
1F
100
AcDbEntity
  8
Слой1
 62
     0
100
AcDbCircle
 10
1835.77328005646
 20
1452.667817708617
 30
0.0
 40
207.119920942704
100
AcDbArc
 50
209.012640628407
 51
215.7584852866722
  0
ARC
  5
28B
330
1F
100
AcDbEntity
  8
Слой1
 62
     0
100
AcDbCircle
 10
1664.27386083018
 20
1327.287053494889
 30
0.0
 40
5.532990827203396
100
AcDbArc
 50
301.9540193078587
 51
51.76632227686329
  0
ARC
  5
28C
330
1F
100
AcDbEntity
  8
Слой1
 62
     0
100
AcDbCircle
 10
1671.144207820371
 20
1319.009193263502
 30
0.0
 40
5.327265169790709
100
AcDbArc
 50
137.7297985351756
 51
238.3718623363354
  0
ARC
  5
28D
330
1F
100
AcDbEntity
  8
Слой1
 62
     0
100
AcDbCircle
 10
1662.802381510384
 20
1308.653177989837
 30
0.0
 40
8.040827480211499
100
AcDbArc
 50
211.2371240496294
 51
46.36973817374707
  0
ARC
  5
28E
330
1F
100
AcDbEntity
  8
Слой1
 62
     0
100
AcDbCircle
 10
1666.376885464584
 20
1313.424083470865
 30
0.0
 40
13.75251153831508
100
AcDbArc
 50
181.7817180478503
 51
220.5503430371265
  0
ARC
  5
28F
330
1F
100
AcDbEntity
  8
Слой1
 62
     0
100
AcDbCircle
 10
1649.07510340661
 20
1313.294759433293
 30
0.0
 40
3.568406644518471
100
AcDbArc
 50
355.205313932056
 51
186.031368934111
  0
ARC
  5
290
330
1F
100
AcDbEntity
  8
Слой1
 62
     0
100
AcDbCircle
 10
1640.809424942149
 20
1314.152943317249
 30
0.0
 40
4.875543415750733
100
AcDbArc
 50
194.274240393148
 51
345.3495760581771
  0
ARC
  5
291
330
1F
100
AcDbEntity
  8
Слой1
 62
     0
100
AcDbCircle
 10
1559.637729257061
 20
1274.038303610435
 30
0.0
 40
85.7804041669469
100
AcDbArc
 50
26.97677920628024
 51
34.44425404642007
  0
ARC
  5
292
330
1F
100
AcDbEntity
  8
Слой1
 62
     0
100
AcDbCircle
 10
1623.942786183556
 20
1317.128474400915
 30
0.0
 40
8.419114655551064
100
AcDbArc
 50
40.14120358538482
 51
134.1600545547889
  0
ARC
  5
293
330
1F
100
AcDbEntity
  8
Слой1
 62
     0
100
AcDbCircle
 10
1608.861077286906
 20
1344.456101588213
 30
0.0
 40
23.19723849279063
100
AcDbArc
 50
249.8467541082211
 51
293.409880226267
  0
ARC
  5
294
330
1F
100
AcDbEntity
  8
Слой1
 62
     0
100
AcDbCircle
 10
1612.103790898606
 20
1361.703396788135
 30
0.0
 40
40.60932057871244
100
AcDbArc
 50
231.7261316288607
 51
253.9391301579295
  0
ARC
  5
295
330
1F
100
AcDbEntity
  8
Слой1
 62
     0
100
AcDbCircle
 10
1546.545543899851
 20
1278.614374127339
 30
0.0
 40
65.22861891500659
100
AcDbArc
 50
51.72613162886054
 51
58.16635461110115
  0
ARC
  5
296
330
1F
100
AcDbEntity
  8
Слой1
 62
     0
100
AcDbCircle
 10
1607.67563694379
 20
1377.077969852024
 30
0.0
 40
50.66774840767915
100
AcDbArc
 50
220.409865699744
 51
238.1663546111012
  0
ARC
  5
297
330
1F
100
AcDbEntity
  8
Слой1
 62
     0
100
AcDbCircle
 10
1783.942916685499
 20
1527.145526319651
 30
0.0
 40
282.1638075786857
100
AcDbArc
 50
216.523461399391
 51
220.4098656997441
  0
ARC
  5
298
330
1F
100
AcDbEntity
  8
Слой1
 62
     0
100
AcDbCircle
 10
1578.93514700203
 20
1377.082812417016
 30
0.0
 40
28.14250919945575
100
AcDbArc
 50
178.0601324986733
 51
219.4123913533072
  0
CIRCLE
  5
299
330
1F
100
AcDbEntity
  8
Слой1
 62
     0
100
AcDbCircle
 10
1647.98974985598
 20
1425.321488573974
 30
0.0
 40
3.433990963205863
  0
ARC
  5
29A
330
1F
100
AcDbEntity
  8
Слой1
 62
     0
100
AcDbCircle
 10
1649.444895869113
 20
1411.175233804833
 30
0.0
 40
24.61261720056659
100
AcDbArc
 50
111.796859058232
 51
140.0628034279066
  0
ARC
  5
29B
330
1F
100
AcDbEntity
  8
Слой1
 62
     0
100
AcDbCircle
 10
1635.384090464769
 20
1422.65038808711
 30
0.0
 40
6.469077846387002
100
AcDbArc
 50
138.0453101691891
 51
244.7469139548676
  0
ARC
  5
29C
330
1F
100
AcDbEntity
  8
Слой1
 62
     0
100
AcDbCircle
 10
1619.948270269762
 20
1389.926334778893
 30
0.0
 40
29.71279897076536
100
AcDbArc
 50
44.19087300978818
 51
64.74691395486752
  0
ARC
  5
29D
330
1F
100
AcDbEntity
  8
Слой1
 62
     0
100
AcDbCircle
 10
1649.692583517004
 20
1418.842198043922
 30
0.0
 40
11.77034602707521
100
AcDbArc
 50
224.1908730097879
 51
286.4555766404032
  0
ARC
  5
29E
330
1F
100
AcDbEntity
  8
Слой1
 62
     0
100
AcDbCircle
 10
1670.015924970094
 20
1350.03589036124
 30
0.0
 40
59.97466205531891
100
AcDbArc
 50
94.33527678794247
 51
106.4555766404031
  0
ARC
  5
29F
330
1F
100
AcDbEntity
  8
Слой1
 62
     0
100
AcDbCircle
 10
1665.35752920273
 20
1411.484529914503
 30
0.0
 40
1.650300046675885
100
AcDbArc
 50
274.3352767879417
 51
17.17444333777583
  0
ARC
  5
2A0
330
1F
100
AcDbEntity
  8
Слой1
 62
     0
100
AcDbCircle
 10
1554.529845595653
 20
1377.231794895868
 30
0.0
 40
117.6504091413109
100
AcDbArc
 50
17.17444333777583
 51
21.22285810561203
  0
ARC
  5
2A1
330
1F
100
AcDbEntity
  8
Слой1
 62
     0
100
AcDbCircle
 10
1662.719978564588
 20
1419.24564556354
 30
0.0
 40
1.588923196311132
100
AcDbArc
 50
21.22285810560885
 51
107.7061647444625
  0
ARC
  5
2A2
330
1F
100
AcDbEntity
  8
Слой1
 62
     0
100
AcDbCircle
 10
1666.172807343448
 20
1408.430520886616
 30
0.0
 40
12.94185005917531
100
AcDbArc
 50
107.7061647444624
 51
122.8005681995241
  0
ARC
  5
2A3
330
1F
100
AcDbEntity
  8
Слой1
 62
     0
100
AcDbCircle
 10
1651.146902306103
 20
1431.745653738032
 30
0.0
 40
14.79572809881229
100
AcDbArc
 50
277.9111743438801
 51
302.8005681995236
  0
ARC
  5
2A4
330
1F
100
AcDbEntity
  8
Слой1
 62
     0
100
AcDbCircle
 10
1652.542551010227
 20
1421.702143897303
 30
0.0
 40
4.655712062033844
100
AcDbArc
 50
232.0836624829281
 51
277.9111743438806
  0
ARC
  5
2A5
330
1F
100
AcDbEntity
  8
Слой1
 62
     0
100
AcDbCircle
 10
1648.081345882291
 20
1415.974843470836
 30
0.0
 40
2.604062133389459
100
AcDbArc
 50
52.08366248292936
 51
107.6887412230549
  0
ARC
  5
2A6
330
1F
100
AcDbEntity
  8
Слой1
 62
     0
100
AcDbCircle
 10
1645.961201883815
 20
1422.622642404905
 30
0.0
 40
4.373633850391849
100
AcDbArc
 50
189.9305215284742
 51
287.6887412230548
  0
ARC
  5
2A7
330
1F
100
AcDbEntity
  8
Слой1
 62
     0
100
AcDbCircle
 10
1646.342701945515
 20
1423.557508092051
 30
0.0
 40
4.984528031538601
100
AcDbArc
 50
157.7468173386077
 51
199.8081489533277
  0
ARC
  5
2A8
330
1F
100
AcDbEntity
  8
Слой1
 62
     0
100
AcDbCircle
 10
1636.932633156745
 20
1429.0591273872
 30
0.0
 40
6.005834176425514
100
AcDbArc
 50
323.0050509083044
 51
55.82996662061755
  0
ARC
  5
2A9
330
1F
100
AcDbEntity
  8
Слой1
 62
     0
100
AcDbCircle
 10
1648.442086813452
 20
1284.102934411159
 30
0.0
 40
3.267610954690763
100
AcDbArc
 50
336.3335712265111
 51
172.0945288906171
  0
ARC
  5
2AA
330
1F
100
AcDbEntity
  8
Слой1
 62
     0
100
AcDbCircle
 10
1636.339529178288
 20
1285.783480988246
 30
0.0
 40
8.951068929414581
100
AcDbArc
 50
297.7272901326358
 51
352.0945288906178
  0
ARC
  5
2AB
330
1F
100
AcDbEntity
  8
Слой1
 62
     0
100
AcDbCircle
 10
1642.483707103863
 20
1274.094077964486
 30
0.0
 40
4.254727730878908
100
AcDbArc
 50
117.7272901326346
 51
171.9446019840459
  0
ARC
  5
2AC
330
1F
100
AcDbEntity
  8
Слой1
 62
     0
100
AcDbCircle
 10
1675.010220102891
 20
1269.490699971305
 30
0.0
 40
37.10537668678214
100
AcDbArc
 50
171.9446019840462
 51
205.2295186361955
  0
ARC
  5
2AD
330
1F
100
AcDbEntity
  8
Слой1
 62
     0
100
AcDbCircle
 10
1644.356547468303
 20
1255.046882182417
 30
0.0
 40
3.2192214267486
100
AcDbArc
 50
205.229518636196
 51
337.0595831526756
  0
ARC
  5
2AE
330
1F
100
AcDbEntity
  8
Слой1
 62
     0
100
AcDbCircle
 10
1607.914231525482
 20
1270.471021819497
 30
0.0
 40
42.79126300689065
100
AcDbArc
 50
337.0595831526756
 51
356.2146089142617
  0
LINE
  5
2B4
330
1F
100
AcDbEntity
  8
Слой1
 62
     0
100
AcDbLine
 10
2286.539797697727
 20
973.3552392847174
 30
0.0
 11
1306.737843421198
 21
973.3552392847171
 31
0.0
  0
ARC
  5
2BB
330
1F
100
AcDbEntity
  8
Слой1
 62
     0
100
AcDbCircle
 10
2259.625245411003
 20
1195.660129948974
 30
0.0
 40
21.81528760479524
100
AcDbArc
 50
345.1715248085031
 51
24.70382298872886
  0
ARC
  5
2BC
330
1F
100
AcDbEntity
  8
Слой1
 62
     0
100
AcDbCircle
 10
2343.699859475033
 20
1173.401952130741
 30
0.0
 40
65.15578350395748
100
AcDbArc
 50
165.1715248085031
 51
192.3894651656171
  0
ARC
  5
2BD
330
1F
100
AcDbEntity
  8
Слой1
 62
     0
100
AcDbCircle
 10
2356.949858769126
 20
1178.160900702216
 30
0.0
 40
79.13886596963727
100
AcDbArc
 50
193.6965676400985
 51
213.4579453345318
  0
ARC
  5
2BE
330
1F
100
AcDbEntity
  8
Слой1
 62
     0
100
AcDbCircle
 10
2272.398907909654
 20
1122.287051487648
 30
0.0
 40
22.20584438711083
100
AcDbArc
 50
2.766181151289703
 51
33.4579453345316
  0
ARC
  5
2BF
330
1F
100
AcDbEntity
  8
Слой1
 62
     0
100
AcDbCircle
 10
946.9550101021068
 20
-188.00364154721
 30
0.0
 40
1880.362014929061
100
AcDbArc
 50
42.88882262017867
 51
44.21868604389273
  0
ARC
  5
2C0
330
1F
100
AcDbEntity
  8
Слой1
 62
     0
100
AcDbCircle
 10
2313.894835802421
 20
1081.73838500723
 30
0.0
 40
14.68002137169656
100
AcDbArc
 50
325.6894328274258
 51
42.88882262017915
  0
ARC
  5
2C1
330
1F
100
AcDbEntity
  8
Слой1
 62
     0
100
AcDbCircle
 10
2282.301450112571
 20
1103.298470835633
 30
0.0
 40
52.92893403958487
100
AcDbArc
 50
302.1927112660403
 51
325.6894328274256
  0
LINE
  5
2C2
330
1F
100
AcDbEntity
  8
Слой1
 62
     0
100
AcDbLine
 10
2271.749389303477
 20
995.3680486779049
 30
0.0
 11
2240.02738352047
 21
995.3680486779072
 31
0.0
  0
ARC
  5
2C3
330
1F
100
AcDbEntity
  8
Слой1
 62
     0
100
AcDbCircle
 10
2362.776726538777
 20
1028.814858896872
 30
0.0
 40
60.12014916564249
100
AcDbArc
 50
150.4043147169634
 51
171.3832007345426
  0
ARC
  5
2C4
330
1F
100
AcDbEntity
  8
Слой1
 62
     0
100
AcDbCircle
 10
2309.48674841888
 20
1036.890193191078
 30
0.0
 40
6.221793049872964
100
AcDbArc
 50
171.3832007345426
 51
270.3686038170799
  0
ARC
  5
2C7
330
1F
100
AcDbEntity
  8
Слой1
 62
     0
100
AcDbCircle
 10
2378.766231400621
 20
-894.7417895744093
 30
0.0
 40
1946.137226282826
100
AcDbArc
 50
88.05581123888464
 51
91.29315305028873
  0
ARC
  5
2C8
330
1F
100
AcDbEntity
  8
Слой1
 62
     0
100
AcDbCircle
 10
2034.856744993245
 20
1227.657483804113
 30
0.0
 40
453.5188914365021
100
AcDbArc
 50
327.5785452028131
 51
336.0069358251643
  0
ARC
  5
2C9
330
1F
100
AcDbEntity
  8
Слой1
 62
     0
100
AcDbCircle
 10
2521.507764075572
 20
993.7883567891976
 30
0.0
 40
104.237448781855
100
AcDbArc
 50
185.1086651117372
 51
223.4387432434654
  0
LINE
  5
2CA
330
1F
100
AcDbEntity
  8
Слой1
 62
     0
100
AcDbLine
 10
2442.221373361043
 20
913.6791203940106
 30
0.0
 11
2331.70412716035
 21
912.9717489373877
 31
0.0
  0
LINE
  5
2CB
330
1F
100
AcDbEntity
  8
Слой1
 62
     0
100
AcDbLine
 10
2327.495559907831
 20
915.2227733732146
 30
0.0
 11
2290.716362842344
 21
971.1041124343505
 31
0.0
  0
ARC
  5
2CC
330
1F
100
AcDbEntity
  8
Слой1
 62
     0
100
AcDbCircle
 10
1150.774734820307
 20
1231.675257378646
 30
0.0
 40
240.5827583006332
100
AcDbArc
 50
270.253289524731
 51
311.1927112346658
  0
ARC
  5
2CE
330
1F
100
AcDbEntity
  8
Слой1
 62
     0
100
AcDbCircle
 10
1428.342296937387
 20
988.9854652582569
 30
0.0
 40
128.3420015189073
100
AcDbArc
 50
153.114476459551
 51
174.7049403190723
  0
ARC
  5
2CF
330
1F
100
AcDbEntity
  8
Слой1
 62
     0
100
AcDbCircle
 10
1659.987427584672
 20
1281.141984996739
 30
0.0
 40
8.710117964701616
100
AcDbArc
 50
169.0849258122789
 51
202.148892557977
  0
ARC
  5
2D0
330
1F
100
AcDbEntity
  8
Слой1
 62
     0
100
AcDbCircle
 10
1647.310650606535
 20
1275.98187410097
 30
0.0
 40
4.976642755427695
100
AcDbArc
 50
336.1098145983532
 51
22.14889255797727
  0
ARC
  5
2D1
330
1F
100
AcDbEntity
  8
Слой1
 62
     0
100
AcDbCircle
 10
1665.243786587846
 20
1268.038676939272
 30
0.0
 40
14.63691753519306
100
AcDbArc
 50
156.1098145983527
 51
181.5374450391219
  0
ARC
  5
2D2
330
1F
100
AcDbEntity
  8
Слой1
 62
     0
100
AcDbCircle
 10
1378.260941912383
 20
1002.880320745329
 30
0.0
 40
12.67100283831429
100
AcDbArc
 50
323.6389802171269
 51
347.9730541839371
  0
ARC
  5
2D3
330
1F
100
AcDbEntity
  8
Слой1
 62
     0
100
AcDbCircle
 10
1392.462715055378
 20
999.8546592214946
 30
0.0
 40
1.849499496725245
100
AcDbArc
 50
57.5754976994346
 51
167.9730541839387
  0
ARC
  5
2D4
330
1F
100
AcDbEntity
  8
Слой1
 62
     0
100
AcDbCircle
 10
1396.927807021404
 20
1006.883872133845
 30
0.0
 40
6.47797793838237
100
AcDbArc
 50
237.5754976994338
 51
279.1049840189621
  0
ARC
  5
2D5
330
1F
100
AcDbEntity
  8
Слой1
 62
     0
100
AcDbCircle
 10
1395.677850188052
 20
1014.68326895647
 30
0.0
 40
14.37690083217114
100
AcDbArc
 50
279.1049840189619
 51
315.4676706557339
  0
ARC
  5
2D6
330
1F
100
AcDbEntity
  8
Слой1
 62
     0
100
AcDbCircle
 10
1410.197024764037
 20
1000.39920296406
 30
0.0
 40
5.990744383794436
100
AcDbArc
 50
50.74624648851846
 51
135.4676706557336
  0
ARC
  5
2D7
330
1F
100
AcDbEntity
  8
Слой1
 62
     0
100
AcDbCircle
 10
1148.361828111853
 20
703.8721190511982
 30
0.0
 40
275.4962313758907
100
AcDbArc
 50
54.26132596422718
 51
89.30644139381985
  0
ARC
  5
2D9
330
1F
100
AcDbEntity
  8
Слой1
 62
     0
100
AcDbCircle
 10
1655.861245481075
 20
1303.152623676425
 30
0.0
 40
20.72356716355852
100
AcDbArc
 50
323.5139404442644
 51
18.78060082212074
  0
ARC
  5
2DA
330
1F
100
AcDbEntity
  8
Слой1
 62
     0
100
AcDbCircle
 10
1656.130214395346
 20
1302.953698405398
 30
0.0
 40
20.38902936255976
100
AcDbArc
 50
298.0734002312715
 51
323.5139404442643
  0
ARC
  5
2DB
330
1F
100
AcDbEntity
  8
Слой1
 62
     0
100
AcDbCircle
 10
1670.329804599885
 20
1276.330488815309
 30
0.0
 40
9.784198022899524
100
AcDbArc
 50
118.0734002312711
 51
158.4252215252948
  0
ARC
  5
2DC
330
1F
100
AcDbEntity
  8
Слой1
 62
     0
100
AcDbCircle
 10
1715.810769082449
 20
1258.346456153301
 30
0.0
 40
58.69169807199686
100
AcDbArc
 50
158.4252215252946
 51
209.7971630385891
  0
ARC
  5
2DD
330
1F
100
AcDbEntity
  8
Слой1
 62
     0
100
AcDbCircle
 10
1684.510779398037
 20
1225.412746348663
 30
0.0
 40
19.99040722315731
100
AcDbArc
 50
110.185267919932
 51
169.1353417678286
  0
ARC
  5
2DE
330
1F
100
AcDbEntity
  8
Слой1
 62
     0
100
AcDbCircle
 10
1673.989269801795
 20
1254.032077707915
 30
0.0
 40
10.50169489582502
100
AcDbArc
 50
290.185267919932
 51
358.2756385803257
  0
ARC
  5
2DF
330
1F
100
AcDbEntity
  8
Слой1
 62
     0
100
AcDbCircle
 10
1361.55668733667
 20
1263.437821249742
 30
0.0
 40
323.0758246593124
100
AcDbArc
 50
358.2756385803258
 51
3.309896200121753
  0
ARC
  5
2E0
330
1F
100
AcDbEntity
  8
Слой1
 62
     0
100
AcDbCircle
 10
1714.597626296096
 20
1283.855214730812
 30
0.0
 40
30.55502034422135
100
AcDbArc
 50
150.4399244744623
 51
183.3098962001216
  0
ARC
  5
2E1
330
1F
100
AcDbEntity
  8
Слой1
 62
     0
100
AcDbCircle
 10
1675.402161719014
 20
1301.360879367962
 30
0.0
 40
12.84972100338654
100
AcDbArc
 50
349.0911298903531
 51
65.99906302772537
  0
ARC
  5
2E2
330
1F
100
AcDbEntity
  8
Слой1
 62
     0
100
AcDbCircle
 10
1679.140305998442
 20
1309.756519383018
 30
0.0
 40
3.659481946853398
100
AcDbArc
 50
65.99906302772364
 51
178.9359581779579
  0
ARC
  5
2E3
330
1F
100
AcDbEntity
  8
Слой1
 62
     0
100
AcDbCircle
 10
2305.19707981787
 20
1418.546731652187
 30
0.0
 40
21.38299495392312
100
AcDbArc
 50
171.1618707117164
 51
212.4717954575203
  0
ARC
  5
2E4
330
1F
100
AcDbEntity
  8
Слой1
 62
     0
100
AcDbCircle
 10
2312.701647531715
 20
1417.379848822092
 30
0.0
 40
28.97773998656674
100
AcDbArc
 50
142.9654607000651
 51
171.1618707117164
  0
ARC
  5
2E5
330
1F
100
AcDbEntity
  8
Слой1
 62
     0
100
AcDbCircle
 10
2399.691960217272
 20
1423.539812821912
 30
0.0
 40
110.7000018244384
100
AcDbArc
 50
142.7962883492377
 51
174.1447005398706
  0
ARC
  5
2E6
330
1F
100
AcDbEntity
  8
Слой1
 62
     0
100
AcDbCircle
 10
2373.811600889582
 20
1443.186717351395
 30
0.0
 40
78.20702017422715
100
AcDbArc
 50
124.9425346740589
 51
142.7962883492378
  0
ARC
  5
2E7
330
1F
100
AcDbEntity
  8
Слой1
 62
     0
100
AcDbCircle
 10
2246.194157192189
 20
1500.78323623758
 30
0.0
 40
83.07961298728001
100
AcDbArc
 50
340.7814568560285
 51
4.49552313106005
  0
ARC
  5
2E8
330
1F
100
AcDbEntity
  8
Слой1
 62
     0
100
AcDbCircle
 10
2375.672196119281
 20
1455.647221493876
 30
0.0
 40
54.0401244371672
100
AcDbArc
 50
160.7814568560284
 51
179.1804637583307
  0
ARC
  5
2E9
330
1F
100
AcDbEntity
  8
Слой1
 62
     0
100
AcDbCircle
 10
2469.137298803981
 20
1396.075807068763
 30
0.0
 40
159.3662530762098
100
AcDbArc
 50
157.7497881711812
 51
169.6075518197815
  0
ARC
  5
2EA
330
1F
100
AcDbEntity
  8
Слой1
 62
     0
100
AcDbCircle
 10
2278.386905446152
 20
1431.059067540187
 30
0.0
 40
34.56554183988393
100
AcDbArc
 50
315.0414255052632
 51
349.6075518197816
  0
ARC
  5
2EB
330
1F
100
AcDbEntity
  8
Слой1
 62
     0
100
AcDbCircle
 10
2300.129198185074
 20
1409.348191945468
 30
0.0
 40
3.839503816176892
100
AcDbArc
 50
209.447724230655
 51
315.0414255052643
  0
ARC
  5
2EC
330
1F
100
AcDbEntity
  8
Слой1
 62
     0
100
AcDbCircle
 10
2274.94987051814
 20
1395.132725065189
 30
0.0
 40
25.07551028347608
100
AcDbArc
 50
29.44772423065523
 51
47.94196563700754
  0
ARC
  5
2ED
330
1F
100
AcDbEntity
  8
Слой1
 62
     0
100
AcDbCircle
 10
2277.299007491527
 20
1418.75509182928
 30
0.0
 40
15.29072041326084
100
AcDbArc
 50
310.1444430283765
 51
340.8950896532449
  0
ARC
  5
2EE
330
1F
100
AcDbEntity
  8
Слой1
 62
     0
100
AcDbCircle
 10
2114.219213427924
 20
1256.048869521856
 30
0.0
 40
57.01321753029841
100
AcDbArc
 50
100.688972729508
 51
126.2068750495034
  0
ARC
  5
2EF
330
1F
100
AcDbEntity
  8
Слой1
 62
     0
100
AcDbCircle
 10
2113.899281876127
 20
1257.743847456579
 30
0.0
 40
55.28830988145698
100
AcDbArc
 50
90.73049242970652
 51
100.6889727295079
  0
ARC
  5
2F0
330
1F
100
AcDbEntity
  8
Слой1
 62
     0
100
AcDbCircle
 10
2128.594525795503
 20
1327.123243796453
 30
0.0
 40
20.87700081747058
100
AcDbArc
 50
222.4675588310527
 51
252.1907011721685
  0
ARC
  5
2F1
330
1F
100
AcDbEntity
  8
Слой1
 62
     0
100
AcDbCircle
 10
2124.488198328551
 20
1314.340659158215
 30
0.0
 40
7.451041064084154
100
AcDbArc
 50
252.1907011721691
 51
302.8894165891137
  0
ARC
  5
2F2
330
1F
100
AcDbEntity
  8
Слой1
 62
     0
100
AcDbCircle
 10
2136.106805007768
 20
1296.373751486228
 30
0.0
 40
13.94526217876707
100
AcDbArc
 50
106.3033164498719
 51
122.8894165891141
  0
ARC
  5
2F3
330
1F
100
AcDbEntity
  8
Слой1
 62
     0
100
AcDbCircle
 10
2133.682995028047
 20
1304.660754535281
 30
0.0
 40
5.31107001314978
100
AcDbArc
 50
355.0482579751117
 51
106.303316449873
  0
ARC
  5
2F4
330
1F
100
AcDbEntity
  8
Слой1
 62
     0
100
AcDbCircle
 10
2135.309732681845
 20
1304.519813954995
 30
0.0
 40
3.67823822712485
100
AcDbArc
 50
276.6860623606964
 51
355.048257975111
  0
ARC
  5
2F5
330
1F
100
AcDbEntity
  8
Слой1
 62
     0
100
AcDbCircle
 10
2245.014611739259
 20
368.6821114285544
 30
0.0
 40
938.5676776350612
100
AcDbArc
 50
96.68606236069637
 51
97.22358801317339
  0
ARC
  5
2F6
330
1F
100
AcDbEntity
  8
Слой1
 62
     0
100
AcDbCircle
 10
2128.189459016898
 20
1290.396593067587
 30
0.0
 40
9.479037099770977
100
AcDbArc
 50
97.22358801317401
 51
149.0676437689822
  0
ARC
  5
2F7
330
1F
100
AcDbEntity
  8
Слой1
 62
     0
100
AcDbCircle
 10
2106.517453181224
 20
1303.383649025693
 30
0.0
 40
15.78634355044829
100
AcDbArc
 50
293.0879497771427
 51
329.0676437689815
  0
ARC
  5
2F8
330
1F
100
AcDbEntity
  8
Слой1
 62
     0
100
AcDbCircle
 10
2115.914461593801
 20
1279.9222464232
 30
0.0
 40
9.497154558256349
100
AcDbArc
 50
109.7323520549201
 51
235.6611507667586
  0
ARC
  5
2F9
330
1F
100
AcDbEntity
  8
Слой1
 62
     0
100
AcDbCircle
 10
2108.204977237847
 20
1268.637009694144
 30
0.0
 40
4.170058656789519
100
AcDbArc
 50
249.0500103775854
 51
55.661150766757
  0
ARC
  5
2FA
330
1F
100
AcDbEntity
  8
Слой1
 62
     0
100
AcDbCircle
 10
2102.321066945201
 20
1253.268818755507
 30
0.0
 40
12.28599472967882
100
AcDbArc
 50
69.05001037758511
 51
108.5742526812937
  0
ARC
  5
2FB
330
1F
100
AcDbEntity
  8
Слой1
 62
     0
100
AcDbCircle
 10
2097.404546935019
 20
1267.899708235959
 30
0.0
 40
3.14887151527829
100
AcDbArc
 50
185.220350736844
 51
288.5742526812953
  0
ARC
  5
2FC
330
1F
100
AcDbEntity
  8
Слой1
 62
     0
100
AcDbCircle
 10
1963.156445816565
 20
1255.634094231986
 30
0.0
 40
131.6583906808114
100
AcDbArc
 50
5.220350736844093
 51
10.97211699538002
  0
ARC
  5
2FD
330
1F
100
AcDbEntity
  8
Слой1
 62
     0
100
AcDbCircle
 10
2089.33289938191
 20
1280.096594440317
 30
0.0
 40
3.132473641599964
100
AcDbArc
 50
10.97211699538446
 51
109.6504286424528
  0
ARC
  5
2FE
330
1F
100
AcDbEntity
  8
Слой1
 62
     0
100
AcDbCircle
 10
2087.191309715686
 20
1286.094167604045
 30
0.0
 40
3.235986937907147
100
AcDbArc
 50
149.6126484340773
 51
289.6504286424546
  0
ARC
  5
2FF
330
1F
100
AcDbEntity
  8
Слой1
 62
     0
100
AcDbCircle
 10
2214.897689752624
 20
1211.20717066837
 30
0.0
 40
151.2798379151859
100
AcDbArc
 50
147.1593102489854
 51
149.6126484340772
  0
ARC
  5
300
330
1F
100
AcDbEntity
  8
Слой1
 62
     0
100
AcDbCircle
 10
2085.541992191642
 20
1298.781298696183
 30
0.0
 40
5.975390654110229
100
AcDbArc
 50
146.8111178719411
 51
292.1523885112451
  0
ARC
  5
301
330
1F
100
AcDbEntity
  8
Слой1
 62
     0
100
AcDbCircle
 10
2003.20471124634
 20
1233.423129301421
 30
0.0
 40
64.56256560874861
100
AcDbArc
 50
76.71057934101894
 51
109.6804945908979
  0
ARC
  5
302
330
1F
100
AcDbEntity
  8
Слой1
 62
     0
100
AcDbCircle
 10
2001.57064959413
 20
1226.50485647526
 30
0.0
 40
71.6711981340955
100
AcDbArc
 50
67.53916894251439
 51
76.71057934101885
  0
ARC
  5
303
330
1F
100
AcDbEntity
  8
Слой1
 62
     0
100
AcDbCircle
 10
2037.695515639438
 20
1313.886911212091
 30
0.0
 40
22.88370357291366
100
AcDbArc
 50
247.5391689425144
 51
266.8833485296834
  0
ARC
  5
304
330
1F
100
AcDbEntity
  8
Слой1
 62
     0
100
AcDbCircle
 10
2036.176800670668
 20
1285.994759052876
 30
0.0
 40
5.04976465480913
100
AcDbArc
 50
332.4781824052049
 51
86.88334852968418
  0
ARC
  5
305
330
1F
100
AcDbEntity
  8
Слой1
 62
     0
100
AcDbCircle
 10
2037.1191322415
 20
1285.503756127404
 30
0.0
 40
3.987186346068095
100
AcDbArc
 50
239.3746741937833
 51
332.4781824052067
  0
ARC
  5
306
330
1F
100
AcDbEntity
  8
Слой1
 62
     0
100
AcDbCircle
 10
2021.005337983777
 20
1258.284284835074
 30
0.0
 40
27.64434828022214
100
AcDbArc
 50
59.37467419378316
 51
78.39399261129848
  0
ARC
  5
307
330
1F
100
AcDbEntity
  8
Слой1
 62
     0
100
AcDbCircle
 10
2016.944431672066
 20
1238.511617200999
 30
0.0
 40
47.82972282319403
100
AcDbArc
 50
78.39399261129859
 51
100.1664891431066
  0
ARC
  5
308
330
1F
100
AcDbEntity
  8
Слой1
 62
     0
100
AcDbCircle
 10
2002.75617164129
 20
1282.791269927799
 30
0.0
 40
6.391406197012974
100
AcDbArc
 50
25.9729551229125
 51
81.23396739050694
  0
ARC
  5
309
330
1F
100
AcDbEntity
  8
Слой1
 62
     0
100
AcDbCircle
 10
1998.981888451979
 20
1290.036549559974
 30
0.0
 40
4.838268227538052
100
AcDbArc
 50
261.6191427006116
 51
348.9354879449498
  0
ARC
  5
30A
330
1F
100
AcDbEntity
  8
Слой1
 62
     0
100
AcDbCircle
 10
1999.821166900394
 20
1295.733301634872
 30
0.0
 40
10.59651210191716
100
AcDbArc
 50
225.3082139281787
 51
261.6191427006116
  0
ARC
  5
30B
330
1F
100
AcDbEntity
  8
Слой1
 62
     0
100
AcDbCircle
 10
1976.302607379324
 20
1271.960342128837
 30
0.0
 40
22.84412553586864
100
AcDbArc
 50
45.30821392817851
 51
76.94786116841239
  0
ARC
  5
30C
330
1F
100
AcDbEntity
  8
Слой1
 62
     0
100
AcDbCircle
 10
1421.584079259392
 20
1064.665442525604
 30
0.0
 40
60.10923185423131
100
AcDbArc
 50
262.7397650145746
 51
276.0469952900454
  0
ARC
  5
30D
330
1F
100
AcDbEntity
  8
Слой1
 62
     0
100
AcDbCircle
 10
1413.391592348003
 20
1142.001506371434
 30
0.0
 40
137.8780148777527
100
AcDbArc
 50
276.0469952900455
 51
283.7046946447689
  0
ARC
  5
30E
330
1F
100
AcDbEntity
  8
Слой1
 62
     0
100
AcDbCircle
 10
1473.905579986231
 20
893.8515191099625
 30
0.0
 40
117.5439083742424
100
AcDbArc
 50
88.8905209151555
 51
103.7046946447688
  0
ARC
  5
30F
330
1F
100
AcDbEntity
  8
Слой1
 62
     0
100
AcDbCircle
 10
1501.19015171433
 20
980.6419830202322
 30
0.0
 40
39.62131754141776
100
AcDbArc
 50
98.27496515766052
 51
129.1379861182915
  0
ARC
  5
310
330
1F
100
AcDbEntity
  8
Слой1
 62
     0
100
AcDbCircle
 10
1524.071169572595
 20
823.3171025803038
 30
0.0
 40
198.6013759879667
100
AcDbArc
 50
92.14491108604832
 51
98.27496515766052
  0
ARC
  5
311
330
1F
100
AcDbEntity
  8
Слой1
 62
     0
100
AcDbCircle
 10
1513.462022204798
 20
1106.58077123458
 30
0.0
 40
84.86089661167126
100
AcDbArc
 50
272.1449110860484
 51
285.3258322166486
  0
ARC
  5
312
330
1F
100
AcDbEntity
  8
Слой1
 62
     0
100
AcDbCircle
 10
1512.67979899093
 20
1019.420367039846
 30
0.0
 40
23.81288295513677
100
AcDbArc
 50
12.90264634150904
 51
39.05460072431721
  0
ARC
  5
313
330
1F
100
AcDbEntity
  8
Слой1
 62
     0
100
AcDbCircle
 10
1535.73473529903
 20
1038.126292092623
 30
0.0
 40
5.876201238395922
100
AcDbArc
 50
139.0075372071595
 51
219.0546007243167
  0
ARC
  5
314
330
1F
100
AcDbEntity
  8
Слой1
 62
     0
100
AcDbCircle
 10
1510.512196506003
 20
1014.779962937753
 30
0.0
 40
34.23442495863922
100
AcDbArc
 50
24.8816304778103
 51
52.61254733406612
  0
ARC
  5
315
330
1F
100
AcDbEntity
  8
Слой1
 62
     0
100
AcDbCircle
 10
1544.489974308293
 20
1030.538683470825
 30
0.0
 40
3.219902658090069
100
AcDbArc
 50
204.8816304778087
 51
339.0912192141323
  0
ARC
  5
316
330
1F
100
AcDbEntity
  8
Слой1
 62
     0
100
AcDbCircle
 10
1519.110977790491
 20
1022.777051561244
 30
0.0
 40
29.14686173977921
100
AcDbArc
 50
13.11278612130654
 51
42.49505354480542
  0
ARC
  5
317
330
1F
100
AcDbEntity
  8
Слой1
 62
     0
100
AcDbCircle
 10
1546.322069492753
 20
1042.779333151913
 30
0.0
 40
5.72861762064043
100
AcDbArc
 50
130.2057408094462
 51
183.1301061576592
  0
ARC
  5
318
330
1F
100
AcDbEntity
  8
Слой1
 62
     0
100
AcDbCircle
 10
1521.298817287966
 20
1014.361782713133
 30
0.0
 40
39.11681403201395
100
AcDbArc
 50
29.36087500741749
 51
56.96385812862563
  0
ARC
  5
319
330
1F
100
AcDbEntity
  8
Слой1
 62
     0
100
AcDbCircle
 10
1560.033644298989
 20
1036.152900960627
 30
0.0
 40
5.326854336496589
100
AcDbArc
 50
209.3608750074176
 51
304.3444812848244
  0
ARC
  5
31A
330
1F
100
AcDbEntity
  8
Слой1
 62
     0
100
AcDbCircle
 10
1561.059835602442
 20
1034.651066651929
 30
0.0
 40
3.507905496626569
100
AcDbArc
 50
304.3444812848251
 51
28.28005217318034
  0
ARC
  5
31B
330
1F
100
AcDbEntity
  8
Слой1
 62
     0
100
AcDbCircle
 10
1552.919709582421
 20
1030.271715367031
 30
0.0
 40
12.75130147961616
100
AcDbArc
 50
28.28005217318011
 51
73.10934728593427
  0
ARC
  5
31C
330
1F
100
AcDbEntity
  8
Слой1
 62
     0
100
AcDbCircle
 10
1561.872973914427
 20
1045.825820098306
 30
0.0
 40
6.227982397397664
100
AcDbArc
 50
142.4856347296555
 51
212.571903744317
  0
ARC
  5
31D
330
1F
100
AcDbEntity
  8
Слой1
 62
     0
100
AcDbCircle
 10
1551.434184877446
 20
1024.259911300847
 30
0.0
 40
25.94783062269302
100
AcDbArc
 50
30.32281516111375
 51
77.76536722275077
  0
ARC
  5
31E
330
1F
100
AcDbEntity
  8
Слой1
 62
     0
100
AcDbCircle
 10
1583.445504749658
 20
1042.982919842974
 30
0.0
 40
11.13687847458318
100
AcDbArc
 50
210.3228151611137
 51
258.5842817197864
  0
ARC
  5
31F
330
1F
100
AcDbEntity
  8
Слой1
 62
     0
100
AcDbCircle
 10
1583.663934424093
 20
1044.064678600905
 30
0.0
 40
12.24046967291489
100
AcDbArc
 50
258.5842817197865
 51
289.5767557068478
  0
ARC
  5
320
330
1F
100
AcDbEntity
  8
Слой1
 62
     0
100
AcDbCircle
 10
1557.643134183854
 20
1023.264656740146
 30
0.0
 40
31.51550494482622
100
AcDbArc
 50
17.10057445497733
 51
52.53303132282825
  0
ARC
  5
321
330
1F
100
AcDbEntity
  8
Слой1
 62
     0
100
AcDbCircle
 10
1582.066295472114
 20
1048.172307904144
 30
0.0
 40
5.253231316728752
100
AcDbArc
 50
85.66694944012128
 51
178.8401353571883
  0
ARC
  5
322
330
1F
100
AcDbEntity
  8
Слой1
 62
     0
100
AcDbCircle
 10
1528.486493910394
 20
1008.208369327494
 30
0.0
 40
70.40397250499174
100
AcDbArc
 50
22.78958226048672
 51
39.94409333920721
  0
ARC
  5
323
330
1F
100
AcDbEntity
  8
Слой1
 62
     0
100
AcDbCircle
 10
1596.691235515334
 20
1036.864411223767
 30
0.0
 40
3.576129647935374
100
AcDbArc
 50
202.7895822604854
 51
285.9844348123952
  0
ARC
  5
324
330
1F
100
AcDbEntity
  8
Слой1
 62
     0
100
AcDbCircle
 10
1567.716293076174
 20
1035.229276708183
 30
0.0
 40
30.01391116355335
100
AcDbArc
 50
356.5565633414802
 51
23.32033317787164
  0
ARC
  5
325
330
1F
100
AcDbEntity
  8
Слой1
 62
     0
100
AcDbCircle
 10
1600.67128325237
 20
1048.289685473412
 30
0.0
 40
5.520355103562994
100
AcDbArc
 50
122.8598449011224
 51
192.3292766097471
  0
ARC
  5
326
330
1F
100
AcDbEntity
  8
Слой1
 62
     0
100
AcDbCircle
 10
1572.046427936706
 20
1037.049786067705
 30
0.0
 40
30.1488793494206
100
AcDbArc
 50
356.199746860498
 51
31.77735764656145
  0
ARC
  5
327
330
1F
100
AcDbEntity
  8
Слой1
 62
     0
100
AcDbCircle
 10
1602.79802116914
 20
1035.007131035259
 30
0.0
 40
0.6704802466951419
100
AcDbArc
 50
176.1997468605044
 51
334.8100143481105
  0
ARC
  5
328
330
1F
100
AcDbEntity
  8
Слой1
 62
     0
100
AcDbCircle
 10
1515.56476228985
 20
1076.03736527098
 30
0.0
 40
97.07131829356761
100
AcDbArc
 50
334.8100143481106
 51
340.6929760758889
  0
ARC
  5
329
330
1F
100
AcDbEntity
  8
Слой1
 62
     0
100
AcDbCircle
 10
1611.394906834975
 20
1042.46493676596
 30
0.0
 40
4.469434900723997
100
AcDbArc
 50
74.03651730574924
 51
160.6929760758892
  0
ARC
  5
32A
330
1F
100
AcDbEntity
  8
Слой1
 62
     0
100
AcDbCircle
 10
1662.325889892214
 20
1027.969913520391
 30
0.0
 40
53.13576898527839
100
AcDbArc
 50
159.2885342178329
 51
173.5709506318412
  0
ARC
  5
32B
330
1F
100
AcDbEntity
  8
Слой1
 62
     0
100
AcDbCircle
 10
1612.039034585686
 20
1033.636306145617
 30
0.0
 40
2.530672186607268
100
AcDbArc
 50
173.5709506318408
 51
304.2476371752621
  0
ARC
  5
32C
330
1F
100
AcDbEntity
  8
Слой1
 62
     0
100
AcDbCircle
 10
1608.489476022977
 20
1038.849993311857
 30
0.0
 40
8.837961608974651
100
AcDbArc
 50
304.2476371752619
 51
323.4623741967684
  0
ARC
  5
32D
330
1F
100
AcDbEntity
  8
Слой1
 62
     0
100
AcDbCircle
 10
1607.993433123995
 20
1039.217550103367
 30
0.0
 40
9.455340384618416
100
AcDbArc
 50
323.4623741967689
 51
356.2063530979446
  0
ARC
  5
32E
330
1F
100
AcDbEntity
  8
Слой1
 62
     0
100
AcDbCircle
 10
1622.0946725959
 20
1038.282517277754
 30
0.0
 40
4.676865424418321
100
AcDbArc
 50
62.15506485252198
 51
176.2063530979434
  0
ARC
  5
32F
330
1F
100
AcDbEntity
  8
Слой1
 62
     0
100
AcDbCircle
 10
1638.896314792246
 20
1032.381426883339
 30
0.0
 40
17.7310998471296
100
AcDbArc
 50
145.5257211234203
 51
189.4552603398605
  0
ARC
  5
330
330
1F
100
AcDbEntity
  8
Слой1
 62
     0
100
AcDbCircle
 10
1624.671082219856
 20
1030.012356754193
 30
0.0
 40
3.309944033000544
100
AcDbArc
 50
189.4552603398599
 51
305.3458652082708
  0
ARC
  5
331
330
1F
100
AcDbEntity
  8
Слой1
 62
     0
100
AcDbCircle
 10
1002.669229490992
 20
1907.007646377789
 30
0.0
 40
1078.487623684189
100
AcDbArc
 50
305.3458652082708
 51
305.9994403611804
  0
ARC
  5
332
330
1F
100
AcDbEntity
  8
Слой1
 62
     0
100
AcDbCircle
 10
1675.138237004379
 20
1114.875832622901
 30
0.0
 40
89.15813734883652
100
AcDbArc
 50
244.3754494433179
 51
284.482091308706
  0
ARC
  5
333
330
1F
100
AcDbEntity
  8
Слой1
 62
     0
100
AcDbCircle
 10
1689.454965467321
 20
1208.908715233283
 30
0.0
 40
25.1095311977426
100
AcDbArc
 50
164.276201007378
 51
235.3815578356787
  0
ARC
  5
334
330
1F
100
AcDbEntity
  8
Слой1
 62
     0
100
AcDbCircle
 10
1684.664933504966
 20
1182.937945147124
 30
0.0
 40
10.85983279107979
100
AcDbArc
 50
150.7472954158464
 51
242.9641822069834
  0
ARC
  5
335
330
1F
100
AcDbEntity
  8
Слой1
 62
     0
100
AcDbCircle
 10
1632.454965031881
 20
1088.173983980918
 30
0.0
 40
97.34091587468402
100
AcDbArc
 50
45.43347487419799
 51
60.94490310622262
  0
ARC
  5
336
330
1F
100
AcDbEntity
  8
Слой1
 62
     0
100
AcDbCircle
 10
1744.38992036374
 20
1178.268001147177
 30
0.0
 40
48.30821840658326
100
AcDbArc
 50
205.4311701294905
 51
248.8456561154155
  0
ARC
  5
337
330
1F
100
AcDbEntity
  8
Слой1
 62
     0
100
AcDbCircle
 10
1706.799052995577
 20
1081.123431071481
 30
0.0
 40
55.85579075532767
100
AcDbArc
 50
47.79579763891212
 51
68.84565611541552
  0
ARC
  5
338
330
1F
100
AcDbEntity
  8
Слой1
 62
     0
100
AcDbCircle
 10
1759.42518778362
 20
1102.246657003224
 30
0.0
 40
25.26406082616946
100
AcDbArc
 50
102.5630206862871
 51
126.7146456091618
  0
ARC
  5
339
330
1F
100
AcDbEntity
  8
Слой1
 62
     0
100
AcDbCircle
 10
1753.089218681487
 20
1130.678336338124
 30
0.0
 40
3.865046511093644
100
AcDbArc
 50
282.5630206862874
 51
52.59200733255585
  0
ARC
  5
33A
330
1F
100
AcDbEntity
  8
Слой1
 62
     0
100
AcDbCircle
 10
1774.698063432671
 20
1158.933362302366
 30
0.0
 40
31.70584979080911
100
AcDbArc
 50
191.159365924515
 51
232.5920073325557
  0
ARC
  5
33B
330
1F
100
AcDbEntity
  8
Слой1
 62
     0
100
AcDbCircle
 10
1779.106301775592
 20
1196.158937091944
 30
0.0
 40
56.04944765366913
100
AcDbArc
 50
199.0769647018584
 51
230.6815475898999
  0
ARC
  5
33C
330
1F
100
AcDbEntity
  8
Слой1
 62
     0
100
AcDbCircle
 10
1733.672388724023
 20
1180.446487907704
 30
0.0
 40
7.975322445353246
100
AcDbArc
 50
144.8821302308597
 51
199.0769647018584
  0
ARC
  5
33D
330
1F
100
AcDbEntity
  8
Слой1
 62
     0
100
AcDbCircle
 10
1738.606039455575
 20
1171.5921463257
 30
0.0
 40
17.66243429319187
100
AcDbArc
 50
103.4988741754843
 51
130.4419831418813
  0
ARC
  5
33E
330
1F
100
AcDbEntity
  8
Слой1
 62
     0
100
AcDbCircle
 10
1732.345141169897
 20
1197.672922129944
 30
0.0
 40
9.159305283034434
100
AcDbArc
 50
283.4988741754841
 51
327.7582703989204
  0
ARC
  5
33F
330
1F
100
AcDbEntity
  8
Слой1
 62
     0
100
AcDbCircle
 10
1759.358582851015
 20
1180.634160838477
 30
0.0
 40
22.77884459773973
100
AcDbArc
 50
88.63942436138055
 51
147.7582703989205
  0
ARC
  5
340
330
1F
100
AcDbEntity
  8
Слой1
 62
     0
100
AcDbCircle
 10
1760.127075900674
 20
1212.990415331451
 30
0.0
 40
9.586534843594066
100
AcDbArc
 50
268.6394243613804
 51
341.7656067857378
  0
ARC
  5
341
330
1F
100
AcDbEntity
  8
Слой1
 62
     0
100
AcDbCircle
 10
1784.042959978102
 20
1205.111361616555
 30
0.0
 40
15.59379475407417
100
AcDbArc
 50
100.6350800767012
 51
161.7656067857379
  0
ARC
  5
342
330
1F
100
AcDbEntity
  8
Слой1
 62
     0
100
AcDbCircle
 10
1779.950217189005
 20
1226.906927140055
 30
0.0
 40
6.582706774050142
100
AcDbArc
 50
280.6350800767015
 51
349.3162706500877
  0
ARC
  5
343
330
1F
100
AcDbEntity
  8
Слой1
 62
     0
100
AcDbCircle
 10
1759.317068453244
 20
1230.799532870523
 30
0.0
 40
27.57983053243415
100
AcDbArc
 50
349.3162706500878
 51
14.20442783239058
  0
ARC
  5
344
330
1F
100
AcDbEntity
  8
Слой1
 62
     0
100
AcDbCircle
 10
1826.293049229686
 20
1199.555411105734
 30
0.0
 40
55.35429238975463
100
AcDbArc
 50
104.7957843753134
 51
136.6306478608769
  0
ARC
  5
345
330
1F
100
AcDbEntity
  8
Слой1
 62
     0
100
AcDbCircle
 10
1803.034399229388
 20
1287.612101062244
 30
0.0
 40
35.72229870770128
100
AcDbArc
 50
284.7957843753136
 51
331.9703711177621
  0
ARC
  5
346
330
1F
100
AcDbEntity
  8
Слой1
 62
     0
100
AcDbCircle
 10
1836.640818057815
 20
1245.345029173019
 30
0.0
 40
25.56444366120282
100
AcDbArc
 50
83.02591992043847
 51
94.65382359554377
  0
ARC
  5
347
330
1F
100
AcDbEntity
  8
Слой1
 62
     0
100
AcDbCircle
 10
1857.071892368587
 20
1270.939941474377
 30
0.0
 40
17.32842323340189
100
AcDbArc
 50
119.58092900434
 51
180.7261691630602
  0
ARC
  5
348
330
1F
100
AcDbEntity
  8
Слой1
 62
     0
100
AcDbCircle
 10
1844.519511434787
 20
1293.053262742528
 30
0.0
 40
8.099145360855638
100
AcDbArc
 50
299.5809290043403
 51
56.71923372142428
  0
ARC
  5
349
330
1F
100
AcDbEntity
  8
Слой1
 62
     0
100
AcDbCircle
 10
1854.864614976564
 20
1308.813704755984
 30
0.0
 40
10.75324705362644
100
AcDbArc
 50
159.3916575832932
 51
236.7192337214241
  0
ARC
  5
34A
330
1F
100
AcDbEntity
  8
Слой1
 62
     0
100
AcDbCircle
 10
1820.357068661323
 20
1306.292905314489
 30
0.0
 40
25.24269613603916
100
AcDbArc
 50
14.46586428009372
 51
52.11892110958005
  0
ARC
  5
34B
330
1F
100
AcDbEntity
  8
Слой1
 62
     0
100
AcDbCircle
 10
1828.145234416543
 20
1356.921427983773
 30
0.0
 40
31.65834965129154
100
AcDbArc
 50
267.1707827111734
 51
284.0981731354144
  0
ARC
  5
34C
330
1F
100
AcDbEntity
  8
Слой1
 62
     0
100
AcDbCircle
 10
1826.834069161732
 20
1330.390002769175
 30
0.0
 40
5.094545739892909
100
AcDbArc
 50
174.3218929728206
 51
267.1707827111743
  0
ARC
  5
34D
330
1F
100
AcDbEntity
  8
Слой1
 62
     0
100
AcDbCircle
 10
1810.654798376322
 20
1331.998665159193
 30
0.0
 40
11.16450090598073
100
AcDbArc
 50
354.3218929728212
 51
54.06512200297467
  0
ARC
  5
34E
330
1F
100
AcDbEntity
  8
Слой1
 62
     0
100
AcDbCircle
 10
1862.052152106284
 20
1402.910404930225
 30
0.0
 40
76.41496476832859
100
AcDbArc
 50
215.1328970306499
 51
234.0651220029748
  0
ARC
  5
34F
330
1F
100
AcDbEntity
  8
Слой1
 62
     0
100
AcDbCircle
 10
1795.112318536821
 20
1355.806860077426
 30
0.0
 40
5.436640322879587
100
AcDbArc
 50
35.13289703064872
 51
187.1946861650788
  0
ARC
  5
350
330
1F
100
AcDbEntity
  8
Слой1
 62
     0
100
AcDbCircle
 10
1774.521616338682
 20
1353.207589583096
 30
0.0
 40
15.31747310350247
100
AcDbArc
 50
308.3613026958945
 51
7.194686165078996
  0
ARC
  5
351
330
1F
100
AcDbEntity
  8
Слой1
 62
     0
100
AcDbCircle
 10
1793.732404393668
 20
1328.935949633616
 30
0.0
 40
15.63679774125779
100
AcDbArc
 50
128.361302695894
 51
192.5499464109994
  0
ARC
  5
352
330
1F
100
AcDbEntity
  8
Слой1
 62
     0
100
AcDbCircle
 10
1759.06993086627
 20
1315.736819509448
 30
0.0
 40
21.73475961511796
100
AcDbArc
 50
354.1977477358505
 51
26.80497960291884
  0
ARC
  5
353
330
1F
100
AcDbEntity
  8
Слой1
 62
     0
100
AcDbCircle
 10
1765.571433889428
 20
1339.054179132171
 30
0.0
 40
29.65921487167799
100
AcDbArc
 50
270.5570360472105
 51
300.6541823429997
  0
ARC
  5
354
330
1F
100
AcDbEntity
  8
Слой1
 62
     0
100
AcDbCircle
 10
1768.620569444384
 20
1302.115209676664
 30
0.0
 40
7.786988962974809
100
AcDbArc
 50
110.765182207329
 51
190.221484881337
  0
ARC
  5
355
330
1F
100
AcDbEntity
  8
Слой1
 62
     0
100
AcDbCircle
 10
1710.753714471782
 20
1293.514542093928
 30
0.0
 40
50.71980111658802
100
AcDbArc
 50
339.4898136548464
 51
8.182567581952323
  0
ARC
  5
356
330
1F
100
AcDbEntity
  8
Слой1
 62
     0
100
AcDbCircle
 10
1749.407592674582
 20
1279.054615972863
 30
0.0
 40
9.449814885144482
100
AcDbArc
 50
312.304413787834
 51
339.4898136548463
  0
ARC
  5
357
330
1F
100
AcDbEntity
  8
Слой1
 62
     0
100
AcDbCircle
 10
1761.980208999991
 20
1265.239629158408
 30
0.0
 40
9.229707109529453
100
AcDbArc
 50
132.3044137878345
 51
204.0470462073353
  0
ARC
  5
358
330
1F
100
AcDbEntity
  8
Слой1
 62
     0
100
AcDbCircle
 10
1748.006106567378
 20
1259.004204047745
 30
0.0
 40
6.072451728616262
100
AcDbArc
 50
289.9931923300107
 51
24.04704620733523
  0
ARC
  5
359
330
1F
100
AcDbEntity
  8
Слой1
 62
     0
100
AcDbCircle
 10
1752.137768165158
 20
1247.648359135876
 30
0.0
 40
6.011663514999901
100
AcDbArc
 50
109.9931923300116
 51
198.0013677565029
  0
ARC
  5
35A
330
1F
100
AcDbEntity
  8
Слой1
 62
     0
100
AcDbCircle
 10
1729.927695893428
 20
1240.431283025638
 30
0.0
 40
17.34156962083058
100
AcDbArc
 50
300.7587825983257
 51
18.00136775650306
  0
ARC
  5
35B
330
1F
100
AcDbEntity
  8
Слой1
 62
     0
100
AcDbCircle
 10
1698.017216317633
 20
1288.077305249628
 30
0.0
 40
74.66743420355924
100
AcDbArc
 50
280.4502161690425
 51
303.1030744616026
  0
ARC
  5
35C
330
1F
100
AcDbEntity
  8
Слой1
 62
     0
100
AcDbCircle
 10
1712.939537134958
 20
1207.17140441141
 30
0.0
 40
7.603097878218012
100
AcDbArc
 50
100.4502161690429
 51
147.5750932036379
  0
ARC
  5
35D
330
1F
100
AcDbEntity
  8
Слой1
 62
     0
100
AcDbCircle
 10
1465.824480065587
 20
1364.146115666762
 30
0.0
 40
285.1543297032174
100
AcDbArc
 50
324.678270378421
 51
327.5750932036379
  0
ARC
  5
35E
330
1F
100
AcDbEntity
  8
Слой1
 62
     0
100
AcDbCircle
 10
1688.208572416488
 20
1206.562746186725
 30
0.0
 40
12.59754136835356
100
AcDbArc
 50
232.6457121072636
 51
324.6782703784209
  0
ARC
  5
35F
330
1F
100
AcDbEntity
  8
Слой1
 62
     0
100
AcDbCircle
 10
1689.094708976575
 20
1207.723683131989
 30
0.0
 40
14.05802505330128
100
AcDbArc
 50
184.3629245325461
 51
232.6457121072633
  0
ARC
  5
360
330
1F
100
AcDbEntity
  8
Слой1
 62
     0
100
AcDbCircle
 10
542.4643837240687
 20
1120.241615767896
 30
0.0
 40
1135.904676471823
100
AcDbArc
 50
4.362924532546127
 51
4.796271864766744
  0
ARC
  5
361
330
1F
100
AcDbEntity
  8
Слой1
 62
     0
100
AcDbCircle
 10
1669.803843294095
 20
1214.833084287307
 30
0.0
 40
4.603742581861979
100
AcDbArc
 50
4.796271864766553
 51
168.976089410717
  0
ARC
  5
362
330
1F
100
AcDbEntity
  8
Слой1
 62
     0
100
AcDbCircle
 10
1739.095686219442
 20
1019.752124770264
 30
0.0
 40
26.44909116211077
100
AcDbArc
 50
119.3345336726276
 51
152.8874405448328
  0
ARC
  5
363
330
1F
100
AcDbEntity
  8
Слой1
 62
     0
100
AcDbCircle
 10
1742.160238961175
 20
998.1322535857016
 30
0.0
 40
47.46355986194839
100
AcDbArc
 50
93.92859855167531
 51
109.7287657038906
  0
ARC
  5
364
330
1F
100
AcDbEntity
  8
Слой1
 62
     0
100
AcDbCircle
 10
1736.103772085447
 20
1086.322991627246
 30
0.0
 40
40.93489638774578
100
AcDbArc
 50
273.9285985516752
 51
304.9422508846771
  0
ARC
  5
365
330
1F
100
AcDbEntity
  8
Слой1
 62
     0
100
AcDbCircle
 10
1758.492495372082
 20
1054.279890830235
 30
0.0
 40
1.84506089189141
100
AcDbArc
 50
304.9422508846746
 51
76.86326751203665
  0
ARC
  5
366
330
1F
100
AcDbEntity
  8
Слой1
 62
     0
100
AcDbCircle
 10
1760.290018432633
 20
1061.981914701228
 30
0.0
 40
6.063937835037695
100
AcDbArc
 50
181.1040572386398
 51
256.8632675120373
  0
ARC
  5
367
330
1F
100
AcDbEntity
  8
Слой1
 62
     0
100
AcDbCircle
 10
1913.739272130283
 20
1064.939160987727
 30
0.0
 40
159.5416846453316
100
AcDbArc
 50
164.7760768379218
 51
181.1040572386396
  0
ARC
  5
368
330
1F
100
AcDbEntity
  8
Слой1
 62
     0
100
AcDbCircle
 10
1763.460023139435
 20
1105.836516061487
 30
0.0
 40
3.796873080764463
100
AcDbArc
 50
72.76275872238605
 51
164.7760768379202
  0
ARC
  5
369
330
1F
100
AcDbEntity
  8
Слой1
 62
     0
100
AcDbCircle
 10
1771.708955196015
 20
1132.423322462304
 30
0.0
 40
24.04020928554332
100
AcDbArc
 50
252.7627587223861
 51
272.8429952468736
  0
ARC
  5
36A
330
1F
100
AcDbEntity
  8
Слой1
 62
     0
100
AcDbCircle
 10
1773.639181553701
 20
1093.554793084939
 30
0.0
 40
14.87621847640621
100
AcDbArc
 50
54.9926527882923
 51
92.84299524687382
  0
ARC
  5
376
330
1F
100
AcDbEntity
  8
Слой1
 62
     0
100
AcDbCircle
 10
1773.552796276629
 20
1072.809916332413
 30
0.0
 40
22.70443978112686
100
AcDbArc
 50
14.05804329157239
 51
38.61301028851857
  0
ARC
  5
377
330
1F
100
AcDbEntity
  8
Слой1
 62
     0
100
AcDbCircle
 10
1779.232150957301
 20
1074.232051149173
 30
0.0
 40
16.84973765156456
100
AcDbArc
 50
344.6381548681712
 51
14.05804329157215
  0
ARC
  5
380
330
1F
100
AcDbEntity
  8
Слой1
 62
     0
100
AcDbCircle
 10
1767.581252571268
 20
1028.074836361348
 30
0.0
 40
13.40525597434232
100
AcDbArc
 50
257.474856764473
 51
310.5266839156919
  0
ARC
  5
381
330
1F
100
AcDbEntity
  8
Слой1
 62
     0
100
AcDbCircle
 10
1745.207340453456
 20
927.3618149387841
 30
0.0
 40
89.76307554031114
100
AcDbArc
 50
77.47485676447292
 51
85.22530833159803
  0
ARC
  5
382
330
1F
100
AcDbEntity
  8
Слой1
 62
     0
100
AcDbCircle
 10
1745.838604132478
 20
1013.218188876344
 30
0.0
 40
7.727651946461422
100
AcDbArc
 50
27.72563941737804
 51
149.5819799810651
  0
ARC
  5
383
330
1F
100
AcDbEntity
  8
Слой1
 62
     0
100
AcDbCircle
 10
1729.120445065545
 20
1038.739167068534
 30
0.0
 40
23.83297778631809
100
AcDbArc
 50
253.0568992939957
 51
294.9520830100748
  0
ARC
  5
384
330
1F
100
AcDbEntity
  8
Слой1
 62
     0
100
AcDbCircle
 10
1727.667231814233
 20
1027.547698940066
 30
0.0
 40
12.84086574594056
100
AcDbArc
 50
160.6326422272019
 51
244.6773304949207
  0
ARC
  5
385
330
1F
100
AcDbEntity
  8
Слой1
 62
     0
100
AcDbCircle
 10
1839.847144760836
 20
1091.350122055465
 30
0.0
 40
4.776069475427052
100
AcDbArc
 50
110.9586399970746
 51
242.5843266185133
  0
ARC
  5
386
330
1F
100
AcDbEntity
  8
Слой1
 62
     0
100
AcDbCircle
 10
1848.926042125738
 20
1067.647658816594
 30
0.0
 40
30.15781766093399
100
AcDbArc
 50
84.14548373411566
 51
110.9586399970745
  0
ARC
  5
387
330
1F
100
AcDbEntity
  8
Слой1
 62
     0
100
AcDbCircle
 10
1855.437037558117
 20
1131.146213757169
 30
0.0
 40
33.67367567160263
100
AcDbArc
 50
264.1454837341157
 51
314.3898294906441
  0
ARC
  5
388
330
1F
100
AcDbEntity
  8
Слой1
 62
     0
100
AcDbCircle
 10
1901.535865810245
 20
1181.733242529928
 30
0.0
 40
77.97963099515436
100
AcDbArc
 50
253.1967226878827
 51
296.8946114028639
  0
ARC
  5
389
330
1F
100
AcDbEntity
  8
Слой1
 62
     0
100
AcDbCircle
 10
1945.787953051476
 20
1094.487278041466
 30
0.0
 40
19.84728526375384
100
AcDbArc
 50
74.07635889889988
 51
116.8946114028637
  0
ARC
  5
38A
330
1F
100
AcDbEntity
  8
Слой1
 62
     0
100
AcDbCircle
 10
1957.45797466117
 20
1135.391142874959
 30
0.0
 40
22.68876489005574
100
AcDbArc
 50
254.0763588989
 51
309.9794852263478
  0
ARC
  5
38B
330
1F
100
AcDbEntity
  8
Слой1
 62
     0
100
AcDbCircle
 10
1598.351943157348
 20
1563.66837332249
 30
0.0
 40
581.5971008291715
100
AcDbArc
 50
309.9794852263478
 51
312.7466890104809
  0
ARC
  5
38C
330
1F
100
AcDbEntity
  8
Слой1
 62
     0
100
AcDbCircle
 10
2002.002625478833
 20
1126.950898173909
 30
0.0
 40
13.09275652401257
100
AcDbArc
 50
67.63620584261032
 51
132.7466890104812
  0
ARC
  5
38D
330
1F
100
AcDbEntity
  8
Слой1
 62
     0
100
AcDbCircle
 10
2058.421182618368
 20
1145.003837994468
 30
0.0
 40
51.77935508221406
100
AcDbArc
 50
186.5928284460226
 51
204.3629234180201
  0
ARC
  5
38E
330
1F
100
AcDbEntity
  8
Слой1
 62
     0
100
AcDbCircle
 10
1971.59570703497
 20
1354.718122497861
 30
0.0
 40
234.4523303967056
100
AcDbArc
 50
279.7382579613538
 51
305.4114827924155
  0
ARC
  5
38F
330
1F
100
AcDbEntity
  8
Слой1
 62
     0
100
AcDbCircle
 10
2105.00412665745
 20
1013.472429040075
 30
0.0
 40
150.1841872614207
100
AcDbArc
 50
66.81403437168789
 51
89.06767934832918
  0
ARC
  5
390
330
1F
100
AcDbEntity
  8
Слой1
 62
     0
100
AcDbCircle
 10
1802.827292576947
 20
307.9638357537176
 30
0.0
 40
917.6822095753619
100
AcDbArc
 50
64.21421789092943
 51
66.81403437168786
  0
ARC
  5
391
330
1F
100
AcDbEntity
  8
Слой1
 62
     0
100
AcDbCircle
 10
2177.329407863803
 20
1083.149521189655
 30
0.0
 40
56.7729917950472
100
AcDbArc
 50
51.54588805292474
 51
64.21421789092938
  0
ARC
  5
392
330
1F
100
AcDbEntity
  8
Слой1
 62
     0
100
AcDbCircle
 10
2210.371118573613
 20
1124.757000813377
 30
0.0
 40
3.641673278853065
100
AcDbArc
 50
273.5711908310442
 51
51.54588805292257
  0
ARC
  5
393
330
1F
100
AcDbEntity
  8
Слой1
 62
     0
100
AcDbCircle
 10
2209.693763975524
 20
1135.610324344439
 30
0.0
 40
14.51611307690524
100
AcDbArc
 50
247.83185338088
 51
273.5711908310448
  0
ARC
  5
394
330
1F
100
AcDbEntity
  8
Слой1
 62
     0
100
AcDbCircle
 10
2140.433201310595
 20
965.6224158053985
 30
0.0
 40
169.0401850720273
100
AcDbArc
 50
67.83185338087995
 51
88.45035908403668
  0
ARC
  5
395
330
1F
100
AcDbEntity
  8
Слой1
 62
     0
100
AcDbCircle
 10
2144.074897751159
 20
1100.236154138145
 30
0.0
 40
34.37719646386395
100
AcDbArc
 50
88.45035908403644
 51
134.9390286524084
  0
ARC
  5
396
330
1F
100
AcDbEntity
  8
Слой1
 62
     0
100
AcDbCircle
 10
2115.619897123877
 20
1128.751780124195
 30
0.0
 40
5.907142752199608
100
AcDbArc
 50
246.9423301609376
 51
314.9390286524089
  0
ARC
  5
397
330
1F
100
AcDbEntity
  8
Слой1
 62
     0
100
AcDbCircle
 10
2107.957216957924
 20
1128.803485139029
 30
0.0
 40
7.662854607406981
100
AcDbArc
 50
314.2712658052734
 51
43.5011714144766
  0
ARC
  5
398
330
1F
100
AcDbEntity
  8
Слой1
 62
     0
100
AcDbCircle
 10
2107.625380591373
 20
934.451852666235
 30
0.0
 40
199.7133856831369
100
AcDbArc
 50
88.3099247657469
 51
113.979705884262
  0
ARC
  5
399
330
1F
100
AcDbEntity
  8
Слой1
 62
     0
100
AcDbCircle
 10
2005.308626943771
 20
1164.478280671785
 30
0.0
 40
52.04220146037965
100
AcDbArc
 50
268.0751769792355
 51
293.9797058842619
  0
ARC
  5
39A
330
1F
100
AcDbEntity
  8
Слой1
 62
     0
100
AcDbCircle
 10
2021.941354056812
 20
1055.655310049202
 30
0.0
 40
59.70965173089804
100
AcDbArc
 50
107.9288152826121
 51
132.0292392606261
  0
ARC
  5
39B
330
1F
100
AcDbEntity
  8
Слой1
 62
     0
100
AcDbCircle
 10
1976.260518562775
 20
1067.73524706309
 30
0.0
 40
32.77289708455925
100
AcDbArc
 50
79.97570155494388
 51
122.6880502958333
  0
ARC
  5
39C
330
1F
100
AcDbEntity
  8
Слой1
 62
     0
100
AcDbCircle
 10
1947.743735277013
 20
1028.237106964729
 30
0.0
 40
67.94716969948919
100
AcDbArc
 50
80.83944529499504
 51
112.4552725810889
  0
ARC
  5
39D
330
1F
100
AcDbEntity
  8
Слой1
 62
     0
100
AcDbCircle
 10
1911.203844737437
 20
1255.54331288968
 30
0.0
 40
164.8512125612322
100
AcDbArc
 50
264.4650581368639
 51
273.6820347946498
  0
ARC
  5
39E
330
1F
100
AcDbEntity
  8
Слой1
 62
     0
100
AcDbCircle
 10
1889.647326968818
 20
1084.797811364615
 30
0.0
 40
8.739928768295724
100
AcDbArc
 50
49.67193943258402
 51
115.157603167386
  0
ARC
  5
39F
330
1F
100
AcDbEntity
  8
Слой1
 62
     0
100
AcDbCircle
 10
1855.160401143743
 20
1154.364323167579
 30
0.0
 40
68.90792826993621
100
AcDbArc
 50
283.8344552236062
 51
296.5231657108946
  0
ARC
  5
3A0
330
1F
100
AcDbEntity
  8
Слой1
 62
     0
100
AcDbCircle
 10
1853.338586247037
 20
1215.80301557563
 30
0.0
 40
129.6455486993258
100
AcDbArc
 50
263.0486512841604
 51
278.114143343673
  0
LINE
  5
3A1
330
1F
100
AcDbEntity
  8
Слой1
 62
     0
100
AcDbLine
 10
2334.846074356763
 20
1050.899781560689
 30
0.0
 11
2309.526775116607
 21
1030.668528894532
 31
0.0
  0
ARC
  5
3A5
330
1F
100
AcDbEntity
  8
Слой1
 62
     0
100
AcDbCircle
 10
1856.965070290044
 20
1213.135851829861
 30
0.0
 40
177.5369917105448
100
AcDbArc
 50
262.8021013376392
 51
285.8518337736127
  0
ARC
  5
3A6
330
1F
100
AcDbEntity
  8
Слой1
 62
     0
100
AcDbCircle
 10
1961.293486797917
 20
817.3630540964298
 30
0.0
 40
231.8118510799043
100
AcDbArc
 50
80.84190309935157
 51
103.9372716576362
  0
ARC
  5
3A7
330
1F
100
AcDbEntity
  8
Слой1
 62
     0
100
AcDbCircle
 10
2057.129622085037
 20
1411.827602072487
 30
0.0
 40
370.3282186938565
100
AcDbArc
 50
260.8419030993515
 51
272.8500569020273
  0
ARC
  5
3A8
330
1F
100
AcDbEntity
  8
Слой1
 62
     0
100
AcDbCircle
 10
2112.361728792016
 20
302.3914749457239
 30
0.0
 40
740.4818936949907
100
AcDbArc
 50
85.31403801019946
 51
92.85005690202728
  0
ARC
  5
3A9
330
1F
100
AcDbEntity
  8
Слой1
 62
     0
100
AcDbCircle
 10
2196.317737162288
 20
1025.453734647137
 30
0.0
 40
27.81804790310075
100
AcDbArc
 50
95.09800504831293
 51
147.5051353250252
  0
ARC
  5
3AA
330
1F
100
AcDbEntity
  8
Слой1
 62
     0
100
AcDbCircle
 10
2193.068194233712
 20
1061.878472854191
 30
0.0
 40
8.751353003901884
100
AcDbArc
 50
275.0980050483128
 51
11.02300143705528
  0
ARC
  5
3AB
330
1F
100
AcDbEntity
  8
Слой1
 62
     0
100
AcDbCircle
 10
2253.043472084442
 20
1073.561474701523
 30
0.0
 40
52.35123683840367
100
AcDbArc
 50
155.6055915321399
 51
191.0230014370553
  0
ARC
  5
3AC
330
1F
100
AcDbEntity
  8
Слой1
 62
     0
100
AcDbCircle
 10
2192.192041712817
 20
1101.157747545075
 30
0.0
 40
14.46530941421647
100
AcDbArc
 50
335.6055915321408
 51
47.97060045990536
  0
ARC
  5
3AD
330
1F
100
AcDbEntity
  8
Слой1
 62
     0
100
AcDbCircle
 10
2178.71548378525
 20
1086.205949403002
 30
0.0
 40
34.59424086266557
100
AcDbArc
 50
47.97060045990568
 51
93.56395679857966
  0
ARC
  5
3AE
330
1F
100
AcDbEntity
  8
Слой1
 62
     0
100
AcDbCircle
 10
2170.690531918028
 20
1128.391853055896
 30
0.0
 40
9.652107472668676
100
AcDbArc
 50
242.02548559796
 51
307.4899036859599
  0
ARC
  5
3AF
330
1F
100
AcDbEntity
  8
Слой1
 62
     0
100
AcDbCircle
 10
2161.103317868393
 20
1110.341561219155
 30
0.0
 40
10.78628063953419
100
AcDbArc
 50
62.02548559796028
 51
130.9979187077073
  0
ARC
  5
3B0
330
1F
100
AcDbEntity
  8
Слой1
 62
     0
100
AcDbCircle
 10
1837.755298446795
 20
1482.338197891689
 30
0.0
 40
482.0985328408035
100
AcDbArc
 50
302.0045881704001
 51
310.9979187077072
  0
ARC
  5
3B1
330
1F
100
AcDbEntity
  8
Слой1
 62
     0
100
AcDbCircle
 10
2077.692614297221
 20
1098.42663968839
 30
0.0
 40
29.37565948493677
100
AcDbArc
 50
225.6271409656669
 51
302.0045881704003
  0
ARC
  5
3B2
330
1F
100
AcDbEntity
  8
Слой1
 62
     0
100
AcDbCircle
 10
2061.653050679552
 20
1082.03204818025
 30
0.0
 40
6.439874524224655
100
AcDbArc
 50
138.7835023535228
 51
225.627140965666
  0
ARC
  5
3B3
330
1F
100
AcDbEntity
  8
Слой1
 62
     0
100
AcDbCircle
 10
2053.940249215425
 20
1088.788019245691
 30
0.0
 40
3.813439645452996
100
AcDbArc
 50
318.7835023535211
 51
55.11929975843194
  0
ARC
  5
3B4
330
1F
100
AcDbEntity
  8
Слой1
 62
     0
100
AcDbCircle
 10
2050.273528737037
 20
1083.528123822244
 30
0.0
 40
10.22525209843548
100
AcDbArc
 50
55.11929975843266
 51
96.99694025079656
  0
ARC
  5
3B5
330
1F
100
AcDbEntity
  8
Слой1
 62
     0
100
AcDbCircle
 10
2043.827652665602
 20
1136.048758610459
 30
0.0
 40
42.68945660231633
100
AcDbArc
 50
257.6212312956418
 51
276.9969402507965
  0
ARC
  5
3B6
330
1F
100
AcDbEntity
  8
Слой1
 62
     0
100
AcDbCircle
 10
2030.13952753925
 20
1073.681409959603
 30
0.0
 40
21.16233230928809
100
AcDbArc
 50
77.6212312956417
 51
114.0762250767249
  0
ARC
  5
3B7
330
1F
100
AcDbEntity
  8
Слой1
 62
     0
100
AcDbCircle
 10
2044.210869294389
 20
939.7125399320721
 30
0.0
 40
154.9624728145649
100
AcDbArc
 50
98.42510280493865
 51
119.6987693992947
  0
ARC
  5
3B8
330
1F
100
AcDbEntity
  8
Слой1
 62
     0
100
AcDbCircle
 10
1957.484154377727
 20
1091.768245579472
 30
0.0
 40
20.08740779140601
100
AcDbArc
 50
254.5335878486835
 51
299.6987693992945
  0
ARC
  5
3B9
330
1F
100
AcDbEntity
  8
Слой1
 62
     0
100
AcDbCircle
 10
1939.719324906432
 20
1109.860306933024
 30
0.0
 40
39.45396369775036
100
AcDbArc
 50
269.7378019072103
 51
288.3302951928487
  0
ARC
  5
3BA
330
1F
100
AcDbEntity
  8
Слой1
 62
     0
100
AcDbCircle
 10
1939.575473898876
 20
1078.426065785763
 30
0.0
 40
8.019393402985571
100
AcDbArc
 50
230.1962370349072
 51
269.7378019072099
  0
ARC
  5
3BB
330
1F
100
AcDbEntity
  8
Слой1
 62
     0
100
AcDbCircle
 10
1931.488152680079
 20
1068.720657568087
 30
0.0
 40
4.613884602652802
100
AcDbArc
 50
50.19623703490711
 51
122.8797110950796
  0
ARC
  5
3BC
330
1F
100
AcDbEntity
  8
Слой1
 62
     0
100
AcDbCircle
 10
1922.37534764577
 20
1082.817852741407
 30
0.0
 40
12.17224441353196
100
AcDbArc
 50
250.9717813683786
 51
302.87971109508
  0
ARC
  5
3BD
330
1F
100
AcDbEntity
  8
Слой1
 62
     0
100
AcDbCircle
 10
1920.169128136128
 20
1076.420762684372
 30
0.0
 40
5.405401300045134
100
AcDbArc
 50
209.7631424931606
 51
250.9717813683792
  0
ARC
  5
3BE
330
1F
100
AcDbEntity
  8
Слой1
 62
     0
100
AcDbCircle
 10
1913.345951745756
 20
1072.518919456266
 30
0.0
 40
2.454631564443347
100
AcDbArc
 50
29.76314249316061
 51
128.0765292303989
  0
ARC
  5
3BF
330
1F
100
AcDbEntity
  8
Слой1
 62
     0
100
AcDbCircle
 10
1905.045380670071
 20
1083.113965657989
 30
0.0
 40
11.00473261813003
100
AcDbArc
 50
257.2323473509873
 51
308.0765292303996
  0
ARC
  5
3C0
330
1F
100
AcDbEntity
  8
Слой1
 62
     0
100
AcDbCircle
 10
1903.843166186257
 20
1077.808536361594
 30
0.0
 40
5.564796985777058
100
AcDbArc
 50
211.7602045268906
 51
257.2323473509872
  0
ARC
  5
3C1
330
1F
100
AcDbEntity
  8
Слой1
 62
     0
100
AcDbCircle
 10
1896.08777315044
 20
1073.007443130581
 30
0.0
 40
3.556420989520379
100
AcDbArc
 50
31.76020452689111
 51
128.0696015712286
  0
ARC
  5
3C2
330
1F
100
AcDbEntity
  8
Слой1
 62
     0
100
AcDbCircle
 10
1878.808096676359
 20
1095.069127009618
 30
0.0
 40
24.46687493775178
100
AcDbArc
 50
263.3349699055465
 51
308.0696015712288
  0
ARC
  5
3C3
330
1F
100
AcDbEntity
  8
Слой1
 62
     0
100
AcDbCircle
 10
1885.344443431516
 20
1151.005003592828
 30
0.0
 40
80.78335669962781
100
AcDbArc
 50
243.5296486540769
 51
263.3349699055466
  0
ARC
  5
3C4
330
1F
100
AcDbEntity
  8
Слой1
 62
     0
100
AcDbCircle
 10
1844.09811088698
 20
1068.17034306414
 30
0.0
 40
11.75226310851632
100
AcDbArc
 50
63.52964865407638
 51
120.3679686185747
  0
ARC
  5
3C5
330
1F
100
AcDbEntity
  8
Слой1
 62
     0
100
AcDbCircle
 10
1829.434955351565
 20
1093.195129768262
 30
0.0
 40
17.2520138147686
100
AcDbArc
 50
276.4101686252983
 51
300.3679686185734
  0
ARC
  5
3DD
330
1F
100
AcDbEntity
  8
Слой1
 62
     0
100
AcDbCircle
 10
2257.108362308072
 20
1115.095603266167
 30
0.0
 40
19.71009373784089
100
AcDbArc
 50
178.1845792192685
 51
224.8938273643936
  0
ARC
  5
3DE
330
1F
100
AcDbEntity
  8
Слой1
 62
     0
100
AcDbCircle
 10
2180.241505417269
 20
1038.51309789323
 30
0.0
 40
88.79517718236453
100
AcDbArc
 50
32.09437271429921
 51
44.89382736439355
  0
ARC
  5
3DF
330
1F
100
AcDbEntity
  8
Слой1
 62
     0
100
AcDbCircle
 10
2277.998969346213
 20
1099.822860905246
 30
0.0
 40
26.59723502228826
100
AcDbArc
 50
212.0943727142989
 51
227.9121705116276
  0
ARC
  5
3E0
330
1F
100
AcDbEntity
  8
Слой1
 62
     0
100
AcDbCircle
 10
2244.209212427249
 20
1062.41102352196
 30
0.0
 40
23.8149981065481
100
AcDbArc
 50
350.5470054866823
 51
47.91217051162738
  0
ARC
  5
3E1
330
1F
100
AcDbEntity
  8
Слой1
 62
     0
100
AcDbCircle
 10
2058.594455331524
 20
1093.315759933769
 30
0.0
 40
211.9849765419734
100
AcDbArc
 50
344.2390985675741
 51
350.5470054866822
  0
ARC
  5
3E2
330
1F
100
AcDbEntity
  8
Слой1
 62
     0
100
AcDbCircle
 10
2248.494602758734
 20
1039.719371762952
 30
0.0
 40
14.66635395952918
100
AcDbArc
 50
269.8567881040125
 51
344.2390985675745
  0
ARC
  5
3E3
330
1F
100
AcDbEntity
  8
Слой1
 62
     0
100
AcDbCircle
 10
2248.4184964882
 20
1009.271070069949
 30
0.0
 40
15.78204284806254
100
AcDbArc
 50
89.85678810401251
 51
166.5909974992172
  0
ARC
  5
3E4
330
1F
100
AcDbEntity
  8
Слой1
 62
     0
100
AcDbCircle
 10
2248.91417662757
 20
1009.152900097609
 30
0.0
 40
16.29161418058497
100
AcDbArc
 50
166.5909974992174
 51
225.3078341851445
  0
ARC
  5
3E5
330
1F
100
AcDbEntity
  8
Слой1
 62
     0
100
AcDbCircle
 10
2254.117796052447
 20
1014.412737286884
 30
0.0
 40
23.69050209544352
100
AcDbArc
 50
225.3078341851448
 51
233.5037244332023
  0
ARC
  5
3E6
330
1F
100
AcDbEntity
  8
Слой1
 62
     0
100
AcDbCircle
 10
24481.03796815972
 20
-64671.18916685495
 30
0.0
 40
69320.62633675323
100
AcDbArc
 50
108.6761010720395
 51
108.6862093915261
  0
ARC
  5
3E7
330
1F
100
AcDbEntity
  8
Слой1
 62
     0
100
AcDbCircle
 10
2276.989070385941
 20
1018.058863767956
 30
0.0
 40
19.81708758193336
100
AcDbArc
 50
288.6761010720397
 51
337.8828277184113
  0
ARC
  5
3E8
330
1F
100
AcDbEntity
  8
Слой1
 62
     0
100
AcDbCircle
 10
2278.064374138041
 20
1017.621852725695
 30
0.0
 40
18.65637365923797
100
AcDbArc
 50
337.8828277184112
 51
25.59291770700565
  0
ARC
  5
3E9
330
1F
100
AcDbEntity
  8
Слой1
 62
     0
100
AcDbCircle
 10
2321.452929948876
 20
1038.403571497767
 30
0.0
 40
29.4523221292723
100
AcDbArc
 50
155.1079038271737
 51
205.5929177070057
  0
ARC
  5
3EA
330
1F
100
AcDbEntity
  8
Слой1
 62
     0
100
AcDbCircle
 10
2122.104330475291
 20
1130.904687657751
 30
0.0
 40
190.3119165514619
100
AcDbArc
 50
335.1079038271736
 51
340.0811847173319
  0
ARC
  5
3EB
330
1F
100
AcDbEntity
  8
Слой1
 62
     0
100
AcDbCircle
 10
2275.913775788814
 20
1058.844875475219
 30
0.0
 40
26.13517794529502
100
AcDbArc
 50
16.04318910250544
 51
52.9885361892822
  0
ARC
  5
3EC
330
1F
100
AcDbEntity
  8
Слой1
 62
     0
100
AcDbCircle
 10
2293.052147657234
 20
1081.578797809596
 30
0.0
 40
2.335069946245105
100
AcDbArc
 50
129.5405932116258
 51
232.9885361892799
  0
ARC
  5
3ED
330
1F
100
AcDbEntity
  8
Слой1
 62
     0
100
AcDbCircle
 10
2291.245882934913
 20
1088.921655808956
 30
0.0
 40
5.551326843280888
100
AcDbArc
 50
273.3014957864746
 51
323.1381600710134
  0
ARC
  5
3EE
330
1F
100
AcDbEntity
  8
Слой1
 62
     0
100
AcDbCircle
 10
2293.309741184191
 20
1087.374215586671
 30
0.0
 40
2.971776084978646
100
AcDbArc
 50
323.1381600710158
 51
57.92923478852478
  0
ARC
  5
3EF
330
1F
100
AcDbEntity
  8
Слой1
 62
     0
100
AcDbCircle
 10
2312.355274543905
 20
1117.769838843806
 30
0.0
 40
32.89779673301917
100
AcDbArc
 50
201.7697864896577
 51
237.9292347885247
  0
ARC
  5
3F0
330
1F
100
AcDbEntity
  8
Слой1
 62
     0
100
AcDbCircle
 10
2284.599758776574
 20
1189.852231505932
 30
0.0
 40
84.32983348456721
100
AcDbArc
 50
240.9864781623768
 51
268.099938991993
  0
ARC
  5
3F1
330
1F
100
AcDbEntity
  8
Слой1
 62
     0
100
AcDbCircle
 10
2240.855505206788
 20
1110.9794133193
 30
0.0
 40
5.861525131873599
100
AcDbArc
 50
60.98647816237603
 51
126.0244770555052
  0
ARC
  5
3F2
330
1F
100
AcDbEntity
  8
Слой1
 62
     0
100
AcDbCircle
 10
2370.502861144261
 20
958.9549107451766
 30
0.0
 40
164.9471638679254
100
AcDbArc
 50
136.3962535540978
 51
142.1109969846573
  0
ARC
  5
3F3
330
1F
100
AcDbEntity
  8
Слой1
 62
     0
100
AcDbCircle
 10
2248.697961399882
 20
1053.73989722429
 30
0.0
 40
10.60783879623795
100
AcDbArc
 50
142.1109969846568
 51
190.8623902436241
  0
ARC
  5
3F4
330
1F
100
AcDbEntity
  8
Слой1
 62
     0
100
AcDbCircle
 10
2201.190730721136
 20
1044.623783313208
 30
0.0
 40
37.76612630487279
100
AcDbArc
 50
357.4075851475726
 51
10.86239024362415
  0
ARC
  5
3F5
330
1F
100
AcDbEntity
  8
Слой1
 62
     0
100
AcDbCircle
 10
2243.765551195217
 20
1042.696119918421
 30
0.0
 40
4.852311308017796
100
AcDbArc
 50
177.4075851475745
 51
257.0310747904279
  0
ARC
  5
3F6
330
1F
100
AcDbEntity
  8
Слой1
 62
     0
100
AcDbCircle
 10
2246.651039825671
 20
1055.225543498349
 30
0.0
 40
17.70970217404253
100
AcDbArc
 50
257.0310747904277
 51
301.8702846671914
  0
ARC
  5
3F7
330
1F
100
AcDbEntity
  8
Слой1
 62
     0
100
AcDbCircle
 10
2252.268564521229
 20
1046.190170839821
 30
0.0
 40
7.070409773526825
100
AcDbArc
 50
301.8702846671908
 51
333.1473613205692
  0
ARC
  5
3F8
330
1F
100
AcDbEntity
  8
Слой1
 62
     0
100
AcDbCircle
 10
2228.491112224002
 20
1058.228457751688
 30
0.0
 40
33.72163093728082
100
AcDbArc
 50
333.1473613205693
 51
11.41547303667484
  0
ARC
  5
3F9
330
1F
100
AcDbEntity
  8
Слой1
 62
     0
100
AcDbCircle
 10
2247.576440726316
 20
1062.082098951929
 30
0.0
 40
14.25113236787024
100
AcDbArc
 50
11.41547303667425
 51
52.20276183582047
  0
ARC
  5
3FA
330
1F
100
AcDbEntity
  8
Слой1
 62
     0
100
AcDbCircle
 10
2254.004199936618
 20
1070.369541039071
 30
0.0
 40
3.763149491579834
100
AcDbArc
 50
52.20276183581915
 51
141.4736866115408
  0
ARC
  5
400
330
1F
100
AcDbEntity
  8
Слой1
 62
     0
100
AcDbCircle
 10
1428.342296937387
 20
988.9854652582569
 30
0.0
 40
128.3420015189073
100
AcDbArc
 50
189.6285678737299
 51
206.7226762571479
  0
LINE
  5
401
330
1F
100
AcDbEntity
  8
Слой1
 62
     0
100
AcDbLine
 10
1388.464866711871
 20
995.368048677907
 30
0.0
 11
1305.526637783577
 21
995.3680486779072
 31
0.0
  0
ARC
  5
402
330
1F
100
AcDbEntity
  8
Слой1
 62
     0
100
AcDbCircle
 10
1311.028476350984
 20
929.9245741168769
 30
0.0
 40
3.0
100
AcDbArc
 50
234.2613259642269
 51
26.72267625714748
  0
ARC
  5
403
330
1F
100
AcDbEntity
  8
Слой1
 62
     0
100
AcDbCircle
 10
1311.196814089304
 20
1048.379549233702
 30
0.0
 40
3.0
100
AcDbArc
 50
333.11447645955
 51
131.1927112346628
  0
ARC
  5
406
330
1F
100
AcDbEntity
  8
Слой1
 62
     0
100
AcDbCircle
 10
1151.757118760044
 20
984.3478003811338
 30
0.0
 40
5.0
100
AcDbArc
 50
180.0
 51
269.30644139382
  0
ARC
  5
407
330
1F
100
AcDbEntity
  8
Слой1
 62
     0
100
AcDbCircle
 10
1151.93226818547
 20
985.7372476313136
 30
0.0
 40
5.358426563509128
100
AcDbArc
 50
91.0049887799944
 51
195.0286108663796
  0
ARC
  5
5CE
330
1F
100
AcDbEntity
  8
Слой1
 62
     0
100
AcDbCircle
 10
2444.621221513103
 20
1045.27801742197
 30
0.0
 40
5.0
100
AcDbArc
 50
336.0069358251617
 51
88.05581123888407
  0
ARC
  5
5CF
330
1F
100
AcDbEntity
  8
Слой1
 62
     0
100
AcDbCircle
 10
2442.189371253141
 20
918.6790179794707
 30
0.0
 40
5.0
100
AcDbArc
 50
270.3667196474973
 51
43.43874324346686
  0
ARC
  5
5D0
330
1F
100
AcDbEntity
  8
Слой1
 62
     0
100
AcDbCircle
 10
2331.672125052447
 20
917.9716465228478
 30
0.0
 40
5.0
100
AcDbArc
 50
213.3515530153707
 51
270.3667196474979
  0
ARC
  5
5D1
330
1F
100
AcDbEntity
  8
Слой1
 62
     0
100
AcDbCircle
 10
2286.539797697727
 20
968.3552392847175
 30
0.0
 40
5.0
100
AcDbArc
 50
33.35155301537057
 51
90.0
  0
ARC
  5
5D2
330
1F
100
AcDbEntity
  8
Слой1
 62
     0
100
AcDbCircle
 10
1305.526637783577
 20
1000.368048677907
 30
0.0
 40
5.0
100
AcDbArc
 50
174.7049403190723
 51
270.0
  0
ARC
  5
5D3
330
1F
100
AcDbEntity
  8
Слой1
 62
     0
100
AcDbCircle
 10
1306.737843421198
 20
968.3552392847172
 30
0.0
 40
5.0
100
AcDbArc
 50
90.0
 51
189.6285678737301
  0
ARC
  5
5DC
330
1F
100
AcDbEntity
  8
Слой1
 62
     0
100
AcDbCircle
 10
1742.882589995807
 20
1044.415393391234
 30
0.0
 40
42.66177881303025
100
AcDbArc
 50
321.5474235320038
 51
354.65663993106
  0
ARC
  5
5DD
330
1F
100
AcDbEntity
  8
Слой1
 62
     0
100
AcDbCircle
 10
1850.581759462357
 20
1034.342232179105
 30
0.0
 40
65.50743899217616
100
AcDbArc
 50
147.2622345706431
 51
174.65663993106
  0
ARC
  5
5DE
330
1F
100
AcDbEntity
  8
Слой1
 62
     0
100
AcDbCircle
 10
1242.230507966685
 20
1005.705338645392
 30
0.0
 40
593.3155295303454
100
AcDbArc
 50
3.023295809203698
 51
6.80921204917259
  0
ARC
  5
5DF
330
1F
100
AcDbEntity
  8
Слой1
 62
     0
100
AcDbCircle
 10
1836.869350661122
 20
1120.731688562799
 30
0.0
 40
56.71341156148042
100
AcDbArc
 50
195.3282438429812
 51
216.5232251760339
  0
ENDSEC
  0
SECTION
  2
OBJECTS
  0
DICTIONARY
  5
C
330
0
100
AcDbDictionary
281
     1
  3
ACAD_CIP_PREVIOUS_PRODUCT_INFO
350
62F
  3
ACAD_COLOR
350
6B
  3
ACAD_DETAILVIEWSTYLE
350
62A
  3
ACAD_GROUP
350
D
  3
ACAD_IMAGE_DICT
350
1F4
  3
ACAD_IMAGE_VARS
350
1F5
  3
ACAD_LAYOUT
350
1A
  3
ACAD_MATERIAL
350
6A
  3
ACAD_MLEADERSTYLE
350
12D
  3
ACAD_MLINESTYLE
350
17
  3
ACAD_PLOTSETTINGS
350
19
  3
ACAD_PLOTSTYLENAME
350
E
  3
ACAD_SCALELIST
350
10C
  3
ACAD_SECTIONVIEWSTYLE
350
628
  3
ACAD_TABLESTYLE
350
7E
  3
ACAD_VISUALSTYLE
350
EF
  3
ACDB_RECOMPOSE_DATA
350
63A
  3
AcDbVariableDictionary
350
5E
  0
DICTIONARY
  5
3CE
330
2
100
AcDbDictionary
280
     1
281
     1
  3
ACAD_LAYERSTATES
360
3CF
  0
DICTIONARY
  5
13C
330
10
100
AcDbDictionary
280
     1
281
     1
  0
DICTIONARY
  5
1CE
330
1F
100
AcDbDictionary
280
     1
281
     1
  3
ACAD_SORTENTS
360
3FC
  0
XRECORD
  5
62F
102
{ACAD_REACTORS
330
C
102
}
330
C
100
AcDbXrecord
280
     1
300
ACD
300
2013
300
ACD_F_S
  0
DICTIONARY
  5
6B
102
{ACAD_REACTORS
330
C
102
}
330
C
100
AcDbDictionary
281
     1
  0
DICTIONARY
  5
62A
102
{ACAD_REACTORS
330
C
102
}
330
C
100
AcDbDictionary
281
     1
  3
Metric50
350
62B
  0
DICTIONARY
  5
D
102
{ACAD_REACTORS
330
C
102
}
330
C
100
AcDbDictionary
281
     1
  0
DICTIONARY
  5
1F4
102
{ACAD_REACTORS
330
C
102
}
330
C
100
AcDbDictionary
281
     1
  3
fluger7
350
1F6
  0
RASTERVARIABLES
  5
1F5
102
{ACAD_REACTORS
330
C
102
}
330
C
100
AcDbRasterVariables
 90
        0
 70
     1
 71
     1
 72
     1
  0
DICTIONARY
  5
1A
102
{ACAD_REACTORS
330
C
102
}
330
C
100
AcDbDictionary
281
     1
  3
Model
350
22
  3
Лист1
350
D3
  3
Лист2
350
D7
  0
DICTIONARY
  5
6A
102
{ACAD_REACTORS
330
C
102
}
330
C
100
AcDbDictionary
281
     1
  3
ByBlock
350
ED
  3
ByLayer
350
EC
  3
Global
350
EE
  0
DICTIONARY
  5
12D
102
{ACAD_REACTORS
330
C
102
}
330
C
100
AcDbDictionary
281
     1
  3
Standard
350
12E
  3
Аннотативный
350
13B
  0
DICTIONARY
  5
17
102
{ACAD_REACTORS
330
C
102
}
330
C
100
AcDbDictionary
281
     1
  3
Standard
350
18
  0
DICTIONARY
  5
19
102
{ACAD_REACTORS
330
C
102
}
330
C
100
AcDbDictionary
281
     1
  0
ACDBDICTIONARYWDFLT
  5
E
102
{ACAD_REACTORS
330
C
102
}
330
C
100
AcDbDictionary
281
     1
  3
Normal
350
F
100
AcDbDictionaryWithDefault
340
F
  0
DICTIONARY
  5
10C
102
{ACAD_REACTORS
330
C
102
}
330
C
100
AcDbDictionary
281
     1
  3
A0
350
10D
  3
A1
350
1BE
  3
A2
350
1BF
  3
A3
350
1C0
  3
A4
350
1C1
  3
A5
350
1C2
  3
A6
350
1C3
  3
A7
350
1C4
  3
A8
350
1C5
  3
A9
350
1C6
  3
B0
350
1C7
  3
B1
350
1C8
  3
B2
350
1C9
  3
B3
350
1CA
  3
B4
350
1CB
  3
B5
350
1CC
  3
B6
350
1CD
  0
DICTIONARY
  5
628
102
{ACAD_REACTORS
330
C
102
}
330
C
100
AcDbDictionary
281
     1
  3
Metric50
350
629
  0
DICTIONARY
  5
7E
102
{ACAD_REACTORS
330
C
102
}
330
C
100
AcDbDictionary
281
     1
  3
Standard
350
7F
  0
DICTIONARY
  5
EF
102
{ACAD_REACTORS
330
C
102
}
330
C
100
AcDbDictionary
281
     1
  3
2dWireframe
350
F5
  3
3D Hidden
350
F7
  3
3dWireframe
350
F6
  3
Basic
350
F4
  3
Brighten
350
FB
  3
ColorChange
350
FF
  3
Conceptual
350
F8
  3
Dim
350
FA
  3
EdgeColorOff
350
1E6
  3
Facepattern
350
FE
  3
Flat
350
F0
  3
FlatWithEdges
350
F1
  3
Gouraud
350
F2
  3
GouraudWithEdges
350
F3
  3
Hidden
350
622
  3
JitterOff
350
1E4
  3
Linepattern
350
FD
  3
OverhangOff
350
1E5
  3
Realistic
350
F9
  3
Shaded
350
627
  3
Shaded with edges
350
626
  3
Shades of Gray
350
623
  3
Sketchy
350
624
  3
Thicken
350
FC
  3
Wireframe
350
621
  3
X-Ray
350
625
  0
XRECORD
  5
63A
102
{ACAD_REACTORS
330
C
102
}
330
C
100
AcDbXrecord
280
     1
 90
        1
330
7F
  0
DICTIONARY
  5
5E
102
{ACAD_REACTORS
330
C
102
}
330
C
100
AcDbDictionary
281
     1
  3
CANNOSCALE
350
146
  3
CMLEADERSTYLE
350
145
  3
CTABLESTYLE
350
84
  3
CVIEWDETAILSTYLE
350
637
  3
CVIEWSECTIONSTYLE
350
638
  3
DIMASSOC
350
5F
  3
HIDETEXT
350
63
  3
HPCOLOR
350
633
  3
LAYEREVAL
350
1AE
  3
LAYERNOTIFY
350
1AF
  0
DICTIONARY
  5
3CF
102
{ACAD_REACTORS
330
3CE
102
}
330
3CE
100
AcDbDictionary
281
     1
  0
SORTENTSTABLE
  5
3FC
102
{ACAD_REACTORS
330
1CE
102
}
330
1CE
100
AcDbSortentsTable
330
1F
331
357
  5
36B
331
318
  5
32C
331
2E1
  5
2F5
331
2A2
  5
2A5
331
22C
  5
232
331
35F
  5
373
331
320
  5
334
331
2AA
  5
2AD
331
234
  5
237
331
38C
  5
3A0
331
402
  5
2E0
331
394
  5
3A8
331
39C
  5
3B0
331
5D2
  5
2DB
331
328
  5
33C
331
2E9
  5
2FD
331
273
  5
276
331
23C
  5
23F
331
330
  5
344
331
2F1
  5
305
331
27B
  5
280
331
205
  5
20A
331
244
  5
247
331
338
  5
34C
331
2F9
  5
30D
331
2C2
  5
2CA
331
24C
  5
24F
331
20D
  5
210
331
283
  5
286
331
340
  5
354
331
301
  5
315
331
2CA
  5
2D5
331
28B
  5
28E
331
3E3
  5
3F7
331
3AC
  5
3C0
331
365
  5
379
331
3EB
  5
400
331
3B4
  5
3C8
331
3F3
  5
40F
331
3BC
  5
3E2
331
3C4
  5
3EF
331
385
  5
399
331
348
  5
35C
331
309
  5
31D
331
2D2
  5
2E6
331
293
  5
296
331
350
  5
364
331
311
  5
325
331
2DA
  5
2EE
331
29B
  5
29E
331
264
  5
267
331
225
  5
228
331
358
  5
36C
331
319
  5
32D
331
2E2
  5
2F6
331
2A3
  5
2A6
331
321
  5
335
331
2AB
  5
2AE
331
235
  5
239
331
38D
  5
3A1
331
403
  5
2D9
331
395
  5
3A9
331
39D
  5
3B1
331
5D3
  5
2DF
331
3A5
  5
3B9
331
329
  5
33D
331
2EA
  5
2FE
331
274
  5
277
331
23D
  5
240
331
331
  5
345
331
2F2
  5
306
331
2BB
  5
2C0
331
27C
  5
281
331
245
  5
248
331
339
  5
34D
331
2FA
  5
30E
331
2C3
  5
2CC
331
284
  5
287
331
24D
  5
250
331
20E
  5
211
331
341
  5
355
331
302
  5
316
331
2CB
  5
2D7
331
28C
  5
28F
331
3E4
  5
3F8
331
3AD
  5
3C1
331
366
  5
37A
331
3EC
  5
401
331
3B5
  5
3C9
331
3F4
  5
5CE
331
3BD
  5
3E3
331
376
  5
392
331
3C5
  5
3F0
331
386
  5
39A
331
349
  5
35D
331
30A
  5
31E
331
2D3
  5
2E7
331
25D
  5
261
331
294
  5
297
331
351
  5
365
331
312
  5
326
331
2DB
  5
2EF
331
29C
  5
29F
331
226
  5
229
331
265
  5
268
331
359
  5
36D
331
31A
  5
32E
331
2E3
  5
2F7
331
2A4
  5
2A7
331
26D
  5
270
331
22E
  5
233
331
322
  5
336
331
2AC
  5
2B4
331
236
  5
23A
331
38E
  5
3A2
331
396
  5
3AA
331
3DD
  5
3F1
331
39E
  5
3B2
331
5DC
  5
5DE
331
3A6
  5
3BA
331
32A
  5
33E
331
2EB
  5
2FF
331
2B4
  5
2BE
331
275
  5
278
331
23E
  5
241
331
332
  5
346
331
2F3
  5
307
331
2BC
  5
2C1
331
246
  5
249
331
27D
  5
282
331
33A
  5
34E
331
2FB
  5
30F
331
2C4
  5
2CE
331
24E
  5
25D
331
20F
  5
212
331
285
  5
288
331
342
  5
356
331
303
  5
317
331
2CC
  5
2D8
331
28D
  5
290
331
3E5
  5
3F9
331
3AE
  5
3C2
331
367
  5
37B
331
3ED
  5
402
331
3B6
  5
3CA
331
3F5
  5
5CF
331
3BE
  5
3E4
331
377
  5
393
331
387
  5
39B
331
34A
  5
35E
331
30B
  5
31F
331
2D4
  5
2E8
331
295
  5
298
331
25E
  5
262
331
21F
  5
222
331
352
  5
366
331
313
  5
327
331
2DC
  5
2F0
331
266
  5
269
331
227
  5
22A
331
29D
  5
2A0
331
35A
  5
36E
331
31B
  5
32F
331
2E4
  5
2F8
331
26E
  5
271
331
2A5
  5
2A8
331
323
  5
337
331
2AD
  5
2BC
331
237
  5
23B
331
38F
  5
3A3
331
397
  5
3AB
331
3DE
  5
3F2
331
39F
  5
3B3
331
5DD
  5
5DF
331
3A7
  5
3BB
331
32B
  5
33F
331
2EC
  5
300
331
276
  5
279
331
23F
  5
243
331
333
  5
347
331
2F4
  5
308
331
2BD
  5
2C2
331
247
  5
24A
331
208
  5
20B
331
33B
  5
34F
331
2FC
  5
310
331
286
  5
289
331
24F
  5
25E
331
210
  5
213
331
343
  5
357
331
304
  5
318
331
28E
  5
291
331
360
  5
374
331
3E6
  5
3FA
331
3AF
  5
3C3
331
368
  5
37C
331
3EE
  5
403
331
3B7
  5
3DD
331
3F6
  5
5D0
331
3BF
  5
3E5
331
380
  5
394
331
34B
  5
35F
331
30C
  5
320
331
2D5
  5
2E9
331
25F
  5
263
331
220
  5
223
331
296
  5
299
331
353
  5
367
331
314
  5
328
331
2DD
  5
2F1
331
29E
  5
2A1
331
228
  5
22B
331
267
  5
26D
331
35B
  5
36F
331
31C
  5
330
331
2E5
  5
2F9
331
2A6
  5
2A9
331
26F
  5
272
331
324
  5
338
331
2AE
  5
2BD
331
388
  5
39C
331
390
  5
3A4
331
406
  5
2EC
331
398
  5
3AC
331
5CE
  5
2D2
331
3DF
  5
3F3
331
3A0
  5
3B7
331
5DE
  5
631
331
32C
  5
340
331
2ED
  5
301
331
277
  5
27A
331
240
  5
244
331
334
  5
348
331
2F5
  5
309
331
2BE
  5
2C3
331
209
  5
20C
331
248
  5
24C
331
33C
  5
350
331
2FD
  5
311
331
287
  5
28A
331
211
  5
214
331
250
  5
25F
331
344
  5
358
331
305
  5
319
331
2CE
  5
2DA
331
28F
  5
292
331
3A8
  5
3BC
331
361
  5
375
331
3E7
  5
3FB
331
3B0
  5
3C4
331
369
  5
388
331
3EF
  5
404
331
3B8
  5
3DE
331
3F7
  5
5D1
331
3C0
  5
3E6
331
381
  5
395
331
219
  5
21C
331
34C
  5
360
331
30D
  5
321
331
2D6
  5
2EA
331
297
  5
29A
331
221
  5
224
331
354
  5
368
331
315
  5
329
331
2DE
  5
2F2
331
268
  5
26E
331
229
  5
22C
331
29F
  5
2A2
331
35C
  5
370
331
31D
  5
331
331
2E6
  5
2FA
331
231
  5
234
331
2A7
  5
2AA
331
325
  5
339
331
389
  5
39D
331
407
  5
5DD
331
391
  5
3A5
331
399
  5
3AD
331
5CF
  5
2D4
331
3A1
  5
3B8
331
5DF
  5
636
331
270
  5
273
331
239
  5
23C
331
32D
  5
341
331
2EE
  5
302
331
278
  5
27B
331
202
  5
205
331
241
  5
245
331
335
  5
349
331
2F6
  5
30A
331
2BF
  5
2C4
331
280
  5
283
331
20A
  5
20D
331
249
  5
24D
331
33D
  5
351
331
2FE
  5
312
331
2C7
  5
2CF
331
288
  5
28B
331
212
  5
219
331
345
  5
359
331
306
  5
31A
331
2CF
  5
2E1
331
3E0
  5
3F4
331
3A9
  5
3BD
331
362
  5
376
331
3E8
  5
3FD
331
3B1
  5
3C5
331
36A
  5
389
331
3F0
  5
405
331
3B9
  5
3DF
331
3F8
  5
5D2
331
3C1
  5
3E7
331
382
  5
396
331
290
  5
293
331
21A
  5
21F
331
34D
  5
361
331
30E
  5
322
331
2D7
  5
2EB
331
298
  5
29B
331
222
  5
225
331
261
  5
264
331
355
  5
369
331
316
  5
32A
331
2DF
  5
2F3
331
2A0
  5
2A3
331
22A
  5
22E
331
269
  5
26F
331
35D
  5
371
331
31E
  5
332
331
2E7
  5
2FB
331
2A8
  5
2AB
331
232
  5
235
331
326
  5
33A
331
38A
  5
39E
331
400
  5
2DC
331
392
  5
3A6
331
39A
  5
3AE
331
5D0
  5
2D6
331
271
  5
274
331
23A
  5
23D
331
32E
  5
342
331
2EF
  5
303
331
279
  5
27C
331
203
  5
208
331
336
  5
34A
331
2F7
  5
30B
331
2C0
  5
2C8
331
24A
  5
24E
331
20B
  5
20E
331
281
  5
284
331
33E
  5
352
331
2FF
  5
313
331
2C8
  5
2D0
331
289
  5
28C
331
213
  5
21A
331
346
  5
35A
331
307
  5
31B
331
3E1
  5
3F5
331
3AA
  5
3BE
331
363
  5
377
331
3E9
  5
3FE
331
3B2
  5
3C6
331
3F1
  5
406
331
3BA
  5
3E0
331
3F9
  5
5D3
331
3C2
  5
3E8
331
383
  5
397
331
2D0
  5
2E4
331
291
  5
294
331
21B
  5
220
331
34E
  5
362
331
30F
  5
323
331
299
  5
29C
331
262
  5
265
331
223
  5
226
331
356
  5
36A
331
317
  5
32B
331
2E0
  5
2F4
331
22B
  5
231
331
2A1
  5
2A4
331
35E
  5
372
331
31F
  5
333
331
2A9
  5
2AC
331
233
  5
236
331
327
  5
33B
331
38B
  5
39F
331
401
  5
2CB
331
393
  5
3A7
331
39B
  5
3AF
331
5D1
  5
2BF
331
2E8
  5
2FC
331
272
  5
275
331
23B
  5
23E
331
32F
  5
343
331
2F0
  5
304
331
27A
  5
27D
331
204
  5
209
331
243
  5
246
331
337
  5
34B
331
2F8
  5
30C
331
2C1
  5
2C9
331
282
  5
285
331
20C
  5
20F
331
33F
  5
353
331
300
  5
314
331
2C9
  5
2D3
331
28A
  5
28D
331
214
  5
21B
331
347
  5
35B
331
3E2
  5
3F6
331
3AB
  5
3BF
331
364
  5
378
331
3EA
  5
3FF
331
3B3
  5
3C7
331
3F2
  5
407
331
3BB
  5
3E1
331
3FA
  5
5DC
331
3C3
  5
3E9
331
384
  5
398
331
308
  5
31C
331
2D1
  5
2E5
331
292
  5
295
331
21C
  5
221
331
34F
  5
363
331
310
  5
324
331
2D9
  5
2ED
331
29A
  5
29D
331
224
  5
227
331
263
  5
266
  0
ACDBDETAILVIEWSTYLE
  5
62B
102
{ACAD_REACTORS
330
62A
102
}
330
62A
100
AcDbModelDocViewStyle
 70
     0
  3
Metric50
290
     0
100
AcDbDetailViewStyle
 70
     0
 71
     0
 90
        3
 71
     1
340
11
 62
   256
 40
5.0
340
0
 62
   256
 40
5.0
300

 40
0.0
280
     1
 71
     2
340
16
 90
       25
 62
   256
 71
     3
340
11
 62
   256
 40
5.0
 90
        0
 40
15.0
 90
        1
300
%<\AcVar ViewDetailId>% (%<\AcVar ViewScale \f "%sn">%)
 71
     4
340
16
 90
       25
 62
   256
340
16
 90
       25
 62
   256
280
     0
  0
IMAGEDEF
  5
1F6
102
{ACAD_REACTORS
330
1F4
102
}
330
1F4
100
AcDbRasterImageDef
 90
        0
  1
C:\Documents and Settings\Я\Мои документы\ARTPANELS\Заказы\Флюгеры макеты\fluger7.jpg
 10
1000.0
 20
685.0
 11
0.001
 21
0.001
280
     1
281
     0
  0
LAYOUT
  5
22
102
{ACAD_XDICTIONARY
360
3D4
102
}
102
{ACAD_REACTORS
330
1A
102
}
330
1A
100
AcDbPlotSettings
  1

  2
none_device
  4
ISO_A4_(210.00_x_297.00_MM)
  6

 40
7.5
 41
20.0
 42
7.5
 43
20.0
 44
210.0
 45
297.0
 46
11.54999923706054
 47
-13.65000009536743
 48
0.0
 49
0.0
140
0.0
141
0.0
142
1.0
143
8.704084754739808
 70
 11952
 72
     1
 73
     0
 74
     0
  7

 75
     0
147
0.1148885871608098
 76
     0
 77
     2
 78
   300
148
0.0
149
0.0
100
AcDbLayout
  1
Model
 70
     1
 71
     0
 10
0.0
 20
0.0
 11
12.0
 21
9.0
 12
0.0
 22
0.0
 32
0.0
 14
0.0
 24
0.0
 34
0.0
 15
0.0
 25
0.0
 35
0.0
146
0.0
 13
0.0
 23
0.0
 33
0.0
 16
1.0
 26
0.0
 36
0.0
 17
0.0
 27
1.0
 37
0.0
 76
     0
330
1F
331
EA
1001
ACAD_PSEXT
1000
None
1000
None
1000
Not applicable
1000
The layout will not be plotted unless a new plotter configuration name is selected.
1070
     0
  0
LAYOUT
  5
D3
102
{ACAD_REACTORS
330
1A
102
}
330
1A
100
AcDbPlotSettings
  1

  2
C:\Documents and Settings\basas\Application Data\Autodesk\AutoCAD 2005\R16.1\enu\plotters\Default Windows System Printer.pc3
  4

  6

 40
0.0
 41
0.0
 42
0.0
 43
0.0
 44
0.0
 45
0.0
 46
0.0
 47
0.0
 48
0.0
 49
0.0
140
0.0
141
0.0
142
1.0
143
1.0
 70
   688
 72
     0
 73
     0
 74
     5
  7

 75
    16
147
1.0
 76
     0
 77
     2
 78
   300
148
0.0
149
0.0
100
AcDbLayout
  1
Лист1
 70
     1
 71
     1
 10
0.0
 20
0.0
 11
12.0
 21
9.0
 12
0.0
 22
0.0
 32
0.0
 14
0.0
 24
0.0
 34
0.0
 15
0.0
 25
0.0
 35
0.0
146
0.0
 13
0.0
 23
0.0
 33
0.0
 16
1.0
 26
0.0
 36
0.0
 17
0.0
 27
1.0
 37
0.0
 76
     0
330
D2
  0
LAYOUT
  5
D7
102
{ACAD_REACTORS
330
1A
102
}
330
1A
100
AcDbPlotSettings
  1

  2
C:\Documents and Settings\basas\Application Data\Autodesk\AutoCAD 2005\R16.1\enu\plotters\Default Windows System Printer.pc3
  4

  6

 40
0.0
 41
0.0
 42
0.0
 43
0.0
 44
0.0
 45
0.0
 46
0.0
 47
0.0
 48
0.0
 49
0.0
140
0.0
141
0.0
142
1.0
143
1.0
 70
   688
 72
     0
 73
     0
 74
     5
  7

 75
    16
147
1.0
 76
     0
 77
     2
 78
   300
148
0.0
149
0.0
100
AcDbLayout
  1
Лист2
 70
     1
 71
     2
 10
0.0
 20
0.0
 11
12.0
 21
9.0
 12
0.0
 22
0.0
 32
0.0
 14
0.0
 24
0.0
 34
0.0
 15
0.0
 25
0.0
 35
0.0
146
0.0
 13
0.0
 23
0.0
 33
0.0
 16
1.0
 26
0.0
 36
0.0
 17
0.0
 27
1.0
 37
0.0
 76
     0
330
D6
  0
MATERIAL
  5
ED
102
{ACAD_REACTORS
330
6A
102
}
330
6A
100
AcDbMaterial
  1
ByBlock
 94
       63
  0
MATERIAL
  5
EC
102
{ACAD_REACTORS
330
6A
102
}
330
6A
100
AcDbMaterial
  1
ByLayer
 94
       63
  0
MATERIAL
  5
EE
102
{ACAD_XDICTIONARY
360
173
102
}
102
{ACAD_REACTORS
330
6A
102
}
330
6A
100
AcDbMaterial
  1
Global
 43
0.0007999999797903
 43
0.0
 43
0.0
 43
0.0
 43
0.0
 43
0.0007999999797903
 43
0.0
 43
0.0
 43
0.0
 43
0.0
 43
1.0
 43
0.0
 43
0.0
 43
0.0
 43
0.0
 43
1.0
 49
0.0007999999797903
 49
0.0
 49
0.0
 49
0.0
 49
0.0
 49
0.0007999999797903
 49
0.0
 49
0.0
 49
0.0
 49
0.0
 49
1.0
 49
0.0
 49
0.0
 49
0.0
 49
0.0
 49
1.0
142
0.0007999999797903
142
0.0
142
0.0
142
0.0
142
0.0
142
0.0007999999797903
142
0.0
142
0.0
142
0.0
142
0.0
142
1.0
142
0.0
142
0.0
142
0.0
142
0.0
142
1.0
144
0.0007999999797903
144
0.0
144
0.0
144
0.0
144
0.0
144
0.0007999999797903
144
0.0
144
0.0
144
0.0
144
0.0
144
1.0
144
0.0
144
0.0
144
0.0
144
0.0
144
1.0
 94
       63
1001
ACAD
1070
    -1
1070
     3
1070
     0
1000

1071
        0
1070
     0
  0
MLEADERSTYLE
  5
12E
102
{ACAD_REACTORS
330
12D
102
}
330
12D
100
AcDbMLeaderStyle
179
     2
170
     2
171
     1
172
     0
 90
        2
 40
0.0
 41
0.0
173
     1
 91
-1056964608
340
14
 92
       -2
290
     1
 42
2.0
291
     1
 43
8.0
  3
Standard
 44
4.0
300

342
11
174
     1
178
     1
175
     1
176
     0
 93
-1056964608
 45
4.0
292
     0
297
     0
 46
4.0
 94
-1056964608
 47
1.0
 49
1.0
140
1.0
293
     1
141
0.0
294
     1
177
     0
142
1.0
295
     0
296
     0
143
3.75
271
     0
272
     9
273
     9
  0
MLEADERSTYLE
  5
13B
102
{ACAD_REACTORS
330
12D
102
}
330
12D
100
AcDbMLeaderStyle
179
     2
170
     2
171
     1
172
     0
 90
        2
 40
0.0
 41
0.0
173
     1
 91
-1056964608
340
14
 92
       -2
290
     1
 42
2.0
291
     1
 43
8.0
  3
Standard
 44
4.0
300

342
11
174
     1
178
     1
175
     1
176
     0
 93
-1056964608
 45
4.0
292
     0
297
     0
 46
4.0
 94
-1056964608
 47
1.0
 49
1.0
140
1.0
293
     1
141
0.0
294
     1
177
     0
142
1.0
295
     0
296
     1
143
3.75
271
     0
272
     9
273
     9
  0
MLINESTYLE
  5
18
102
{ACAD_REACTORS
330
17
102
}
330
17
100
AcDbMlineStyle
  2
STANDARD
 70
     0
  3

 62
   256
 51
90.0
 52
90.0
 71
     2
 49
0.5
 62
   256
  6
BYLAYER
 49
-0.5
 62
   256
  6
BYLAYER
  0
ACDBPLACEHOLDER
  5
F
102
{ACAD_REACTORS
330
E
102
}
330
E
  0
SCALE
  5
10D
102
{ACAD_REACTORS
330
10C
102
}
330
10C
100
AcDbScale
 70
     0
300
1:1
140
1.0
141
1.0
290
     1
  0
SCALE
  5
1BE
102
{ACAD_REACTORS
330
10C
102
}
330
10C
100
AcDbScale
 70
     0
300
1:2
140
1.0
141
2.0
290
     0
  0
SCALE
  5
1BF
102
{ACAD_REACTORS
330
10C
102
}
330
10C
100
AcDbScale
 70
     0
300
1:4
140
1.0
141
4.0
290
     0
  0
SCALE
  5
1C0
102
{ACAD_REACTORS
330
10C
102
}
330
10C
100
AcDbScale
 70
     0
300
1:5
140
1.0
141
5.0
290
     0
  0
SCALE
  5
1C1
102
{ACAD_REACTORS
330
10C
102
}
330
10C
100
AcDbScale
 70
     0
300
1:8
140
1.0
141
8.0
290
     0
  0
SCALE
  5
1C2
102
{ACAD_REACTORS
330
10C
102
}
330
10C
100
AcDbScale
 70
     0
300
1:10
140
1.0
141
10.0
290
     0
  0
SCALE
  5
1C3
102
{ACAD_REACTORS
330
10C
102
}
330
10C
100
AcDbScale
 70
     0
300
1:16
140
1.0
141
16.0
290
     0
  0
SCALE
  5
1C4
102
{ACAD_REACTORS
330
10C
102
}
330
10C
100
AcDbScale
 70
     0
300
1:20
140
1.0
141
20.0
290
     0
  0
SCALE
  5
1C5
102
{ACAD_REACTORS
330
10C
102
}
330
10C
100
AcDbScale
 70
     0
300
1:30
140
1.0
141
30.0
290
     0
  0
SCALE
  5
1C6
102
{ACAD_REACTORS
330
10C
102
}
330
10C
100
AcDbScale
 70
     0
300
1:40
140
1.0
141
40.0
290
     0
  0
SCALE
  5
1C7
102
{ACAD_REACTORS
330
10C
102
}
330
10C
100
AcDbScale
 70
     0
300
1:50
140
1.0
141
50.0
290
     0
  0
SCALE
  5
1C8
102
{ACAD_REACTORS
330
10C
102
}
330
10C
100
AcDbScale
 70
     0
300
1:100
140
1.0
141
100.0
290
     0
  0
SCALE
  5
1C9
102
{ACAD_REACTORS
330
10C
102
}
330
10C
100
AcDbScale
 70
     0
300
2:1
140
2.0
141
1.0
290
     0
  0
SCALE
  5
1CA
102
{ACAD_REACTORS
330
10C
102
}
330
10C
100
AcDbScale
 70
     0
300
4:1
140
4.0
141
1.0
290
     0
  0
SCALE
  5
1CB
102
{ACAD_REACTORS
330
10C
102
}
330
10C
100
AcDbScale
 70
     0
300
8:1
140
8.0
141
1.0
290
     0
  0
SCALE
  5
1CC
102
{ACAD_REACTORS
330
10C
102
}
330
10C
100
AcDbScale
 70
     0
300
10:1
140
10.0
141
1.0
290
     0
  0
SCALE
  5
1CD
102
{ACAD_REACTORS
330
10C
102
}
330
10C
100
AcDbScale
 70
     0
300
100:1
140
100.0
141
1.0
290
     0
  0
ACDBSECTIONVIEWSTYLE
  5
629
102
{ACAD_REACTORS
330
628
102
}
330
628
100
AcDbModelDocViewStyle
 70
     0
  3
Metric50
290
     0
100
AcDbSectionViewStyle
 70
     0
 71
     0
 90
      102
 71
     1
340
11
 62
   256
 40
5.0
340
0
340
0
 62
   256
 40
5.0
300
I, O, Q, S, X, Z
 40
10.0
 90
        0
 40
2.5
 90
        0
 71
     2
340
16
 90
       25
 62
   256
340
16
 90
       50
 62
   256
 40
5.0
 40
2.5
 40
5.0
 71
     3
340
11
 62
   256
 40
5.0
 90
        0
 40
15.0
 90
        1
300
%<\AcVar ViewSectionStartId>%-%<\AcVar ViewSectionEndId>% (%<\AcVar ViewScale \f "%sn">%)
 71
     4
 62
   256
 62
   257
300
ANSI31
 40
1.0
 90
        0
290
     0
290
     0
 90
        6
 40
0.0
 40
1.570796326794896
 40
0.2617993877991494
 40
1.308996938995747
 40
-0.2617993877991494
 40
1.832595714594046
  0
TABLESTYLE
  5
7F
102
{ACAD_XDICTIONARY
360
162
102
}
102
{ACAD_REACTORS
330
7E
102
}
330
7E
100
AcDbTableStyle
280
     0
  3
Standard
 70
     0
 71
     0
 40
1.5
 41
1.5
280
     0
281
     0
  7
Standard
140
4.5
170
     2
 62
     0
 63
     7
283
     0
 90
      512
 91
        0
  1

274
    -2
284
     1
 64
     0
275
    -2
285
     1
 65
     0
276
    -2
286
     1
 66
     0
277
    -2
287
     1
 67
     0
278
    -2
288
     1
 68
     0
279
    -2
289
     1
 69
     0
  7
Standard
140
6.0
170
     5
 62
     0
 63
     7
283
     0
 90
      512
 91
        0
  1

274
    -2
284
     1
 64
     0
275
    -2
285
     1
 65
     0
276
    -2
286
     1
 66
     0
277
    -2
287
     1
 67
     0
278
    -2
288
     1
 68
     0
279
    -2
289
     1
 69
     0
  7
Standard
140
4.5
170
     5
 62
     0
 63
     7
283
     0
 90
      512
 91
        0
  1

274
    -2
284
     1
 64
     0
275
    -2
285
     1
 65
     0
276
    -2
286
     1
 66
     0
277
    -2
287
     1
 67
     0
278
    -2
288
     1
 68
     0
279
    -2
289
     1
 69
     0
  0
VISUALSTYLE
  5
F5
102
{ACAD_XDICTIONARY
360
645
102
}
102
{ACAD_REACTORS
330
EF
102
}
330
EF
100
AcDbVisualStyle
  2
2dWireframe
 70
     4
177
     2
291
     0
 71
     0
176
     1
 72
     2
176
     1
 73
     1
176
     1
 90
        0
176
     1
 40
0.6
176
     1
 41
30.0
176
     1
 63
     7
421
 16777215
176
     1
 74
     1
176
     1
 91
        4
176
     1
 64
     7
176
     1
 65
   257
176
     1
 75
     1
176
     1
175
     1
176
     1
 42
1.0
176
     1
 92
        0
176
     1
 66
   257
176
     1
 43
1.0
176
     1
 76
     1
176
     1
 77
     6
176
     1
 78
     2
176
     1
 67
     7
176
     1
 79
     5
176
     1
170
     0
176
     1
171
     0
176
     1
290
     0
176
     1
 93
        1
176
     1
 44
0.0
176
     1
173
     0
176
     1
1001
ACAD
1000
AcDbSavedByObjectVersion
1070
     0
  0
VISUALSTYLE
  5
F7
102
{ACAD_XDICTIONARY
360
649
102
}
102
{ACAD_REACTORS
330
EF
102
}
330
EF
100
AcDbVisualStyle
  2
3D Hidden
 70
     6
177
     2
291
     0
 71
     1
176
     1
 72
     2
176
     1
 73
     2
176
     1
 90
        0
176
     1
 40
0.6
176
     1
 41
30.0
176
     1
 63
     7
421
 16777215
176
     1
 74
     2
176
     1
 91
        2
176
     1
 64
     7
176
     1
 65
   257
176
     1
 75
     2
176
     1
175
     1
176
     1
 42
40.0
176
     1
 92
        0
176
     1
 66
   257
176
     1
 43
1.0
176
     1
 76
     1
176
     1
 77
     6
176
     1
 78
     2
176
     1
 67
     7
176
     1
 79
     3
176
     1
170
     0
176
     1
171
     0
176
     1
290
     0
176
     1
 93
        1
176
     1
 44
0.0
176
     1
173
     0
176
     1
1001
ACAD
1000
AcDbSavedByObjectVersion
1070
     0
  0
VISUALSTYLE
  5
F6
102
{ACAD_XDICTIONARY
360
647
102
}
102
{ACAD_REACTORS
330
EF
102
}
330
EF
100
AcDbVisualStyle
  2
3dWireframe
 70
     5
177
     2
291
     0
 71
     0
176
     1
 72
     2
176
     1
 73
     1
176
     1
 90
        0
176
     1
 40
0.6
176
     1
 41
30.0
176
     1
 63
     7
421
 16777215
176
     1
 74
     1
176
     1
 91
        4
176
     1
 64
     7
176
     1
 65
   257
176
     1
 75
     1
176
     1
175
     1
176
     1
 42
1.0
176
     1
 92
        0
176
     1
 66
   257
176
     1
 43
1.0
176
     1
 76
     1
176
     1
 77
     6
176
     1
 78
     2
176
     1
 67
     7
176
     1
 79
     5
176
     1
170
     0
176
     1
171
     0
176
     1
290
     0
176
     1
 93
        1
176
     1
 44
0.0
176
     1
173
     0
176
     1
1001
ACAD
1000
AcDbSavedByObjectVersion
1070
     0
  0
VISUALSTYLE
  5
F4
102
{ACAD_XDICTIONARY
360
643
102
}
102
{ACAD_REACTORS
330
EF
102
}
330
EF
100
AcDbVisualStyle
  2
Basic
 70
     7
177
     2
291
     1
 71
     1
176
     1
 72
     0
176
     1
 73
     1
176
     1
 90
        0
176
     1
 40
0.6
176
     1
 41
30.0
176
     1
 63
     7
421
 16777215
176
     1
 74
     0
176
     1
 91
        4
176
     1
 64
     7
176
     1
 65
   257
176
     1
 75
     1
176
     1
175
     1
176
     1
 42
1.0
176
     1
 92
        8
176
     1
 66
     7
176
     1
 43
1.0
176
     1
 76
     1
176
     1
 77
     6
176
     1
 78
     2
176
     1
 67
     7
176
     1
 79
     5
176
     1
170
     0
176
     1
171
     0
176
     1
290
     0
176
     1
 93
        1
176
     1
 44
0.0
176
     1
173
     0
176
     1
1001
ACAD
1000
AcDbSavedByObjectVersion
1070
     0
  0
VISUALSTYLE
  5
FB
102
{ACAD_XDICTIONARY
360
651
102
}
102
{ACAD_REACTORS
330
EF
102
}
330
EF
100
AcDbVisualStyle
  2
Brighten
 70
    12
177
     2
291
     1
 71
     2
176
     1
 72
     2
176
     1
 73
     1
176
     1
 90
        0
176
     1
 40
0.6
176
     1
 41
30.0
176
     1
 63
     7
421
 16777215
176
     1
 74
     1
176
     1
 91
        4
176
     1
 64
     7
176
     1
 65
   257
176
     1
 75
     1
176
     1
175
     1
176
     1
 42
1.0
176
     1
 92
        8
176
     1
 66
     7
176
     1
 43
1.0
176
     1
 76
     1
176
     1
 77
     6
176
     1
 78
     2
176
     1
 67
     7
176
     1
 79
     5
176
     1
170
     0
176
     1
171
     0
176
     1
290
     0
176
     1
 93
        1
176
     1
 44
50.0
176
     1
173
     0
176
     1
1001
ACAD
1000
AcDbSavedByObjectVersion
1070
     0
  0
VISUALSTYLE
  5
FF
102
{ACAD_XDICTIONARY
360
659
102
}
102
{ACAD_REACTORS
330
EF
102
}
330
EF
100
AcDbVisualStyle
  2
ColorChange
 70
    16
177
     2
291
     1
 71
     2
176
     1
 72
     2
176
     1
 73
     3
176
     1
 90
        0
176
     1
 40
0.6
176
     1
 41
30.0
176
     1
 63
     8
421
  8421504
176
     1
 74
     1
176
     1
 91
        4
176
     1
 64
     7
176
     1
 65
   257
176
     1
 75
     1
176
     1
175
     1
176
     1
 42
1.0
176
     1
 92
        8
176
     1
 66
     8
424
  8421504
176
     1
 43
1.0
176
     1
 76
     1
176
     1
 77
     6
176
     1
 78
     2
176
     1
 67
     7
176
     1
 79
     5
176
     1
170
     0
176
     1
171
     0
176
     1
290
     0
176
     1
 93
        1
176
     1
 44
0.0
176
     1
173
     0
176
     1
1001
ACAD
1000
AcDbSavedByObjectVersion
1070
     0
  0
VISUALSTYLE
  5
F8
102
{ACAD_XDICTIONARY
360
64B
102
}
102
{ACAD_REACTORS
330
EF
102
}
330
EF
100
AcDbVisualStyle
  2
Conceptual
 70
     9
177
     2
291
     0
 71
     3
176
     1
 72
     2
176
     1
 73
     1
176
     1
 90
        0
176
     1
 40
0.6
176
     1
 41
30.0
176
     1
 63
     7
421
 16777215
176
     1
 74
     2
176
     1
 91
        2
176
     1
 64
     7
176
     1
 65
   257
176
     1
 75
     1
176
     1
175
     1
176
     1
 42
40.0
176
     1
 92
        8
176
     1
 66
     7
176
     1
 43
1.0
176
     1
 76
     1
176
     1
 77
     6
176
     1
 78
     2
176
     1
 67
     7
176
     1
 79
     3
176
     1
170
     0
176
     1
171
     0
176
     1
290
     0
176
     1
 93
        1
176
     1
 44
0.0
176
     1
173
     0
176
     1
1001
ACAD
1000
AcDbSavedByObjectVersion
1070
     0
  0
VISUALSTYLE
  5
FA
102
{ACAD_XDICTIONARY
360
64F
102
}
102
{ACAD_REACTORS
330
EF
102
}
330
EF
100
AcDbVisualStyle
  2
Dim
 70
    11
177
     2
291
     1
 71
     2
176
     1
 72
     2
176
     1
 73
     1
176
     1
 90
        0
176
     1
 40
0.6
176
     1
 41
30.0
176
     1
 63
     7
421
 16777215
176
     1
 74
     1
176
     1
 91
        4
176
     1
 64
     7
176
     1
 65
   257
176
     1
 75
     1
176
     1
175
     1
176
     1
 42
1.0
176
     1
 92
        8
176
     1
 66
     7
176
     1
 43
1.0
176
     1
 76
     1
176
     1
 77
     6
176
     1
 78
     2
176
     1
 67
     7
176
     1
 79
     5
176
     1
170
     0
176
     1
171
     0
176
     1
290
     0
176
     1
 93
        1
176
     1
 44
-50.0
176
     1
173
     0
176
     1
1001
ACAD
1000
AcDbSavedByObjectVersion
1070
     0
  0
VISUALSTYLE
  5
1E6
102
{ACAD_XDICTIONARY
360
65F
102
}
102
{ACAD_REACTORS
330
EF
102
}
330
EF
100
AcDbVisualStyle
  2
EdgeColorOff
 70
    22
177
     2
291
     1
 71
     2
176
     0
 72
     2
176
     0
 73
     0
176
     0
 90
        0
176
     0
 40
0.6
176
     0
 41
30.0
176
     0
 63
     7
421
 16777215
176
     0
 74
     1
176
     0
 91
        4
176
     0
 64
     7
176
     0
 65
   257
176
     0
 75
     1
176
     0
175
     1
176
     0
 42
1.0
176
     0
 92
        8
176
     2
 66
     7
176
     0
 43
1.0
176
     0
 76
     1
176
     0
 77
     6
176
     0
 78
     2
176
     0
 67
     7
176
     0
 79
     5
176
     0
170
     0
176
     0
171
     0
176
     0
290
     0
176
     0
 93
        1
176
     0
 44
0.0
176
     0
173
     0
176
     0
1001
ACAD
1000
AcDbSavedByObjectVersion
1070
     0
  0
VISUALSTYLE
  5
FE
102
{ACAD_XDICTIONARY
360
657
102
}
102
{ACAD_REACTORS
330
EF
102
}
330
EF
100
AcDbVisualStyle
  2
Facepattern
 70
    15
177
     2
291
     1
 71
     2
176
     1
 72
     2
176
     1
 73
     1
176
     1
 90
        0
176
     1
 40
0.6
176
     1
 41
30.0
176
     1
 63
     7
421
 16777215
176
     1
 74
     1
176
     1
 91
        4
176
     1
 64
     7
176
     1
 65
   257
176
     1
 75
     1
176
     1
175
     1
176
     1
 42
1.0
176
     1
 92
        8
176
     1
 66
     7
176
     1
 43
1.0
176
     1
 76
     1
176
     1
 77
     6
176
     1
 78
     2
176
     1
 67
     7
176
     1
 79
     5
176
     1
170
     0
176
     1
171
     0
176
     1
290
     0
176
     1
 93
        1
176
     1
 44
0.0
176
     1
173
     0
176
     1
1001
ACAD
1000
AcDbSavedByObjectVersion
1070
     0
  0
VISUALSTYLE
  5
F0
102
{ACAD_XDICTIONARY
360
63B
102
}
102
{ACAD_REACTORS
330
EF
102
}
330
EF
100
AcDbVisualStyle
  2
Flat
 70
     0
177
     2
291
     1
 71
     2
176
     1
 72
     1
176
     1
 73
     1
176
     1
 90
        2
176
     1
 40
0.6
176
     1
 41
30.0
176
     1
 63
     7
421
 16777215
176
     1
 74
     0
176
     1
 91
        4
176
     1
 64
     7
176
     1
 65
   257
176
     1
 75
     1
176
     1
175
     1
176
     1
 42
1.0
176
     1
 92
        8
176
     1
 66
     7
176
     1
 43
1.0
176
     1
 76
     1
176
     1
 77
     6
176
     1
 78
     2
176
     1
 67
     7
176
     1
 79
     5
176
     1
170
     0
176
     1
171
     0
176
     1
290
     0
176
     1
 93
        1
176
     1
 44
0.0
176
     1
173
     0
176
     1
1001
ACAD
1000
AcDbSavedByObjectVersion
1070
     0
  0
VISUALSTYLE
  5
F1
102
{ACAD_XDICTIONARY
360
63D
102
}
102
{ACAD_REACTORS
330
EF
102
}
330
EF
100
AcDbVisualStyle
  2
FlatWithEdges
 70
     1
177
     2
291
     1
 71
     2
176
     1
 72
     1
176
     1
 73
     1
176
     1
 90
        2
176
     1
 40
0.6
176
     1
 41
30.0
176
     1
 63
     7
421
 16777215
176
     1
 74
     1
176
     1
 91
        4
176
     1
 64
     7
176
     1
 65
   257
176
     1
 75
     1
176
     1
175
     1
176
     1
 42
1.0
176
     1
 92
        0
176
     1
 66
   257
176
     1
 43
1.0
176
     1
 76
     1
176
     1
 77
     6
176
     1
 78
     2
176
     1
 67
     7
176
     1
 79
     5
176
     1
170
     0
176
     1
171
     0
176
     1
290
     0
176
     1
 93
        1
176
     1
 44
0.0
176
     1
173
     0
176
     1
1001
ACAD
1000
AcDbSavedByObjectVersion
1070
     0
  0
VISUALSTYLE
  5
F2
102
{ACAD_XDICTIONARY
360
63F
102
}
102
{ACAD_REACTORS
330
EF
102
}
330
EF
100
AcDbVisualStyle
  2
Gouraud
 70
     2
177
     2
291
     1
 71
     2
176
     1
 72
     2
176
     1
 73
     1
176
     1
 90
        2
176
     1
 40
0.6
176
     1
 41
30.0
176
     1
 63
     7
421
 16777215
176
     1
 74
     0
176
     1
 91
        4
176
     1
 64
     7
176
     1
 65
   257
176
     1
 75
     1
176
     1
175
     1
176
     1
 42
1.0
176
     1
 92
        0
176
     1
 66
     7
176
     1
 43
1.0
176
     1
 76
     1
176
     1
 77
     6
176
     1
 78
     2
176
     1
 67
     7
176
     1
 79
     5
176
     1
170
     0
176
     1
171
     0
176
     1
290
     0
176
     1
 93
        1
176
     1
 44
0.0
176
     1
173
     0
176
     1
1001
ACAD
1000
AcDbSavedByObjectVersion
1070
     0
  0
VISUALSTYLE
  5
F3
102
{ACAD_XDICTIONARY
360
641
102
}
102
{ACAD_REACTORS
330
EF
102
}
330
EF
100
AcDbVisualStyle
  2
GouraudWithEdges
 70
     3
177
     2
291
     1
 71
     2
176
     1
 72
     2
176
     1
 73
     1
176
     1
 90
        2
176
     1
 40
0.6
176
     1
 41
30.0
176
     1
 63
     7
421
 16777215
176
     1
 74
     1
176
     1
 91
        4
176
     1
 64
     7
176
     1
 65
   257
176
     1
 75
     1
176
     1
175
     1
176
     1
 42
1.0
176
     1
 92
        0
176
     1
 66
   257
176
     1
 43
1.0
176
     1
 76
     1
176
     1
 77
     6
176
     1
 78
     2
176
     1
 67
     7
176
     1
 79
     5
176
     1
170
     0
176
     1
171
     0
176
     1
290
     0
176
     1
 93
        1
176
     1
 44
0.0
176
     1
173
     0
176
     1
1001
ACAD
1000
AcDbSavedByObjectVersion
1070
     0
  0
VISUALSTYLE
  5
622
102
{ACAD_XDICTIONARY
360
663
102
}
102
{ACAD_REACTORS
330
EF
102
}
330
EF
100
AcDbVisualStyle
  2
Hidden
 70
     6
177
     2
291
     0
 71
     1
176
     1
 72
     2
176
     1
 73
     2
176
     1
 90
        0
176
     1
 40
0.6
176
     1
 41
30.0
176
     1
 63
     7
421
 16777215
176
     1
 74
     2
176
     1
 91
        2
176
     1
 64
     7
176
     1
 65
   257
176
     1
 75
     2
176
     1
175
     1
176
     1
 42
40.0
176
     1
 92
        0
176
     1
 66
   257
176
     1
 43
1.0
176
     1
 76
     1
176
     1
 77
     6
176
     1
 78
     2
176
     1
 67
     7
176
     1
 79
     3
176
     1
170
     0
176
     1
171
     0
176
     1
290
     0
176
     1
 93
        1
176
     1
 44
0.0
176
     1
173
     0
176
     1
1001
ACAD
1000
AcDbSavedByObjectVersion
1070
     0
  0
VISUALSTYLE
  5
1E4
102
{ACAD_XDICTIONARY
360
65B
102
}
102
{ACAD_REACTORS
330
EF
102
}
330
EF
100
AcDbVisualStyle
  2
JitterOff
 70
    20
177
     2
291
     1
 71
     2
176
     0
 72
     2
176
     0
 73
     0
176
     0
 90
        0
176
     0
 40
0.6
176
     0
 41
30.0
176
     0
 63
     7
421
 16777215
176
     0
 74
     1
176
     0
 91
        4
176
     0
 64
     7
176
     0
 65
   257
176
     0
 75
     1
176
     0
175
     1
176
     0
 42
1.0
176
     0
 92
       10
176
     2
 66
     7
176
     0
 43
1.0
176
     0
 76
     1
176
     0
 77
     6
176
     0
 78
     2
176
     0
 67
     7
176
     0
 79
     5
176
     0
170
     0
176
     0
171
     0
176
     0
290
     0
176
     0
 93
        1
176
     0
 44
0.0
176
     0
173
     0
176
     0
1001
ACAD
1000
AcDbSavedByObjectVersion
1070
     0
  0
VISUALSTYLE
  5
FD
102
{ACAD_XDICTIONARY
360
655
102
}
102
{ACAD_REACTORS
330
EF
102
}
330
EF
100
AcDbVisualStyle
  2
Linepattern
 70
    14
177
     2
291
     1
 71
     2
176
     1
 72
     2
176
     1
 73
     1
176
     1
 90
        0
176
     1
 40
0.6
176
     1
 41
30.0
176
     1
 63
     7
421
 16777215
176
     1
 74
     1
176
     1
 91
        4
176
     1
 64
     7
176
     1
 65
   257
176
     1
 75
     7
176
     1
175
     7
176
     1
 42
1.0
176
     1
 92
        8
176
     1
 66
     7
176
     1
 43
1.0
176
     1
 76
     1
176
     1
 77
     6
176
     1
 78
     2
176
     1
 67
     7
176
     1
 79
     5
176
     1
170
     0
176
     1
171
     0
176
     1
290
     0
176
     1
 93
        1
176
     1
 44
0.0
176
     1
173
     0
176
     1
1001
ACAD
1000
AcDbSavedByObjectVersion
1070
     0
  0
VISUALSTYLE
  5
1E5
102
{ACAD_XDICTIONARY
360
65D
102
}
102
{ACAD_REACTORS
330
EF
102
}
330
EF
100
AcDbVisualStyle
  2
OverhangOff
 70
    21
177
     2
291
     1
 71
     2
176
     0
 72
     2
176
     0
 73
     0
176
     0
 90
        0
176
     0
 40
0.6
176
     0
 41
30.0
176
     0
 63
     7
421
 16777215
176
     0
 74
     1
176
     0
 91
        4
176
     0
 64
     7
176
     0
 65
   257
176
     0
 75
     1
176
     0
175
     1
176
     0
 42
1.0
176
     0
 92
        9
176
     2
 66
     7
176
     0
 43
1.0
176
     0
 76
     1
176
     0
 77
     6
176
     0
 78
     2
176
     0
 67
     7
176
     0
 79
     5
176
     0
170
     0
176
     0
171
     0
176
     0
290
     0
176
     0
 93
        1
176
     0
 44
0.0
176
     0
173
     0
176
     0
1001
ACAD
1000
AcDbSavedByObjectVersion
1070
     0
  0
VISUALSTYLE
  5
F9
102
{ACAD_XDICTIONARY
360
64D
102
}
102
{ACAD_REACTORS
330
EF
102
}
330
EF
100
AcDbVisualStyle
  2
Realistic
 70
     8
177
     2
291
     0
 71
     2
176
     1
 72
     2
176
     1
 73
     1
176
     1
 90
        0
176
     1
 40
0.6
176
     1
 41
30.0
176
     1
 63
     7
421
 16777215
176
     1
 74
     1
176
     1
 91
        0
176
     1
 64
     7
176
     1
 65
   257
176
     1
 75
     1
176
     1
175
     1
176
     1
 42
1.0
176
     1
 92
        8
176
     1
 66
     8
424
  7895160
176
     1
 43
1.0
176
     1
 76
     1
176
     1
 77
     6
176
     1
 78
     2
176
     1
 67
     7
176
     1
 79
     5
176
     1
170
     0
176
     1
171
     0
176
     1
290
     0
176
     1
 93
       13
176
     1
 44
0.0
176
     1
173
     0
176
     1
1001
ACAD
1000
AcDbSavedByObjectVersion
1070
     0
  0
VISUALSTYLE
  5
627
102
{ACAD_XDICTIONARY
360
66D
102
}
102
{ACAD_REACTORS
330
EF
102
}
330
EF
100
AcDbVisualStyle
  2
Shaded
 70
    27
177
     2
291
     0
 71
     2
176
     1
 72
     2
176
     1
 73
     1
176
     1
 90
        2
176
     1
 40
0.6
176
     1
 41
30.0
176
     1
 63
     7
421
 16777215
176
     1
 74
     0
176
     1
 91
        4
176
     1
 64
     7
176
     1
 65
   257
176
     1
 75
     1
176
     1
175
     1
176
     1
 42
1.0
176
     1
 92
        8
176
     1
 66
   257
176
     1
 43
1.0
176
     1
 76
     1
176
     1
 77
     6
176
     1
 78
     2
176
     1
 67
     8
425
  7895160
176
     1
 79
     3
176
     1
170
     0
176
     1
171
     0
176
     1
290
     0
176
     1
 93
        5
176
     1
 44
0.0
176
     1
173
     0
176
     1
1001
ACAD
1000
AcDbSavedByObjectVersion
1070
     0
  0
VISUALSTYLE
  5
626
102
{ACAD_XDICTIONARY
360
66B
102
}
102
{ACAD_REACTORS
330
EF
102
}
330
EF
100
AcDbVisualStyle
  2
Shaded with edges
 70
    26
177
     2
291
     0
 71
     2
176
     1
 72
     2
176
     1
 73
     1
176
     1
 90
        2
176
     1
 40
0.6
176
     1
 41
30.0
176
     1
 63
     7
421
 16777215
176
     1
 74
     1
176
     1
 91
       10
176
     1
 64
     7
176
     1
 65
   257
176
     1
 75
     2
176
     1
175
     1
176
     1
 42
1.0
176
     1
 92
        8
176
     1
 66
   257
176
     1
 43
1.0
176
     1
 76
     1
176
     1
 77
     6
176
     1
 78
     2
176
     1
 67
     7
176
     1
 79
     3
176
     1
170
     0
176
     1
171
     0
176
     1
290
     0
176
     1
 93
        5
176
     1
 44
0.0
176
     1
173
     0
176
     1
1001
ACAD
1000
AcDbSavedByObjectVersion
1070
     0
  0
VISUALSTYLE
  5
623
102
{ACAD_XDICTIONARY
360
665
102
}
102
{ACAD_REACTORS
330
EF
102
}
330
EF
100
AcDbVisualStyle
  2
Shades of Gray
 70
    23
177
     2
291
     0
 71
     2
176
     1
 72
     2
176
     1
 73
     3
176
     1
 90
        0
176
     1
 40
0.6
176
     1
 41
30.0
176
     1
 63
     7
421
 16777215
176
     1
 74
     2
176
     1
 91
        2
176
     1
 64
     7
176
     1
 65
     7
176
     1
 75
     1
176
     1
175
     1
176
     1
 42
40.0
176
     1
 92
        8
176
     1
 66
     7
176
     1
 43
1.0
176
     1
 76
     1
176
     1
 77
     6
176
     1
 78
     2
176
     1
 67
     7
176
     1
 79
     3
176
     1
170
     0
176
     1
171
     0
176
     1
290
     0
176
     1
 93
        1
176
     1
 44
0.0
176
     1
173
     0
176
     1
1001
ACAD
1000
AcDbSavedByObjectVersion
1070
     0
  0
VISUALSTYLE
  5
624
102
{ACAD_XDICTIONARY
360
667
102
}
102
{ACAD_REACTORS
330
EF
102
}
330
EF
100
AcDbVisualStyle
  2
Sketchy
 70
    24
177
     2
291
     0
 71
     1
176
     1
 72
     2
176
     1
 73
     2
176
     1
 90
        0
176
     1
 40
0.6
176
     1
 41
30.0
176
     1
 63
     7
421
 16777215
176
     1
 74
     2
176
     1
 91
        2
176
     1
 64
     7
176
     1
 65
     7
176
     1
 75
     1
176
     1
175
     1
176
     1
 42
40.0
176
     1
 92
       11
176
     1
 66
     7
176
     1
 43
1.0
176
     1
 76
     1
176
     1
 77
     6
176
     1
 78
     2
176
     1
 67
     7
176
     1
 79
     6
176
     1
170
     0
176
     1
171
     0
176
     1
290
     0
176
     1
 93
        1
176
     1
 44
0.0
176
     1
173
     0
176
     1
1001
ACAD
1000
AcDbSavedByObjectVersion
1070
     0
  0
VISUALSTYLE
  5
FC
102
{ACAD_XDICTIONARY
360
653
102
}
102
{ACAD_REACTORS
330
EF
102
}
330
EF
100
AcDbVisualStyle
  2
Thicken
 70
    13
177
     2
291
     1
 71
     2
176
     1
 72
     2
176
     1
 73
     1
176
     1
 90
        0
176
     1
 40
0.6
176
     1
 41
30.0
176
     1
 63
     7
421
 16777215
176
     1
 74
     1
176
     1
 91
        4
176
     1
 64
     7
176
     1
 65
   257
176
     1
 75
     1
176
     1
175
     1
176
     1
 42
1.0
176
     1
 92
       12
176
     1
 66
     7
176
     1
 43
1.0
176
     1
 76
     1
176
     1
 77
     6
176
     1
 78
     2
176
     1
 67
     7
176
     1
 79
     5
176
     1
170
     0
176
     1
171
     0
176
     1
290
     0
176
     1
 93
        1
176
     1
 44
0.0
176
     1
173
     0
176
     1
1001
ACAD
1000
AcDbSavedByObjectVersion
1070
     0
  0
VISUALSTYLE
  5
621
102
{ACAD_XDICTIONARY
360
661
102
}
102
{ACAD_REACTORS
330
EF
102
}
330
EF
100
AcDbVisualStyle
  2
Wireframe
 70
     5
177
     2
291
     0
 71
     0
176
     1
 72
     2
176
     1
 73
     0
176
     1
 90
        0
176
     1
 40
0.6
176
     1
 41
30.0
176
     1
 63
     7
421
 16777215
176
     1
 74
     1
176
     1
 91
        4
176
     1
 64
     7
176
     1
 65
   257
176
     1
 75
     1
176
     1
175
     1
176
     1
 42
1.0
176
     1
 92
        0
176
     1
 66
   257
176
     1
 43
1.0
176
     1
 76
     1
176
     1
 77
     6
176
     1
 78
     2
176
     1
 67
     7
176
     1
 79
     3
176
     1
170
     0
176
     1
171
     0
176
     1
290
     0
176
     1
 93
        1
176
     1
 44
0.0
176
     1
173
     0
176
     1
1001
ACAD
1000
AcDbSavedByObjectVersion
1070
     0
  0
VISUALSTYLE
  5
625
102
{ACAD_XDICTIONARY
360
669
102
}
102
{ACAD_REACTORS
330
EF
102
}
330
EF
100
AcDbVisualStyle
  2
X-Ray
 70
    25
177
     2
291
     0
 71
     2
176
     1
 72
     2
176
     1
 73
     1
176
     1
 90
        1
176
     1
 40
0.5
176
     1
 41
30.0
176
     1
 63
     7
421
 16777215
176
     1
 74
     1
176
     1
 91
        0
176
     1
 64
     7
176
     1
 65
   257
176
     1
 75
     1
176
     1
175
     1
176
     1
 42
1.0
176
     1
 92
        8
176
     1
 66
     7
176
     1
 43
1.0
176
     1
 76
     1
176
     1
 77
     6
176
     1
 78
     2
176
     1
 67
     7
176
     1
 79
     3
176
     1
170
     0
176
     1
171
     0
176
     1
290
     0
176
     1
 93
       13
176
     1
 44
0.0
176
     1
173
     0
176
     1
1001
ACAD
1000
AcDbSavedByObjectVersion
1070
     0
  0
DICTIONARYVAR
  5
146
102
{ACAD_REACTORS
330
5E
102
}
330
5E
100
DictionaryVariables
280
     0
  1
1:1
  0
DICTIONARYVAR
  5
145
102
{ACAD_REACTORS
330
5E
102
}
330
5E
100
DictionaryVariables
280
     0
  1
STANDARD
  0
DICTIONARYVAR
  5
84
102
{ACAD_REACTORS
330
5E
102
}
330
5E
100
DictionaryVariables
280
     0
  1
STANDARD
  0
DICTIONARYVAR
  5
637
102
{ACAD_REACTORS
330
5E
102
}
330
5E
100
DictionaryVariables
280
     0
  1
Metric50
  0
DICTIONARYVAR
  5
638
102
{ACAD_REACTORS
330
5E
102
}
330
5E
100
DictionaryVariables
280
     0
  1
Metric50
  0
DICTIONARYVAR
  5
5F
102
{ACAD_REACTORS
330
5E
102
}
330
5E
100
DictionaryVariables
280
     0
  1
2
  0
DICTIONARYVAR
  5
63
102
{ACAD_REACTORS
330
5E
102
}
330
5E
100
DictionaryVariables
280
     0
  1
1
  0
DICTIONARYVAR
  5
633
102
{ACAD_REACTORS
330
5E
102
}
330
5E
100
DictionaryVariables
280
     0
  1
BYBLOCK
  0
DICTIONARYVAR
  5
1AE
102
{ACAD_REACTORS
330
5E
102
}
330
5E
100
DictionaryVariables
280
     0
  1
0
  0
DICTIONARYVAR
  5
1AF
102
{ACAD_REACTORS
330
5E
102
}
330
5E
100
DictionaryVariables
280
     0
  1
0
  0
DICTIONARY
  5
3D4
330
22
100
AcDbDictionary
280
     1
281
     1
  3
ADSK_XREC_LAYOUTTHUMBNAIL
360
3D5
  0
DICTIONARY
  5
173
330
EE
100
AcDbDictionary
280
     1
281
     1
  3
BUMPTILE
360
175
  3
DIFFUSETILE
360
174
  3
OPACITYTILE
360
176
  3
REFLECTIONTILE
360
177
  0
DICTIONARY
  5
162
330
7F
100
AcDbDictionary
280
     1
281
     1
  3
ACAD_ROUNDTRIP_2008_TABLESTYLE_CELLSTYLEMAP
360
639
  0
DICTIONARY
  5
645
330
F5
100
AcDbDictionary
280
     1
281
     1
  3
ACAD_XREC_ROUNDTRIP
360
646
  0
DICTIONARY
  5
649
330
F7
100
AcDbDictionary
280
     1
281
     1
  3
ACAD_XREC_ROUNDTRIP
360
64A
  0
DICTIONARY
  5
647
330
F6
100
AcDbDictionary
280
     1
281
     1
  3
ACAD_XREC_ROUNDTRIP
360
648
  0
DICTIONARY
  5
643
330
F4
100
AcDbDictionary
280
     1
281
     1
  3
ACAD_XREC_ROUNDTRIP
360
644
  0
DICTIONARY
  5
651
330
FB
100
AcDbDictionary
280
     1
281
     1
  3
ACAD_XREC_ROUNDTRIP
360
652
  0
DICTIONARY
  5
659
330
FF
100
AcDbDictionary
280
     1
281
     1
  3
ACAD_XREC_ROUNDTRIP
360
65A
  0
DICTIONARY
  5
64B
330
F8
100
AcDbDictionary
280
     1
281
     1
  3
ACAD_XREC_ROUNDTRIP
360
64C
  0
DICTIONARY
  5
64F
330
FA
100
AcDbDictionary
280
     1
281
     1
  3
ACAD_XREC_ROUNDTRIP
360
650
  0
DICTIONARY
  5
65F
330
1E6
100
AcDbDictionary
280
     1
281
     1
  3
ACAD_XREC_ROUNDTRIP
360
660
  0
DICTIONARY
  5
657
330
FE
100
AcDbDictionary
280
     1
281
     1
  3
ACAD_XREC_ROUNDTRIP
360
658
  0
DICTIONARY
  5
63B
330
F0
100
AcDbDictionary
280
     1
281
     1
  3
ACAD_XREC_ROUNDTRIP
360
63C
  0
DICTIONARY
  5
63D
330
F1
100
AcDbDictionary
280
     1
281
     1
  3
ACAD_XREC_ROUNDTRIP
360
63E
  0
DICTIONARY
  5
63F
330
F2
100
AcDbDictionary
280
     1
281
     1
  3
ACAD_XREC_ROUNDTRIP
360
640
  0
DICTIONARY
  5
641
330
F3
100
AcDbDictionary
280
     1
281
     1
  3
ACAD_XREC_ROUNDTRIP
360
642
  0
DICTIONARY
  5
663
330
622
100
AcDbDictionary
280
     1
281
     1
  3
ACAD_XREC_ROUNDTRIP
360
664
  0
DICTIONARY
  5
65B
330
1E4
100
AcDbDictionary
280
     1
281
     1
  3
ACAD_XREC_ROUNDTRIP
360
65C
  0
DICTIONARY
  5
655
330
FD
100
AcDbDictionary
280
     1
281
     1
  3
ACAD_XREC_ROUNDTRIP
360
656
  0
DICTIONARY
  5
65D
330
1E5
100
AcDbDictionary
280
     1
281
     1
  3
ACAD_XREC_ROUNDTRIP
360
65E
  0
DICTIONARY
  5
64D
330
F9
100
AcDbDictionary
280
     1
281
     1
  3
ACAD_XREC_ROUNDTRIP
360
64E
  0
DICTIONARY
  5
66D
330
627
100
AcDbDictionary
280
     1
281
     1
  3
ACAD_XREC_ROUNDTRIP
360
66E
  0
DICTIONARY
  5
66B
330
626
100
AcDbDictionary
280
     1
281
     1
  3
ACAD_XREC_ROUNDTRIP
360
66C
  0
DICTIONARY
  5
665
330
623
100
AcDbDictionary
280
     1
281
     1
  3
ACAD_XREC_ROUNDTRIP
360
666
  0
DICTIONARY
  5
667
330
624
100
AcDbDictionary
280
     1
281
     1
  3
ACAD_XREC_ROUNDTRIP
360
668
  0
DICTIONARY
  5
653
330
FC
100
AcDbDictionary
280
     1
281
     1
  3
ACAD_XREC_ROUNDTRIP
360
654
  0
DICTIONARY
  5
661
330
621
100
AcDbDictionary
280
     1
281
     1
  3
ACAD_XREC_ROUNDTRIP
360
662
  0
DICTIONARY
  5
669
330
625
100
AcDbDictionary
280
     1
281
     1
  3
ACAD_XREC_ROUNDTRIP
360
66A
  0
XRECORD
  5
3D5
102
{ACAD_REACTORS
330
3D4
102
}
330
3D4
100
AcDbXrecord
280
     1
310
28000000000100006400000001000800000000000064000000000000000000000001000000000000FFFFFF0000000000FFFFFF000000000000000000000000000000000000000000000000000000000000000000330000006600000099000000CC000000FF00000000330000333300006633000099330000CC330000FF3300
310
0000660000336600006666000099660000CC660000FF66000000990000339900006699000099990000CC990000FF99000000CC000033CC000066CC000099CC0000CCCC0000FFCC000000FF000033FF000066FF000099FF0000CCFF0000FFFF000000003300330033006600330099003300CC003300FF003300003333003333
310
33006633330099333300CC333300FF33330000663300336633006666330099663300CC663300FF66330000993300339933006699330099993300CC993300FF99330000CC330033CC330066CC330099CC3300CCCC3300FFCC330000FF330033FF330066FF330099FF3300CCFF3300FFFF330000006600330066006600660099
310
006600CC006600FF00660000336600333366006633660099336600CC336600FF33660000666600336666006666660099666600CC666600FF66660000996600339966006699660099996600CC996600FF99660000CC660033CC660066CC660099CC6600CCCC6600FFCC660000FF660033FF660066FF660099FF6600CCFF6600
310
FFFF660000009900330099006600990099009900CC009900FF00990000339900333399006633990099339900CC339900FF33990000669900336699006666990099669900CC669900FF66990000999900339999006699990099999900CC999900FF99990000CC990033CC990066CC990099CC9900CCCC9900FFCC990000FF99
310
0033FF990066FF990099FF9900CCFF9900FFFF99000000CC003300CC006600CC009900CC00CC00CC00FF00CC000033CC003333CC006633CC009933CC00CC33CC00FF33CC000066CC003366CC006666CC009966CC00CC66CC00FF66CC000099CC003399CC006699CC009999CC00CC99CC00FF99CC0000CCCC0033CCCC0066CC
310
CC0099CCCC00CCCCCC00FFCCCC0000FFCC0033FFCC0066FFCC0099FFCC00CCFFCC00FFFFCC000000FF003300FF006600FF009900FF00CC00FF00FF00FF000033FF003333FF006633FF009933FF00CC33FF00FF33FF000066FF003366FF006666FF009966FF00CC66FF00FF66FF000099FF003399FF006699FF009999FF00CC
310
99FF00FF99FF0000CCFF0033CCFF0066CCFF0099CCFF00CCCCFF00FFCCFF0000FFFF0033FFFF0066FFFF0099FFFF00CCFFFF00FFFFFF00000000000D0D0D001A1A1A00282828003535350043434300505050005D5D5D006B6B6B00787878008686860093939300A1A1A100AEAEAE00BBBBBB00C9C9C900D6D6D600E4E4E400
310
F1F1F100FFFFFF0000000000000000000000000000000000000000000000000000000000000000000000000000000000F5F5F5F5F5F5F5F5F5F5F5F5F5F5F5F5F5F5F5F5F5F5F5F5F5F5F5F5F5F5F5F5F5F5F5F5F5F5F5F5F5F5F5F5F5F5F5F5F5F5F5F5F5F5F5F5F5F5F5F5F5F5F5F5F5F5F5F5F5F5F5F5F5F5F5F5F5F5F5
310
F5F5F5F5F5F5F5F5F5F5F5F5F5F5F5F5F5F5F5F5F5F5F5F5F5F5F5F5F5F5F5F5F5F5F5F5F5F5F5F5F5F5F5F5F5F5F5F5F5F5F5F5F5F5F5F5F5F5F5F5F5F5F5F5F5F5F5F5F5F5F5F5F5F5F5F5F5F5F5F5F5F5F5F5F5F5F5F5F5F5F5F5F5F5F5F5F5F5F5F5F5F5F5F5F5F5F5F5F5F5F5F5F5F5F5F5F5F5F5F5F5F5F5F5F5F5F5
310
F5F5F5F5F5F5F5F5F5F5F5F5F5F5F5F5F5F5F5F5F5F5F5F5F5F5F5F5F5F5F5F5F5F5F5F5F5F5F5F5F5F5F5F5F5F5F5F5F5F5F5F5F5F5F5F5F5F5F5F5F5F5F5F5F5F5F5F5F5F5F5F5F5F5F5F5F5F5F5F5F5F5F5F5F5F5F5F5F5F5F5F5F5F5F5F5F5F5F5F5F5F5F5F5F5F5F5F5F5F5F5F5F5F5F5F5F5F5F5F5F5F5F5F5F5F5F5
310
F5F5F5F5F5F5F5F5F5F5F5F5F5F5F5F5F5F5F5F5F5F5F5F5F5F5F5F5F5F5F5F5F5F5F5F5F5F5F5F5F5F5F5F5F5F5F5F5F5F5F5F5F5F5F5F5F5F5F5F5F5F5F5F5F5F5F5F5F5F5F5F5F5F5F5F5F5F5F5F5F5F5F5F5F5F5F5F5F5F5F5F5F5F5F5F5F5F5F5F5F5F5F5F5F5F5F5F5F5F5F5F5F5F5F5F5F5F5F5F5F5F5F5F5F5F5F5
310
F5F5F5F5F5F5F5F5F5F5F5F5F5F5F5F5F5F5F5F5F5F5F5F5F5F5F5F5F5F5F5F5F5F5F5F5F5F5F5F5F5F5F5F5F5F5F5F5F5F5F5F5F5F5F5F5F5F5F5F5F5F5F5F5F5F5F5F5F5F5F5F5F5F5F5F5F5F5F5F5F5F5F5F5F5F5F5F5F5F5F5F5F5F5F5F5F5F5F5F5F5F5F5F5F5F5F5F5F5F5F5F5F5F5F5F5F5F5F5F5F5F5F5F5F5F5F5
310
F5F5F5F5F5F5F5F5F5F5F5F5F5F5F5F5F5F5F5F5F5F5F5F5F5F5F5F5F5F5F5F5F5F5F5F5F5F5F5F5F5F5F5F5F5F5F5F5F5F5F5F5F5F5F5F5F5F5F5F5F5F5F5F5F5F5F5F5F5F5F5F5F5F5F5F5F5F5F5F5F5F5F5F5F5F5F5F5F5F5F5F5F5F5F5F5F5F5F5F5F5F5F5F5F5F5F5F5F5F5F5F5F5F5F5F5F5F5F5F5F5F5F5F5F5F5F5
310
F5F5F5F5F5F5F5F5F5F5F5F5F5F5F5F5F5F5F5F5F5F5F5F5F5F5F5F5F5F5F5F5F5F5F5F5F5F5F5F5F5F5F5F5F5F5F5F5F5F5F5F5F5F5F5F5F5F5F5F5F5F5F5F5F5F5F5F5F5F5F5F5F5F5F5F5F5F5F5F5F5F5F5F5F5F5F5F5F5F5F5F5F5F5F5F5F5F5F5F5F5F5F5F5F5F5F5F5F5F5F5F5F5F5F5F5F5F5F5F5F5F5F5F5F5F5F5
310
F5F5F5F5F5F5F5F5F5F5F5F5F5F5F5F5F5F5F5F5F5F5F5F5F5F5F5F5F5F5F5F5F5F5F5F5F5F5F5F5F5F5F5F5F5F5F5F5F5F5F5F5F5F5F5F5F5F5F5F5F5F5F5F5F5F5F5F5F5F5F5F5F5F5F5F5F5F5F5F5F5F5F5F5F5F5F5F5F5F5F5F5F5F5F5F5F5F5F5F5F5F5F5F5F5F5F5F5F5F5F5F5F5F5F5F5F5F5F5F5F5F5F5F5F5F5F5
310
F5F5F5F5F5F5F5F5F5F5F5F5F5F5F5F5F5F5F5F5F5F5F5F5F5F5F5F5F5F5F5F5F5F5F5F5F5F5F5F5F5F5F5F5F5F5F5F5F5F5F5F5F5F5F5F5F5F5F5F5F5F5F5F5F5F5F5F5F5F5F5F5F5F5F5F5F5F5F5F5F5F5F5F5F5F5F5F5F5F5F5F5F5F5F5F5F5F5F5F5F5F5F5F5F5F5F5F5F5F5F5F5F5F5F5F5F5F5F5F5F5F5F5F5F5F5F5
310
F5F5F5F5F5F5F5F5F5F5F5F5F5F5F5F5F5F5F5F5F5F5F5F5F5F5F5F5F5F5F5F5F5F5F5F5F5F5F5F5F5F5F5F5F5F5F5F5F5F5F5F5F5F5F5F5F5F5F5F5F5F5F5F5F5F5F5F5F5F5F5F5F5F5F5F5F5F5F5F5F5F5F5F5F5F5F5F5F5F5F5F5F5F5F5F5F5F5F5F5F5F5F5F5F5F5F5F5F5F5F5F5F5F5F5F5F5F5F5F5F5F5F5F5F5F5F5
310
F5F5F5F5F5F5F5F5F5F5F5F5F5F5F5F5F5F5F5F5F5F5F5F5F5F5F5F5F5F5F5F5F5F5F5F5F5F5F5F5F5F5F5F5F5F5F5F5F5F5F5F5F5F5F5F5F5F5F5F5F5F5F5F5F5F5F5F5F5F5F5F5F5F5F5F5F5F5F5F5F5F5F5F5F5F5F5F5F5F5F5F5F5F5F5F5F5F5F5F5F5F5F5F5F5F5F5F5F5F5F5F5F5F5F5F5F5F5F5F5F5F5F5F5F5F5F5
310
F5F5F5F5F5F5F5F5F5F5F5F5F5F5F5F5F5F5F5F5F5F5F5F5F5F5F5F5F5F5F5F5F5F5F5F5F5F5F5F5F5F5F5F5F5F5F5F5F5F5F5F5F5F5F5F5F5F5F5F5F5F5F5F5F5F5F5F5F5F5F5F5F5F5F5F5F5F5F5F5F5F5F5F5F5F5F5F5F5F5F5F5F5F5F5F5F5F5F5F5F5F5F5F5F5F5F5F5F5F5F5F5F5F5F5F5F5F5F5F5F5F5F5F5F5F5F5
310
F5F5F5F5F5F5F5F5F5F5F5F5F5F5F5F5F5F5F5F5F5F5F5F5F5F5F5F5F5F5F5F5F5F5F5F5F5F5F5F5F5F5F5F5F5F5F5F5F5F5F5F5F5F5F5F5F5F5F5F5F5F5F5F5F5F5F5F5F5F5F5F5F5F5F5F5F5F5F5F5F5F5F5F5F5F5F5F5F5F5F5F5F5F5F5F5F5F5F5F5F5F5F5F5F5F5F5F5F5F5F5F5F5F5F5F5F5F5F5F5F5F5F5F5F5F5F5
310
F5F5F5F5F5F5F5F5F5F5F5F5F5F5F5F5F5F5F5F5F5F5F5F5F5F5F5F5F5F5F5F5F5F5F5F5F5F5F5F5F5F5F5F5F5F5F5F5F5F5F5F5F5F5F5F5F5F5F5F5F5F5F5F5F5F5F5F5F5F5F5F5F5F5F5F5F5F5F5F5F5F5F5F5F5F5F5F5F5F5F5F5F5F5F5F5F5F5F5F5F5F5F5F5F5F5F5F5F5F5F5F5F5F5F5F5F5F5F5F5F5F5F5F5F5F5F5
310
F5F5F5F5F5F5F5F5F5F5F5F5F5F5F5F5F5F5F5F5F5F5F5F5F5F5F5F5F5F5F5F5F5F5F5F5F5F5F5F5F5F5F5F5F5F5F5F5F5F5F5F5F5F5F5F5F5F5F5F5F5F5F5F5F5F5F5F5F5F5F5F5F5F5F5F5F5F5F5F5F5F5F5F5F5F5F5F5F5F5F5F5F5F5F5F5F5F5F5F5F5F5F5F5F5F5F5F5F5F5F5F5F5F5F5F5F5F5F5F5F5F5F5F5F5F5F5
310
F5F5F5F5F5F5F5F5F5F5F5F5F5F5F5F5F5F5F5F5F5F5F5F5F5F5F5F5F5F5F5F5F5F5F5F5F5F5F5F5F5F5F5F5F5F5F5F5F5F5F5F5F5F5F5F5F5F5F5F5F5F5F5F5F5F5F5F5F5F5F5F5F5F5F5F5F5F5F5F5F5F5F5F5F5F5F5F5F5F5F5F5F5F5F5F5F5F5F5F5F5F5F5F5F5F5F5F5F5F5F5F5F5F5F5F5F5F5F5F5F5F5F5F5F5F5F5
310
F5F5F5F5F5F5F5F5F5F5F5F5F5F5F5F5F5F5F5F5F5F5F5F5F5F5F5F5F5F5F5F5F5F5F5F5F5F5F5F5F5F5F5F5F5F5F5F5F5F5F5F5F5F5F5F5F5F5F5F5F5F5F5F5F5F5F5F5F5F5F5F5F5F5F5F5F5F5F5F5F5F5F5F5F5F5F5F5F5F5F5F5F5F5F5F5F5F5F5F5F5F5F5F5F5F5F5F5F5F5F5F5F5F5F5F5F5F5F5F5F5F5F5F5F5F5F5
310
F5F5F5F5F5F5F5F5F5F5F5F5F5F5F5F5F5F5F5F5F5F5F5F5F5F5F5F5F5F5F5F5F5F5F5F5F5F5F5F5F5F5F5F5F5F5F5F5F5F5F5F5F5F5F5F5F5F5F5F5F5F5F5F5F5F5F5F5F5F5F5F5F5F5F5F5F5F5F5F5F5F5F5F5F5F5F5F5F5F5F5F5F5F5F5F5F5F5F5F5F5F5F5F5F5F5F5F5F5F5F5F5F5F5F5F5F5F5F5F5F5F5F5F5F5F5F5
310
F5F5F5F5F5F5F5F5F5F5F5F5F5F5F5F5F5F5F5F5F5F5F5F5F5F5F5F5F5F5F5F5F5F5F5F5F5F5F5F5F5F5F5F5F5F5F5F5F5F5F5F5F5F5F5F5F5F5F5F5F5F5F5F5F5F5F5F5F5F5F5F5F5F5F5F5F5F5F5F5F5F5F5F5F5F5F5F5F5F5F5F5F5F5F5F5F5F5F5F5F5F5F5F5F5F5F5F5F5F5F5F5F5F5F5F5F5F5F5F5F5F5F5F5F5F5F5
310
F5F5F5F5F5F5F5F5F5F5F5F5F5F5F5F5F5F5F5F5F5F5F5F5F5F5F5F5F5F5F5F5F5F5F5F5F5F5F5F5F5F5F5F5F5F5F5F5F5F5F5F5F5F5F5F5F5F5F5F5F5F5F5F5F5F5F5F5F5F5F5F5F5F5F5F5F5F5F5F5F5F5F5F5F5F5F5F5F5F5F5F5F5F5F5F5F5F5F5F5F5F5F5F5F5F5F5F5F5F5F5F5F5F5F5F5F5F5F5F5F5F5F5F5F5F5F5
310
F5F5F5F5F5F5F5F5F5F5F5F5F5F5F5F5F5F5F5F5F5F5F5F5F5F5F5F5F5F5F5F5F5F5F5F5F5F5F5F5F5F5F5F5F5F5F5F5F5F5F5F5F5F5F5F5F5F5F5F5F5F5F5F5F5F5F5F5F5F5F5F5F5F5F5F5F5F5F5F5F5F5F5F5F5F5F5F5F5F5F5F5F5F5F5F5F5F5F5F5F5F5F5F5F5F5F5F5F5F5F5F5F5F5F5F5F5F5F5F5F5F5F5F5F5F5F5
310
F5F5F5F5F5F5F5F5F5F5F5F5F5F5F5F5F5F5F5F5F5F5F5F5F5F5F5F5F5F5F5F5F5F5F5F5F5F5F5F5F5F5F5F5F5F5F5F5F5F5F5F5F5F5F5F5F5F5F5F5F5F5F5F5F5F5F5F5F5F5F5F5F5F5F5F5F5F5F5F5F5F5F5F5F5F5F5F5F5F5F5F5F5F5F5F5F5F5F5F5F5F5F5F5F5F5F5F5F5F5F5F5F5F5F5F5F5F5F5F5F5F5F5F5F5F5F5
310
F5F5F5F5F5F5F5F5F5F5F5F5F5F5F5F5F5F5F5F5F5F5F5F5F5F5F5F5F5F5F5F5F5F5F5F5F5F5F5F5F5F5F5F5F5F5F5F5F5F5F5F5F5F5F5F5F5F5F5F5F5F5F5F5F5F5F5F5F5F5F5F5F5F5F5F5F5F5F5F5F5F5F5F5F5F5F5F5F5F5F5F5F5F5F5F5F5F5F5F5F5F5F5F5F5F5F5F5F5F5F5F5F5F5F5F5F5F5F5F5F5F5F5F5F5F5F5
310
F5F5F5F5F5F5F5F5F5F5F5F5F5F5F5F5F5F5F5F5F5F5F5F5F5F5F5F5F5F5F5F5F5F5F5F5F5F5F5F5F5F5F5F5F5F5F5F5F5F5F5F5F5F5F5F5F5F5F5F5F5F5F5F5F5F5F5F5F5F5F5F5F5F5F5F5F5F5F5F5F5F5F5F5F5F5F5F5F5F5F5F5F5F5F5F5F5F5F5F5F5F5F5F5F5F5F5F5F5F5F5F5F5F5F5F5F5F5F5F5F5F5F5F5F5F5F5
310
F5F5F5F5F5F5F5F5F5F5F5F5F5F5F5F5F5F5F5F5F5F5F5F5F5F5F5F5F5F5F5F5F5F5F5F5F5F5F5F5F5F5F5F5F5F5F5F5F5F5F5F5F5F5F5F5F5F5F5F5F5F5F5F5F5F5F5F5F5F5F5F5F5F5F5F5F5F5F5F5F5F5F5F5F5F5F5F5F5F5F5F5F5F5F5F5F5F5F5F5F5F5F5F5F5F5F5F5F5F5F5F5F5F5F5F5F5F5F5F5F5F5F5F5F5F5F5
310
F5F5F5F5F5F5F5F5F5F5F5F5F5F5F5F5F5F5F5F5F5F5F5F5F5F5F5F5F5F5F5F5F5F5F5F5F5F5F5F5F5F5F5F5F5F5F5F5F5F5F5F5F5F5F5F5F5F5F5F5F5F5F5F5F5F5F5F5F5F5F5F5F5F5F5F5F5F5F5F5F5F5F5F5F5F5F5F5F5F5F5F5F5F5F5F5F5F5F5F5F5F5F5F5F5F5F5F5F5F5F5F5F5F5F5F5F5F5F5F5F5F5F5F5F5F5F5
310
F5F5F5F5F5F5F5F5F5F5F5F5F5F5F5F5F5F5F5F5F5F5F5F5F5F5F5F5F5F5F5F5F5F5F5F5F5F5F5F5F5F5F5F5F5F5F5F5F5F5F5F5F5F5F5F5F5F5F5F5F5F5F5F5F5F5F5F5F5F5F5F5F5F5F5F5F5F5F5F5F5F5F5F5F5F5F5F5F5F5F5F5F5F5F5F5F5F5F5F5F5F5F5F5F5F5F5F5F5F5F5F5F5F5F5F5F5F5F5F5F5F5F5F5F5F5F5
310
F5F5F5F5F5F5F5F5F5F5F5F5F5F5F5F5F5F5F5F5F5F5F5F5F5F5F5F5F5F5F5F5F5F5F5F5F5F5F5F5F5F5F5F5F5F5F5F5F5F5F5F5F5F5F5F5F5F5F5F5F5F5F5F5F5F5F5F5F5F5F5F5F5F5F5F5F5F5F5F5F5F5F5F5F5F5F5F5F5F5F5F5F5F5F5F5F5F5F5F5F5F5F5F5F5F5F5F5F5F5F5F5F5F5F5F5F5F5F5F5F5F5F5F5F5F5F5
310
F5F5F5F5F5F5F5F5F5F5F5F5F5F5F5F5F5F5F5F5F5F5F5F5F5F5F5F5F5F5F5F5F5F5F5F5F5F5F5F5F5F5F5F5F5F5F5F5F5F5F5F5F5F5F5F5F5F5F5F5F5F5F5F5F5F5F5F5F5F5F5F5F5F5F5F5F5F5F5F5F5F5F5F5F5F5F5F5F5F5F5F5F5F5F5F5F5F5F5F5F5F5F5F5F5F5F5F5F5F5F5F5F5F5F5F5F5F5F5F5F5F5F5F5F5F5F5
310
F5F5F5F5F5F5F5F5F5F5F5F5F5F5F5F5F5F5F5F5F5F5F5F5F5F5F5F5F5F5F5F5F5F5F5F5F5F5F5F5F5F5F5F5F5F5F5F5F5F5F5F5F5F5F5F5F5F5F5F5F5F5F5F5F5F5F5F5F5F5F5F5F5F5F5F5F5F5F5F5F5F5F5F5F5F5F5F5F5F5F5F5F5F5F5F5F5F5F5F5F5F5F5F5F5F5F5F5F5F5F5F5F5F5F5F5F5F5F5F5F5F5F5F5F5F5F5
310
F5F5F5F5F5F5F5F5F5F5F5F5F5F5F5F5F5F5F5F5F5F5F5F5F5F5F5F5F5F5F5F5F5F5F5F5F5F5F5F5F5F5F5F5F5F5F5F5F5F5F5F5F5F5F5F5F5F5F5F5F5F5F5F5F5F5F5F5F5F5F5F5F5F5F5F5F5F5F5F5F5F5F5F5F5F5F5F5F5F5F5F5F5F5F5F5F5F5F5F5F5F5F5F5F5F5F5F5F5F5F5F5F5F5F5F5F5F5F5F5F5F5F5F5F5F5F5
310
F5F5F5F5F5F5F5F5F5F5F5F5F5F5F5F5F5F5F5F5F5F5F5F5F5F5F5F5F5F5F5F5F5F5F5F5F5F5F5F5F5F5F5F5F5F5F5F5F5F5F5F5F5F5F5F5F5F5F5F5F5F5F5F5F5F5F5F5F5F5F5F5F5F5F5F5F5F5F5F5F5F5F5F5F5F5F5F5F5F5F5F5F5F5F5F5F5F5F5F5F5F5F5F5F5F5F5F5F5F5F5F5F5F5F5F5F5F5F5F5F5F5F5F5F5F5F5
310
F5F5F5F5F5F5F5F5F5F5F5F5F5F5F5F5F5F5F5F5F5F5F5F5F5F5F5F5F5F5F5F5F5F5F5F5F5F5F5F5F5F5F5F5F5F5F5F5F5F5F5F5F5F5F5F5F5F5F5F5F5F5F5F5F5F5F5F5F5F5F5F5F5F5F5F5F5F5F5F5F5F5F5F5F5F5F5F5F5F5F5F5F5F5F5F5F5F5F5F5F5F5F5F5F5F5F5F5F5F5F5F5F5F5F5F5F5F5F5F5F5F5F5F5F5F5F5
310
F5F5F5F5F5F5F5F5F5F5F5F5F5F5F5F5F5F5F5F5F5F5F5F5F5F5F5F5F5F5F5F5F5F5F5F5F5F5F5F5F5F5F5F5F5F5F5F5F5F5F5F5F5F5F5F5F5F5F5F5F5F5F5F5F5F5F5F5F5F5F5F5F5F5F5F5F5F5F5F5F5F5F5F5F5F5F5F5F5F5F5F5F5F5F5F5F5F5F5F5F5F5F5F5F5F5F5F5F5F5F5F5F5F5F5F5F5F5F5F5F5F5F5F5F5F5F5
310
F5F5F5F5F5F5F5F5F5F5F5F5F5F5F5F5F5F5F5F5F5F5F5F5F5F5F5F5F5F5F5F5F5F5F5F5F5F5F5F5F5F5F5F5F5F5F5F5F5F5F5F5F5F5F5F5F5F5F5F5F5F5F5F5F5F5F5F5F5F5F5F5F5F5F5F5F5F5F5F5F5F5F5F5F5F5F5F5F5F5F5F5F5F5F5F5F5F5F5F5F5F5F5F5F5F5F5F5F5F5F5F5F5F5F5F5F5F5F5F5F5F5F5F5F5F5F5
310
F5F5F5F5F5F5F5F5F5F5F5F5F5F5F5F5F5F5F5F5F5F5F5F5F5F5F5F5F5F5F5F5F5F5F5F5F5F5F5F5F5F5F5F5F5F5F5F5F5F5F5F5F5F5F5F5F5F5F5F5F5F5F5F5F5F5F5F5F5F5F5F5F5F5F5F5F5F5F5F5F5F5F5F5F5F5F5F5F5F5F5F5F5F5F5F5F5F5F5F5F5F5F5F5F5F5F5F5F5F5F5F5F5F5F5F5F5F5F5F5F5F5F5F5F5F5F5
310
F5F5F5F5F5F5F5F5F5F5F5F5F5F5F5F5F5F5F5F5F5F5F5F5F5F5F5F5F5F5F5F5F5F5F5F5F5F5F5F5F5F5F5F5F5F5F5F5F5F5F5F5F5F5F5F5F5F5F5F5F5F5F5F5F5F5F5F5F5F5F5F5F5F5F5F5F5F5F5F5F5F5F5F5F5F5F5F5F5F5F5F5F5F5F5F5F5F5F5F5F5F5F5F5F5F5F5F5F5F5F5F5F5F5F5F5F5F5F5F5F5F5F5F5F5F5F5
310
F5F5F5F5F5F5F5F5F5F5F5F5F5F5F5F5F5F5F5F5F5F5F5F5F5F5F5F5F5F5F5F5F5F5F5F5F5F5F5F5F5F5F5F5F5F5F5F5F5F5F5F5F5F5F5F5F5F5F5F5F5F5F5F5F5F5F5F5F5F5F5F5F5F5F5F5F5F5F5F5F5F5F5F5F5F5F5F5F5F5F5F5F5F5F5F5F5F5F5F5F5F5F5F5F5F5F5F5F5F5F5F5F5F5F5F5F5F5F5F5F5F5F5F5F5F5F5
310
F5F5F5F5F5F5F5F5F5F5F5F5F5F5F5F5F5F5F5F5F5F5F5F5F5F5F5F5F5F5F5F5F5F5F5F5F5F5F5F5F5F5F5F5F5F5F5F5F5F5F5F5F5F5F5F5F5F5F5F5F5F5F5F5F5F5F5F5F5F5F5F5F5F5F5F5F5F5F5F5F5F5F5F5F5F5F5F5F5F5F5F5F5F5F5F5F5F5F5F5F5F5F5F5F5F5F5F5F5F5F5F5F5F5F5F5F5F5F5F5F5F5F5F5F5F5F5
310
F5F5F5F5F5F5F5F5F5F5F5F5F5F5F5F5F5F5F5F5F5F5F5F5F5F5F5F5F5F5F5F5F5F5F5F5F5F5F5F5F5F5F5F5F5F5F5F5F5F5F5F5F5F5F5F5F5F5F5F5F5F5F5F5F5F5F5F5F5F5F5F5F5F5F5F5F5F5F5F5F5F5F5F5F5F5F5F5F5F5F5F5F5F5F5F5F5F5F5F5F5F5F5F5F5F5F5F5F5F5F5F5F5F5F5F5F5F5F5F5F5F5F5F5F5F5F5
310
F5F5F5F5F5F5F5F5F5F5F5F5F5F5F5F5F5F5F5F5F5F5F5F5F5F5F5F5F5F5F5F5F5F5F5F5F5F5F5F5F5F5F5F5F5F5F5F5F5F5F5F5F5F5F5F5F5F5F5F5F5F5F5F5F5F5F5F5F5F5F5F5F5F5F5F5F5F5F5F5F5F5F5F5F5F5F5F5F5F5F5F5F5F5F5F5F5F5F5F5F5F5F5F5F5F5F5F5F5F5F5F5F5F5F5F5F5F5F5F5F5F5F5F5F5F5F5
310
F5F5F5F5F5F5F5F5F5F5F5F5F5F5F5F5F5F5F5F5F5F5F5F5F5F5F5F5F5F5F5F5F5F5F5F5F5F5F5F5F5F5F5F5F5F5F5F5F5F5F5F5F5F5F5F5F5F5F5F5F5F5F5F5F5F5F5F5F5F5F5F5F5F5F5F5F5F5F5F5F5F5F5F5F5F5F5F5F5F5F5F5F5F5F5F5F5F5F5F5F5F5F5F5F5F5F5F5F5F5F5F5F5F5F5F5F5F5F5F5F5F5F5F5F5F5F5
310
F5F5F5F5F5F5F5F5F5F5F5F5F5F5F5F5F5F5F5F5F5F5F5F5F5F5F5F5F5F5F5F5F5F5F5F5F5F5F5F5F5F5F5F5F5F5F5F5F5F5F5F5F5F5F5F5F5F5F5F5F5F5F5F5F5F5F5F5F5F5F5F5F5F5F5F5F5F5F5F5F5F5F5F5F5F5F5F5F5F5F5F5F5F5F5F5F5F5F5F5F5F5F5F5F5F5F5F5F5F5F5F5F5F5F5F5F5F5F5F5F5F5F5F5F5F5F5
310
F5F5F5F5F5F5F5F5F5F5F5F5F5F5F5F5F5F5F5F5F5F5F5F5F5F5F5F5F5F5F5F5F5F5F5F5F5F5F5F5F5F5F5F5F5F5F5F5F5F5F5F5F5F5F5F5F5F5F5F5F5F5F5F5F5F5F5F5F5F5F5F5F5F5F5F5F5F5F5F5F5F5F5F5F5F5F5F5F5F5F5F5F5F5F5F5F5F5F5F5F5F5F5F5F5F5F5F5F5F5F5F5F5F5F5F5F5F5F5F5F5F5F5F5F5F5F5
310
F5F5F5F5F5F5F5F5F5F5F5F5F5F5F5F5F5F5F5F5F5F5F5F5F5F5F5F5F5F5F5F5F5F5F5F5F5F5F5F5F5F5F5F5F5F5F5F5F5F5F5F5F5F5F5F5F5F5F5F5F5F5F5F5F5F5F5F5F5F5F5F5F5F5F5F5F5F5F5F5F5F5F5F5F5F5F5F5F5F5F5F5F5F5F5F5F5F5F5F5F5F5F5F5F5F5F5F5F5F5F5F5F5F5F5F5F5F5F5F5F5F5F5F5F5F5F5
310
F5F5F5F5F5F5F5F5F5F5F5F5F5F5F5F5F5F5F5F5F5F5F5F5F5F5F5F5F5F5F5F5F5F5F5F5F5F5F5F5F5F5F5F5F5F5F5F5F5F5F5F5F5F5F5F5F5F5F5F5F5F5F5F5F5F5F5F5F5F5F5F5F5F5F5F5F5F5F5F5F5F5F5F5F5F5F5F5F5F5F5F5F5F5F5F5F5F5F5F5F5F5F5F5F5F5F5F5F5F5F5F5F5F5F5F5F5F5F5F5F5F5F5F5F5F5F5
310
F5F5F5F5F5F5F5F5F5F5F5F5F5F5F5F5F5F5F5F5F5F5F5F5F5F5F5F5F5F5F5F5F5F5F5F5F5F5F5F5F5F5F5F5F5F5F5F5F5F5F5F5F5F5F5F5F5F5F5F5F5F5F5F5F5F5F5F5F5F5F5F5F5F5F5F5F5F5F5F5F5F5F5F5F5F5F5F5F5F5F5F5F5F5F5F5F5F5F5F5F5F5F5F5F5F5F5F5F5F5F5F5F5F5F5F5F5F5F5F5F5F5F5F5F5F5F5
310
F5F5F5F5F5F5F5F5F5F5F5F5F5F5F5F5F5F5F5F5F5F5F5F5F5F5F5F5F5F5F5F5F5F5F5F5F5F5F5F5F5F5F5F5F5F5F5F5F5F5F5F5F5F5F5F5F5F5F5F5F5F5F5F5F5F5F5F5F5F5F5F5F5F5F5F5F5F5F5F5F5F5F5F5F5F5F5F5F5F5F5F5F5F5F5F5F5F5F5F5F5F5F5F5F5F5F5F5F5F5F5F5F5F5F5F5F5F5F5F5F5F5F5F5F5F5F5
310
F5F5F5F5F5F5F5F5F5F5F5F5F5F5F5F5F5F5F5F5F5F5F5F5F5F5F5F5F5F5F5F5F5F5F5F5F5F5F5F5F5F5F5F5F5F5F5F5F5F5F5F5F5F5F5F5F5F5F5F5F5F5F5F5F5F5F5F5F5F5F5F5F5F5F5F5F5F5F5F5F5F5F5F5F5F5F5F5F5F5F5F5F5F5F5F5F5F5F5F5F5F5F5F5F5F5F5F5F5F5F5F5F5F5F5F5F5F5F5F5F5F5F5F5F5F5F5
310
F5F5F5F5F5F5F5F5F5F5F5F5F5F5F5F5F5F5F5F5F5F5F5F5F5F5F5F5F5F5F5F5F5F5F5F5F5F5F5F5F5F5F5F5F5F5F5F5F5F5F5F5F5F5F5F5F5F5F5F5F5F5F5F5F5F5F5F5F5F5F5F5F5F5F5F5F5F5F5F5F5F5F5F5F5F5F5F5F5F5F5F5F5F5F5F5F5F5F5F5F5F5F5F5F5F5F5F5F5F5F5F5F5F5F5F5F5F5F5F5F5F5F5F5F5F5F5
310
F5F5F5F5F5F5F5F5F5F5F5F5F5F5F5F5F5F5F5F5F5F5F5F5F5F5F5F5F5F5F5F5F5F5F5F5F5F5F5F5F5F5F5F5F5F5F5F5F5F5F5F5F5F5F5F5F5F5F5F5F5F5F5F5F5F5F5F5F5F5F5F5F5F5F5F5F5F5F5F5F5F5F5F5F5F5F5F5F5F5F5F5F5F5F5F5F5F5F5F5F5F5F5F5F5F5F5F5F5F5F5F5F5F5F5F5F5F5F5F5F5F5F5F5F5F5F5
310
F5F5F5F5F5F5F5F5F5F5F5F5F5F5F5F5F5F5F5F5F5F5F5F5F5F5F5F5F5F5F5F5F5F5F5F5F5F5F5F5F5F5F5F5F5F5F5F5F5F5F5F5F5F5F5F5F5F5F5F5F5F5F5F5F5F5F5F5F5F5F5F5F5F5F5F5F5F5F5F5F5F5F5F5F5F5F5F5F5F5F5F5F5F5F5F5F5F5F5F5F5F5F5F5F5F5F5F5F5F5F5F5F5F5F5F5F5F5F5F5F5F5F5F5F5F5F5
310
F5F5F5F5F5F5F5F5F5F5F5F5F5F5F5F5F5F5F5F5F5F5F5F5F5F5F5F5F5F5F5F5F5F5F5F5F5F5F5F5F5F5F5F5F5F5F5F5F5F5F5F5F5F5F5F5F5F5F5F5F5F5F5F5F5F5F5F5F5F5F5F5F5F5F5F5F5F5F5F5F5F5F5F5F5F5F5F5F5F5F5F5F5F5F5F5F5F5F5F5F5F5F5F5F5F5F5F5F5F5F5F5F5F5F5F5F5F5F5F5F5F5F5F5F5F5F5
310
F5F5F5F5F5F5F5F5F5F5F5F5F5F5F5F5F5F5F5F5F5F5F5F5F5F5F5F5F5F5F5F5F5F5F5F5F5F5F5F5F5F5F5F5F5F5F5F5F5F5F5F5F5F5F5F5F5F5F5F5F5F5F5F5F5F5F5F5F5F5F5F5F5F5F5F5F5F5F5F5F5F5F5F5F5F5F5F5F5F5F5F5F5F5F5F5F5F5F5F5F5F5F5F5F5F5F5F5F5F5F5F5F5F5F5F5F5F5F5F5F5F5F5F5F5F5F5
310
F5F5F5F5F5F5F5F5F5F5F5F5F5F5F5F5F5F5F5F5F5F5F5F5F5F5F5F5F5F5F5F5F5F5F5F5F5F5F5F5F5F5F5F5F5F5F5F5F5F5F5F5F5F5F5F5F5F5F5F5F5F5F5F5F5F5F5F5F5F5F5F5F5F5F5F5F5F5F5F5F5F5F5F5F5F5F5F5F5F5F5F5F5F5F5F5F5F5F5F5F5F5F5F5F5F5F5F5F5F5F5F5F5F5F5F5F5F5F5F5F5F5F5F5F5F5F5
310
F5F5F5F5F5F5F5F5F5F5F5F5F5F5F5F5F5F5F5F5F5F5F5F5F5F5F5F5F5F5F5F5F5F5F5F5F5F5F5F5F5F5F5F5F5F5F5F5F5F5F5F5F5F5F5F5F5F5F5F5F5F5F5F5F5F5F5F5F5F5F5F5F5F5F5F5F5F5F5F5F5F5F5F5F5F5F5F5F5F5F5F5F5F5F5F5F5F5F5F5F5F5F5F5F5F5F5F5F5F5F5F5F5F5F5F5F5F5F5F5F5F5F5F5F5F5F5
310
F5F5F5F5F5F5F5F5F5F5F5F5F5F5F5F5F5F5F5F5F5F5F5F5F5F5F5F5F5F5F5F5F5F5F5F5F5F5F5F5F5F5F5F5F5F5F5F5F5F5F5F5F5F5F5F5F5F5F5F5F5F5F5F5F5F5F5F5F5F5F5F5F5F5F5F5F5F5F5F5F5F5F5F5F5F5F5F5F5F5F5F5F5F5F5F5F5F5F5F5F5F5F5F5F5F5F5F5F5F5F5F5F5F5F5F5F5F5F5F5F5F5F5F5F5F5F5
310
F5F5F5F5F5F5F5F5F5F5F5F5F5F5F5F5F5F5F5F5F5F5F5F5F5F5F5F5F5F5F5F5F5F5F5F5F5F5F5F5F5F5F5F5F5F5F5F5F5F5F5F5F5F5F5F5F5F5F5F5F5F5F5F5F5F5F5F5F5F5F5F5F5F5F5F5F5F5F5F5F5F5F5F5F5F5F5F5F5F5F5F5F5F5F5F5F5F5F5F5F5F5F5F5F5F5F5F5F5F5F5F5F5F5F5F5F5F5F5F5F5F5F5F5F5F5F5
310
F5F5F5F5F5F5F5F5F5F5F5F5F5F5F5F5F5F5F5F5F5F5F5F5F5F5F5F5F5F5F5F5F5F5F5F5F5F5F5F5F5F5F5F5F5F5F5F5F5F5F5F5F5F5F5F5F5F5F5F5F5F5F5F5F5F5F5F5F5F5F5F5F5F5F5F5F5F5F5F5F5F5F5F5F5F5F5F5F5F5F5F5F5F5F5F5F5F5F5F5F5F5F5F5F5F5F5F5F5F5F5F5F5F5F5F5F5F5F5F5F5F5F5F5F5F5F5
310
F5F5F5F5F5F5F5F5F5F5F5F5F5F5F5F5F5F5F5F5F5F5F5F5F5F5F5F5F5F5F5F5F5F5F5F5F5F5F5F5F5F5F5F5F5F5F5F5F5F5F5F5F5F5F5F5F5F5F5F5F5F5F5F5F5F5F5F5F5F5F5F5F5F5F5F5F5F5F5F5F5F5F5F5F5F5F5F5F5F5F5F5F5F5F5F5F5F5F5F5F5F5F5F5F5F5F5F5F5F5F5F5F5F5F5F5F5F5F5F5F5F5F5F5F5F5F5
310
F5F5F5F5F5F5F5F5F5F5F5F5F5F5F5F5F5F5F5F5F5F5F5F5F5F5F5F5F5F5F5F5F5F5F5F5F5F5F5F5F5F5F5F5F5F5F5F5F5F5F5F5F5F5F5F5F5F5F5F5F5F5F5F5F5F5F5F5F5F5F5F5F5F5F5F5F5F5F5F5F5F5F5F5F5F5F5F5F5F5F5F5F5F5F5F5F5F5F5F5F5F5F5F5F5F5F5F5F5F5F5F5F5F5F5F5F5F5F5F5F5F5F5F5F5F5F5
310
F5F5F5F5F5F5F5F5F5F5F5F5F5F5F5F5F5F5F5F5F5F5F5F5F5F5F5F5F5F5F5F5F5F5F5F5F5F5F5F5F5F5F5F5F5F5F5F5F5F5F5F5F5F5F5F5F5F5F5F5F5F5F5F5F5F5F5F5F5F5F5F5F5F5F5F5F5F5F5F5F5F5F5F5F5F5F5F5F5F5F5F5F5F5F5F5F5F5F5F5F5F5F5F5F5F5F5F5F5F5F5F5F5F5F5F5F5F5F5F5F5F5F5F5F5F5F5
310
F5F5F5F5F5F5F5F5F5F5F5F5F5F5F5F5F5F5F5F5F5F5F5F5F5F5F5F5F5F5F5F5F5F5F5F5F5F5F5F5F5F5F5F5F5F5F5F5F5F5F5F5F5F5F5F5F5F5F5F5F5F5F5F5F5F5F5F5F5F5F5F5F5F5F5F5F5F5F5F5F5F5F5F5F5F5F5F5F5F5F5F5F5F5F5F5F5F5F5F5F5F5F5F5F5F5F5F5F5F5F5F5F5F5F5F5F5F5F5F5F5F5F5F5F5F5F5
310
F5F5F5F5F5F5F5F5F5F5F5F5F5F5F5F5F5F5F5F5F5F5F5F5F5F5F5F5F5F5F5F5F5F5F5F5F5F5F5F5F5F5F5F5F5F5F5F5F5F5F5F5F5F5F5F5F5F5F5F5F5F5F5F5F5F5F5F5F5F5F5F5F5F5F5F5F5F5F5F5F5F5F5F5F5F5F5F5F5F5F5F5F5F5F5F5F5F5F5F5F5F5F5F5F5F5F5F5F5F5F5F5F5F5F5F5F5F5F5F5F5F5F5F5F5F5F5
310
F5F5F5F5F5F5F5F5F5F5F5F5F5F5F5F5F5F5F5F5F5F5F5F5F5F5F5F5F5F5F5F5F5F5F5F5F5F5F5F5F5F5F5F5F5F5F5F5F5F5F5F5F5F5F5F5F5F5F5F5F5F5F5F5F5F5F5F5F5F5F5F5F5F5F5F5F5F5F5F5F5F5F5F5F5F5F5F5F5F5F5F5F5F5F5F5F5F5F5F5F5F5F5F5F5F5F5F5F5F5F5F5F5F5F5F5F5F5F5F5F5F5F5F5F5F5F5
310
F5F5F5F5F5F5F5F5F5F5F5F5F5F5F5F5F5F5F5F5F5F5F5F5F5F5F5F5F5F5F5F5F5F5F5F5F5F5F5F5F5F5F5F5F5F5F5F5F5F5F5F5F5F5F5F5F5F5F5F5F5F5F5F5F5F5F5F5F5F5F5F5F5F5F5F5F5F5F5F5F5F5F5F5F5F5F5F5F5F5F5F5F5F5F5F5F5F5F5F5F5F5F5F5F5F5F5F5F5F5F5F5F5F5F5F5F5F5F5F5F5F5F5F5F5F5F5
310
F5F5F5F5F5F5F5F5F5F5F5F5F5F5F5F5F5F5F5F5F5F5F5F5F5F5F5F5F5F5F5F5F5F5F5F5F5F5F5F5F5F5F5F5F5F5F5F5F5F5F5F5F5F5F5F5F5F5F5F5F5F5F5F5F5F5F5F5F5F5F5F5F5F5F5F5F5F5F5F5F5F5F5F5F5F5F5F5F5F5F5F5F5F5F5F5F5F5F5F5F5F5F5F5F5F5F5F5F5F5F5F5F5F5F5F5F5F5F5F5F5F5F5F5F5F5F5
310
F5F5F5F5F5F5F5F5F5F5F5F5F5F5F5F5F5F5F5F5F5F5F5F5F5F5F5F5F5F5F5F5F5F5F5F5F5F5F5F5F5F5F5F5F5F5F5F5F5F5F5F5F5F5F5F5F5F5F5F5F5F5F5F5F5F5F5F5F5F5F5F5F5F5F5F5F5F5F5F5F5F5F5F5F5F5F5F5F5F5F5F5F5F5F5F5F5F5F5F5F5F5F5F5F5F5F5F5F5F5F5F5F5F5F5F5F5F5F5F5F5F5F5F5F5F5F5
310
F5F5F5F5F5F5F5F5F5F5F5F5F5F5F5F5F5F5F5F5F5F5F5F5F5F5F5F5F5F5F5F5F5F5F5F5F5F5F5F5F5F5F5F5F5F5F5F5F5F5F5F5F5F5F5F5F5F5F5F5F5F5F5F5F5F5F5F5F5F5F5F5F5F5F5F5F5F5F5F5F5F5F5F5F5F5F5F5F5F5F5F5F5F5F5F5F5F5F5F5F5F5F5F5F5F5F5F5F5F5F5F5F5F5F5F5F5F5F5F5F5F5F5F5F5F5F5
310
F5F5F5F5F5F5F5F5F5F5F5F5F5F5F5F5F5F5F5F5F5F5F5F5F5F5F5F5F5F5F5F5F5F5F5F5F5F5F5F5F5F5F5F5F5F5F5F5F5F5F5F5F5F5F5F5F5F5F5F5F5F5F5F5F5F5F5F5F5F5F5F5F5F5F5F5F5F5F5F5F5F5F5F5F5F5F5F5F5F5F5F5F5F5F5F5F5F5F5F5F5F5F5F5F5F5F5F5F5F5F5F5F5F5F5F5F5F5F5F5F5F5F5F5F5F5F5
310
F5F5F5F5F5F5F5F5F5F5F5F5F5F5F5F5F5F5F5F5F5F5F5F5F5F5F5F5F5F5F5F5F5F5F5F5F5F5F5F5F5F5F5F5F5F5F5F5F5F5F5F5F5F5F5F5F5F5F5F5F5F5F5F5F5F5F5F5F5F5F5F5F5F5F5F5F5F5F5F5F5F5F5F5F5F5F5F5F5F5F5F5F5F5F5F5F5F5F5F5F5F5F5F5F5F5F5F5F5F5F5F5F5F5F5F5F5F5F5F5F5F5F5F5F5F5F5
310
F5F5F5F5F5F5F5F5F5F5F5F5F5F5F5F5F5F5F5F5F5F5F5F5F5F5F5F5F5F5F5F5F5F5F5F5F5F5F5F5F5F5F5F5F5F5F5F5F5F5F5F5F5F5F5F5F5F5F5F5F5F5F5F5F5F5F5F5F5F5F5F5F5F5F5F5F5F5F5F5F5F5F5F5F5F5F5F5F5F5F5F5F5F5F5F5F5F5F5F5F5F5F5F5F5F5F5F5F5F5F5F5F5F5F5F5F5F5F5F5F5F5F5F5F5F5F5
310
F5F5F5F5F5F5F5F5F5F5F5F5F5F5F5F5F5F5F5F5F5F5F5F5F5F5F5F5F5F5F5F5F5F5F5F5F5F5F5F5F5F5F5F5F5F5F5F5F5F5F5F5F5F5F5F5F5F5F5F5F5F5F5F5F5F5F5F5F5F5F5F5F5F5F5F5F5F5F5F5F5F5F5F5F5F5F5F5F5F5F5F5F5F5F5F5F5F5F5F5F5F5F5F5F5F5F5F5F5F5F5F5F5F5F5F5F5F5F5F5F5F5F5F5F5F5F5
310
F5F5F5F5F5F5F5F5F5F5F5F5F5F5F5F5F5F5F5F5F5F5F5F5F5F5F5F5F5F5F5F5F5F5F5F5F5F5F5F5F5F5F5F5F5F5F5F5F5F5F5F5F5F5F5F5F5F5F5F5F5F5F5F5F5F5F5F5F5F5F5F5F5F5F5F5F5F5F5F5F5F5F5F5F5F5F5F5F5F5F5F5F5F5F5F5F5F5F5F5F5F5F5F5F5F5F5F5F5F5F5F5F5F5F5F5F5F5F5F5F5F5F5F5F5F5F5
310
F5F5F5F5F5F5F5F5F5F5F5F5F5F5F5F5F5F5F5F5F5F5F5F5F5F5F5F5F5F5F5F5F5F5F5F5F5F5F5F5F5F5F5F5F5F5F5F5F5F5F5F5F5F5F5F5F5F5F5F5F5F5F5F5F5F5F5F5F5F5F5F5F5F5F5F5F5F5F5F5F5F5F5F5F5F5F5F5F5F5F5F5F5F5F5F5F5F5F5F5F5F5F5F5F5F5F5F5F5F5F5F5F5F5F5F5F5F5F5F5F5F5F5F5F5F5F5
310
F5F5F5F5F5F5F5F5F5F5F5F5F5F5F5F5F5F5F5F5F5F5F5F5F5F5F5F5F5F5F5F5F5F5F5F5F5F5F5F5F5F5F5F5F5F5F5F5F5F5F5F5F5F5F5F5F5F5F5F5F5F5F5F5F5F5F5F5F5F5F5F5F5F5F5F5F5F5F5F5F5F5F5F5F5F5F5F5F5F5F5F5F5F5F5F5F5F5F5F5F5F5F5F5F5F5F5F5F5F5F5F5F5F5F5F5F5F5F5F5F5F5F5F5F5F5F5
310
F5F5F5F5F5F5F5F5F5F5F5F5F5F5F5F5F5F5F5F5F5F5F5F5F5F5F5F5F5F5F5F5F5F5F5F5F5F5F5F5F5F5F5F5F5F5F5F5F5F5F5F5F5F5F5F5F5F5F5F5F5F5F5F5F5F5F5F5F5F5F5F5F5F5F5F5F5F5F5F5F5F5F5F5F5F5F5F5F5F5F5F5F5F5F5F5F5F5F5F5F5F5F5F5F5F5F5F5F5F5F5F5F5F5F5F5F5F5F5F5F5F5F5F5F5F5F5
310
F5F5F5F5F5F5F5F5F5F5F5F5F5F5F5F5F5F5F5F5F5F5F5F5F5F5F5F5F5F5F5F5F5F5F5F5F5F5F5F5F5F5F5F5F5F5F5F5F5F5F5F5F5F5F5F5F5F5F5F5F5F5F5F5F5F5F5F5F5F5F5F5F5F5F5F5F5F5F5F5F5F5F5F5F5F5F5F5F5F5F5F5F5F5F5F5F5F5F5F5F5F5F5F5F5F5F5F5F5F5F5F5F5F5F5F5F5F5F5F5F5F5F5F5F5F5F5
310
F5F5F5F5F5F5F5F5F5F5F5F5F5F5F5F5F5F5F5F5F5F5F5F5F5F5F5F5F5F5F5F5F5F5F5F5F5F5F5F5F5F5F5F5F5F5F5F5F5F5F5F5F5F5F5F5F5F5F5F5F5F5F5F5F5F5F5F5F5F5F5F5F5F5F5F5F5F5F5F5F5F5F5F5F5F5F5F5F5F5F5F5F5F5F5F5F5F5F5F5F5F5F5F5F5F5F5F5F5F5F5F5F5F5F5F5F5F5F5F5F5F5F5F5F5F5F5
310
F5F5F5F5F5F5F5F5F5F5F5F5F5F5F5F5F5F5F5F5F5F5F5F5F5F5F5F5F5F5F5F5F5F5F5F5F5F5F5F5F5F5F5F5F5F5F5F5F5F5F5F5F5F5F5F5F5F5F5F5F5F5F5F5F5F5F5F5F5F5F5F5F5F5F5F5F5F5F5F5F5F5F5F5F5F5F5F5F5F5F5F5F5F5F5F5F5F5F5F5F5F5F5F5F5F5F5F5F5F5F5F5F5F5F5F5F5F5F5F5F5F5F5F5F5F5F5
310
F5F5F5F5F5F5F5F5F5F5F5F5F5F5F5F5F5F5F5F5F5F5F5F5F5F5F5F5F5F5F5F5F5F5F5F5F5F5F5F5F5F5F5F5F5F5F5F5F5F5F5F5F5F5F5F5F5F5F5F5F5F5F5F5F5F5F5F5F5F5F5F5F5F5F5F5F5F5F5F5F5F5F5F5F5F5F5F5F5F5F5F5F5F5F5F5F5F5F5F5F5F5F5F5F5F5F5F5F5F5F5F5F5F5F5F5F5F5F5F5F5F5F5F5F5F5F5
310
F5F5F5F5F5F5F5F5F5F5F5F5F5F5F5F5F5F5F5F5F5F5F5F5F5F5F5F5F5F5F5F5F5F5F5F5F5F5F5F5F5F5F5F5F5F5F5F5F5F5F5F5F5F5F5F5F5F5F5F5F5F5F5F5F5F5F5F5F5F5F5F5F5F5F5F5F5F5F5F5F5F5F5F5F5F5F5F5F5F5F5F5F5F5F5F5F5F5F5F5F5F5F5F5F5F5F5F5F5F5F5F5F5F5F5F5F5F5F5F5F5F5F5F5F5F5F5
310
F5F5F5F5F5F5F5F5F5F5F5F5F5F5F5F5F5F5F5F5F5F5F5F5F5F5F5F5F5F5F5F5F5F5F5F5F5F5F5F5F5F5F5F5F5F5F5F5F5F5F5F5F5F5F5F5F5F5F5F5F5F5F5F5F5F5F5F5F5F5F5F5F5F5F5F5F5F5F5F5F5F5F5F5F5F5F5F5F5F5F5F5F5F5F5F5F5F5F5F5F5F5F5F5F5F5F5F5F5F5F5F5F5F5F5F5F5F5F5F5F5F5F5F5F5F5F5
310
F5F5F5F5F5F5F5F5F5F5F5F5F5F5F5F5F5F5F5F5F5F5F5F5F5F5F5F5F5F5F5F5F5F5F5F5F5F5F5F5F5F5F5F5F5F5F5F5F5F5F5F5F5F5F5F5F5F5F5F5F5F5F5F5F5F5F5F5F5F5F5F5F5F5F5F5F5F5F5F5F5F5F5F5F5F5F5F5F5F5F5F5F5F5F5F5F5F5F5F5F5F5F5F5F5F5F5F5F5F5F5F5F5F5F5F5F5F5F5F5F5F5F5F5F5F5F5
310
F5F5F5F5F5F5F5F5F5F5F5F5F5F5F5F5F5F5F5F5F5F5F5F5F5F5F5F5F5F5F5F5F5F5F5F5F5F5F5F5F5F5F5F5F5F5F5F5F5F5F5F5F5F5F5F5F5F5F5F5F5F5F5F5F5F5F5F5F5F5F5F5F5F5F5F5F5F5F5F5F5F5F5F5F5F5F5F5F5F5F5F5F5F5F5F5F5F5F5F5F5F5F5F5F5F5F5F5F5F5F5F5F5F5F5F5F5F5F5F5F5F5F5F5F5F5F5
310
F5F5F5F5F5F5F5F5F5F5F5F5F5F5F5F5F5F5F5F5F5F5F5F5F5F5F5F5F5F5F5F5F5F5F5F5F5F5F5F5F5F5F5F5F5F5F5F5F5F5F5F5F5F5F5F5F5F5F5F5F5F5F5F5F5F5F5F5F5F5F5F5F5F5F5F5F5F5F5F5F5F5F5F5F5F5F5F5F5F5F5F5F5F5F5F5F5F5F5F5F5F5F5F5F5F5F5F5F5F5F5F5F5F5F5F5F5F5F5F5F5F5F5F5F5F5F5
310
F5F5F5F5F5F5F5F5F5F5F5F5F5F5F5F5F5F5F5F5F5F5F5F5F5F5F5F5F5F5F5F5F5F5F5F5F5F5F5F5F5F5F5F5F5F5F5F5F5F5F5F5F5F5F5F5F5F5F5F5F5F5F5F5F5F5F5F5F5F5F5F5F5F5F5F5F5F5F5F5F5F5F5F5F5F5F5F5F5F5F5F5F5F5F5F5F5F5F5F5F5F5F5F5F5F5F5F5F5F5F5F5F5F5F5F5F5F5F5F5F5F5F5F5F5F5F5
310
F5F5F5F5F5F5F5F5F5F5F5F5F5F5F5F5F5F5F5F5F5F5F5F5F5F5F5F5F5F5F5F5F5F5F5F5F5F5F5F5F5F5F5F5F5F5F5F5F5F5F5F5F5F5F5F5F5F5F5F5F5F5F5F5F5F5F5F5F5F5F5F5F5F5F5F5F5F5F5F5F5F5F5F5F5F5F5F5F5F5F5F5F5F5F5F5F5F5F5F5F5F5F5F5F5F5F5F5F5F5F5F5F5F5F5F5F5F5F5F5F5F5F5F5F5F5F5
310
F5F5F5F5F5F5F5F5F5F5F5F5F5F5F5F5F5F5F5F5F5F5F5F5F5F5F5F5F5F5F5F5F5F5F5F5F5F5F5F5F5F5F5F5F5F5F5F5F5F5F5F5F5F5F5F5F5F5F54C4CF5F5F5F5F5F5F5F5F5F5F5F5F5F5F5F5F5F5F5F5F5F5F5F5F5F5F5F5F5F5F5F5F5F5F5F5BEBEBEBEBEBEBEBEBEF5F5F5F5F5F5F5F5F5F5F5F5F5F5F5F5F5F5F5F5F5
310
F5F5F5F5F5F5F5F5F5F5F5F5F5F5F5F5F5F5F5F5F5F5F5F5F5F5F5F5F5F5F5F5F5F5F5F5F5F5F5F5F5F5F5F5F5F5F5F5F5F5F5F5F5F5F5F5F5F5F5F5F5F5F5F5F5F5F5F5F5F5F5F5F5F5F5F5F5F5F5F5F5F5F5F5F5F5F5F5F5F5F5F5F5F5F5F5F5F5F5F5F5F5F5F5F5F5F5F5F5F5F5F5F5F5F5F5F5F5F5F5F5F5F5F5F5F5F5
310
F5F5F5F5F5F5F5F5F5F5F5F5F5F5F5F5F5F5F5F5F5F5F5F5F5BEBEF5F5F5F5F5F5F5F5F5F5F5F5F5F5F5F5F5F5F5F5F5F5F5F5F5F5F5F5F5F5F5F5F5F54C4CF5F5F5F5F5F5F5F5F5F5F5F5F5F5F5F5F5F5F5F5F5F5F5F5F5F5F5F5F5F5F5F5F5F5F5BEF5F5F5F5F5F5F5F5BEF5F5F5F5F5F5F5F5F5F5F5F5F5F5F5F5F5F5F5
310
F5F5F5F5F5F5F5F5F5F5F5F5F5F5F5F5F5F5F5F5F5F5F5F5F5F5F5F5F5F5F5F5F5F5F5F5F5F5F5F5F5F5F5F5F5F5F5F5F5F5F5F5F5F5F5F5F5F5F5F5F5F5F5F5F5F5F5F5F5F5F5F5F5F5F5F5F5F5F5F5F5F5F5F5F5F5F5F5F5F5F5F5F5F5F5F5F5F5F5F5F5F5F5F5F5F5F5F5F5F5F5F5F5F5F5F5F5F5F5F5F5F5F5F5F5F5F5
310
F5F5F5F5F5F5F5F5F5F5F5F5F5F5F5F5F5F5F5F5F5F5F5F5F5BEBEBEBEF5F5F5F5F5F5F5F5F5F5F5F5F5F5F5F5F5F5F5F5F5F5F5F5F5F5F5F5F5F5F5F5F5F54C4CF5F5F5F5F5F5F5F5F5F5F5F5F5F5F5F5F5F5F5F5F5F5F5F5F5F5F5F5F5F5F5F5F5F5F5BEF5F5F5F5F5F5F5BEBEF5F5F5F5F5F5F5F5F5F5F5F5F5F5F5F5F5
310
F5F5F5F5F5F5F5F5F5F5F5F5F5F5F5F5F5F5F5F5F5F5F5F5F5F5F5F5F5F5F5F5F5F5F5F5F5F5F5F5F5F5F5F5F5F5F5F5F5F5F5F5F5F5F5F5F5F5F5F5F5F5F5F5F5F5F5F5F5F5F5F5F5F5F5F5F5F5F5F5F5F5F5F5F5F5F5F5F5F5F5F5F5F5F5F5F5F5F5F5F5F5F5F5F5F5F5F5F5F5F5F5F5F5F5F5F5F5F5F5F5F5F5F5F5F5F5
310
F5F5F5F5F5F5F5F5F5F5F5F5F5F5F5F5F5F5F5F5F5F5F5F5F5F5BEBEF5BEF5F5F5F5F5F5F5F5F5F5F5F5F5F5F5F5F5F5F5F5F5F5F5F5F5F5F5F5F5F5F5F5F5F5F54C4CF5F5F5F5F5F5F5F5F5F5F5F5F5F5F5F5F5F5F5F5F5F5F5F5F5F5F5F5F5F5F5F5F5F5BEF5F5F5F5F5F5F5F5BEF5F5F5F5F5F5F5F5F5F5F5F5F5F5F5F5
310
F5F5F5F5F5F5F5F5F5F5F5F5F5F5F5F5F5F5F5F5F5F5F5F5F5F5F5F5F5F5F5F5F5F5F5F5F5F5F5F5F5F5F5F5F5F5F5F5F5F5F5F5F5F5F5F5F5F5F5F5F5F5F5F5F5F5F5F5F5F5F5F5F5F5F5F5F5F5F5F5F5F5F5F5F5F5F5F5F5F5F5F5F5F5F5F5F5F5F5F5F5F5F5F5F5F5F5F5F5F5F5F5F5F5F5F5F5F5F5F5F5F5F5F5F5F5F5
310
F5F5F5F5F5F5F5F5F5F5F5F5F5F5F5F5F5F5F5F5F5F5F5F5BEBEBEBEF5F5F5BEF5F5F5F5F5F5F5F5F5F5F5F5F5F5F5F5F5F5F5F5F5F5F5F5F5F5F5F5F5F5F5F5F5F5F54C4CF5F5F5F5F5F5F5F5F5F5F5F5F5F5F5F5F5F5F5F5F5F5F5F5F5F5F5F5F5F5F5F5F5BEF5F5F5F5F5F5F5F5BEBEF5F5F5F5F5F5F5F5F5F5F5F5F5F5
310
F5F5F5F5F5F5F5F5F5F5F5F5F5F5F5F5F5F5F5F5F5F5F5F5F5F5F5F5F5F5F5F5F5F5F5F5F5F5F5F5F5F5F5F5F5F5F5F5F5F5F5F5F5F5F5F5F5F5F5F5F5F5F5F5F5F5F5F5F5F5F5F5F5F5F5F5F5F5F5F5F5F5F5F5F5F5F5F5F5F5F5F5F5F5F5F5F5F5F5F5F5F5F5F5F5F5F5F5F5F5F5F5F5F5F5F5F5F5F5F5F5F5F5F5F5F5F5
310
F5F5F5F5F5F5F5F5F5F5F5F5F5F5F5F5F5F5F5F5F5BEBEBEBEBEBEF5F5F5F5F5F5BEBEBEBEBEBEBEBEBEBEBEBEBEBEBEBEBEBEBEBEBEBEBEBEBEBEBEBEBEBEBEBEBEBEBEBE4C4CBEBEBEBEBEBEBEBEBEBEBEBEBEBEBEBEBEBEBEBEBEBEBEBEBEBEBEBEBEBEBEBEBEBEF5F5F5F5F5F5F5F5BEF5F5F5F5F5F5F5F5F5F5F5F5F5
310
F5F5F5F5F5F5F5F5F5F5F5F5F5F5F5F5F5F5F5F5F5F5F5F5F5F5F5F5F5F5F5F5F5F5F5F5F5F5F5F5F5F5F5F5F5F5F5F5F5F5F5F5F5F5F5F5F5F5F5F5F5F5F5F5F5F5F5F5F5F5F5F5F5F5F5F5F5F5F5F5F5F5F5F5F5F5F5F5F5F5F5F5F5F5F5F5F5F5F5F5F5F5F5F5F5F5F5F5F5F5F5F5F5F5F5F5F5F5F5F5F5F5F5F5F5F5F5
310
F5F5F5F5F5F5F5F5F5F5F5F5F5F5F5F5F5F5F5F5F5F5F5BEBEBEBEBEBEF5F5F5F5F5F5BEBEBEBEBEBEBEF5F5F5F5F5F5F5F5F5F5F5F5F5F5F5F5F5F5F5F5F5F5F5F5F5F5F5F5F54C4CF5F5F5F5F5F5F5F5F5F5F5F5F5F5F5F5F5F5F5F5F5F5F5F5F5F5F5F5F5BEBEBEBEF5F5F5F5F5F5F5F5F5F5BEF5F5F5F5F5F5F5F5F5F5
310
F5F5F5F5F5F5F5F5F5F5F5F5F5F5F5F5F5F5F5F5F5F5F5F5F5F5F5F5F5F5F5F5F5F5F5F5F5F5F5F5F5F5F5F5F5F5F5F5F5F5F5F5F5F5F5F5F5F5F5F5F5F5F5F5F5F5F5F5F5F5F5F5F5F5F5F5F5F5F5F5F5F5F5F5F5F5F5F5F5F5F5F5F5F5F5F5F5F5F5F5F5F5F5F5F5F5F5F5F5F5F5F5F5F5F5F5F5F5F5F5F5F5F5F5F5F5F5
310
F5F5F5F5F5F5F5F5F5F5F5F5F5F5F5F5F5F5F5F5F5F5F5F5F5F5F5F5F5F5F5BEBEBEF5F5F5BEF5F5F5F5F5BEBEBEBEBEBEBEF5F5F5F5F5F5F5F5F5F5F5F5F5F5F5F5F5F5F5F5F5F5F54C4CF5F5F5F5F5F5F5F5F5F5F5F5F5F5F5F5F5F5F5F5F5F5F5F5F5F5F5F5F5BEF5F5F5BEF5F5F5F5F5F5F5F5F5BEF5F5F5F5F5F5F5F5
310
F5F5F5F5F5F5F5F5F5F5F5F5F5F5F5F5F5F5F5F5F5F5F5F5F5F5F5F5F5F5F5F5F5F5F5F5F5F5F5F5F5F5F5F5F5F5F5F5F5F5F5F5F5F5F5F5F5F5F5F5F5F5F5F5F5F5F5F5F5F5F5F5F5F5F5F5F5F5F5F5F5F5F5F5F5F5F5F5F5F5F5F5F5F5F5F5F5F5F5F5F5F5F5F5F5F5F5F5F5F5F5F5F5F5F5F5F5F5F5F5F5F5F5F5F5F5F5
310
F5F5F5F5F5F5F5F5F5F5F5F5F5F5F5F5F5F5F5F5F5F5F5F5F5F5F5F5F5F5F5F5F5F5F5BEBEBEF5BEF5F5F5F5F5F5F5F5F5F5F5F5BEBEBEBEBEF5F5F5F5F5BEF5BEBEBEBEBEBEBEBEBEBEF54C4CF5F5F5F5F5F5F5F5F5F5F5F5F5F5F5F5F5F5F5F5F5F5F5F5F5F5F5F5F5BEBEBEF5BEF5F5F5F5F5F5F5F5F5F5BEF5F5F5F5F5
310
F5F5F5F5F5F5F5F5F5F5F5F5F5F5F5F5F5F5F5F5F5F5F5F5F5F5F5F5F5F5F5F5F5F5F5F5F5F5F5F5F5F5F5F5F5F5F5F5F5F5F5F5F5F5F5F5F5F5F5F5F5F5F5F5F5F5F5F5F5F5F5F5F5F5F5F5F5F5F5F5F5F5F5F5F5F5F5F5F5F5F5F5F5F5F5F5F5F5F5F5F5F5F5F5F5F5F5F5F5F5F5F5F5F5F5F5F5F5F5F5F5F5F5F5F5F5F5
310
F5F5F5F5F5F5F5F5F5F5F5F5F5F5F5F5F5F5F5F5F5F5F5F5F5F5F5F5F5F5F5F5F5F5F5F5F5F5F5BEBEBEF5F5F5F5F5F5F5F5F5F5F5F5F5F5F5BEBEBEBEBEBEBEBEBEBEF5F5BEBEBEF5F5F5BEBE4C4CBEBEBEBEBEBEF5F5F5F5F5F5F5F5F5BEBEBEF5F5F5F5F5BEBEBEF5F5F5BEBEBEF5BEBEF5F5F5F5F5F5F5F5F5BEF5F5F5
310
F5F5F5F5F5F5F5F5F5F5F5F5F5F5F5F5F5F5F5F5F5F5F5F5F5F5F5F5F5F5F5F5F5F5F5F5F5F5F5F5F5F5F5F5F5F5F5F5F5F5F5F5F5F5F5F5F5F5F5F5F5F5F5F5F5F5F5F5F5F5F5F5F5F5F5F5F5F5F5F5F5F5F5F5F5F5F5F5F5F5F5F5F5F5F5F5F5F5F5F5F5F5F5F5F5F5F5F5F5F5F5F5F5F5F5F5F5F5F5F5F5F5F5F5F5F5F5
310
F5F5F5F5F5F5F5F5F5F5F5F5F5F5F5F5F5F5F5F5F5F5F5F5F5F5F5F5F5F5F5F5F5F5F5F5F5F5F5F5F5F5F5BEBEF5F5F5F5F5F5F5F5F5F5F5F5F5F5F5BEBEBEBEBEBEBEF5F5F5F5F5BEBEBEBEBEF5BE4C4CBEF5F5F5F5BEBEBEBEBEBEBEBEBEBEF5F5F5BEBEBEBEBEF5F5BEBEF5F5BEF5BEF5BEBEBEBEBEBEBEBEBEBEBEBEF5
310
F5F5F5F5F5F5F5F5F5F5F5F5F5F5F5F5F5F5F5F5F5F5F5F5F5F5F5F5F5F5F5F5F5F5F5F5F5F5F5F5F5F5F5F5F5F5F5F5F5F5F5F5F5F5F5F5F5F5F5F5F5F5F5F5F5F5F5F5F5F5F5F5F5F5F5F5F5F5F5F5F5F5F5F5F5F5F5F5F5F5F5F5F5F5F5F5F5F5F5F5F5F5F5F5F5F5F5F5F5F5F5F5F5F5F5F5F5F5F5F5F5F5F5F5F5F5F5
310
F5F5F5F5F5F5F5F5F5F5F5F5F5F5F5F5F5F5F5F5F5F5F5F5F5F5F5F5F5F5F5F5F5F5F5F5F5F5F5F5F5F5F5F5F5F5F5F5F5F5F5F5F5F5F5F5F5F5F5F5F5F5F5F5F5F5F5F5F5F5F5F5F5F5F5F5BEBEBEF5BE4C4CBEF5F5F5F5F5F5F5F5F5F5F5F5F5F5F5F5BEBEF5F5F5F5F5F5F5F5BEF5BEBEBEF5F5BEBEF5F5F5F5F5F5F5F5
310
F5F5F5F5F5F5F5F5F5F5F5F5F5F5F5F5F5F5F5F5F5F5F5F5F5F5F5F5F5F5F5F5F5F5F5F5F5F5F5F5F5F5F5F5F5F5F5F5F5F5F5F5F5F5F5F5F5F5F5F5F5F5F5F5F5F5F5F5F5F5F5F5F5F5F5F5F5F5F5F5F5F5F5F5F5F5F5F5F5F5F5F5F5F5F5F5F5F5F5F5F5F5F5F5F5F5F5F5F5F5F5F5F5F5F5F5F5F5F5F5F5F5F5F5F5F5F5
310
F5F5F5F5F5F5F5F5F5F5F5F5F5F5F5F5F5F5F5F5F5F5F5F5F5F5F5F5F5F5F5F5F5F5F5F5F5F5F5F5F5F5F5F5F5F5F5F5F5F5F5F5F5F5F5F5F5F5F5F5F5F5F5F5F5F5F5F5F5F5F5F5F5F5F5F5F5F5BEBEF5F5BE4C4CBEBEBEBEBEBEBEBEBEBEBEBEF5F5F5F5BEBEBEBEBEF5F5F5F5F5F5BEF5F5BEBEF5BEBEF5BEF5F5F5F5F5
310
F5F5F5F5F5F5F5F5F5F5F5F5F5F5F5F5F5F5F5F5F5F5F5F5F5F5F5F5F5F5F5F5F5F5F5F5F5F5F5F5F5F5F5F5F5F5F5F5F5F5F5F5F5F5F5F5F5F5F5F5F5F5F5F5F5F5F5F5F5F5F5F5F5F5F5F5F5F5F5F5F5F5F5F5F5F5F5F5F5F5F5F5F5F5F5F5F5F5F5F5F5F5F5F5F5F5F5F5F5F5F5F5F5F5F5F5F5F5F5F5F5F5F5F5F5F5F5
310
F5F5F5F5F5F5F5F5F5F5F5F5F5F5F5F5F5F5F5F5F5F5F5F5F5F5F5F5F5F5F5F5F5F5F5F5F5F5F5F5F5F5F5F5F5F5F5F5F5F5F5F5F5F5F5F5F5F5F5F5F5F5F5F5F5F5F5F5F5F5F5F5F5F5F5F5F5F5F5F5BEBEF5F5BE4C4CBEBEBEBEBEBEBEBEBEBEF5F5BEBEBEBEBEF5F5F5BEBEF5F5F5F5F5BEF5F5BEF5F5BEF5BEBEF5F5F5
310
F5F5F5F5F5F5F5F5F5F5F5F5F5F5F5F5F5F5F5F5F5F5F5F5F5F5F5F5F5F5F5F5F5F5F5F5F5F5F5F5F5F5F5F5F5F5F5F5F5F5F5F5F5F5F5F5F5F5F5F5F5F5F5F5F5F5F5F5F5F5F5F5F5F5F5F5F5F5F5F5F5F5F5F5F5F5F5F5F5F5F5F5F5F5F5F5F5F5F5F5F5F5F5F5F5F5F5F5F5F5F5F5F5F5F5F5F5F5F5F5F5F5F5F5F5F5F5
310
F5F5F5F5F5F5F5F5F5F5F5F5F5F5F5F5F5F5F5F5F5F5F5F5F5F5F5F5F5F5F5F5F5F5F5F5F5F5F5F5F5F5F5F5F5F5F5F5F5F5F5F5F5F5F5F5F5F5F5F5F5F5F5F5F5F5F5F5F5F5F5F5F5F5F5F5F5F5F5F5F5BEBEF5BEBEF54C4CF5F5BEBEBEBEBEBEF5BEBEBEBEF5F5F5F5F5F5F5F5F5BEF5F5F5F5BEF5BEBEBEBEBEBEF5F5F5
310
F5F5F5F5F5F5F5F5F5F5F5F5F5F5F5F5F5F5F5F5F5F5F5F5F5F5F5F5F5F5F5F5F5F5F5F5F5F5F5F5F5F5F5F5F5F5F5F5F5F5F5F5F5F5F5F5F5F5F5F5F5F5F5F5F5F5F5F5F5F5F5F5F5F5F5F5F5F5F5F5F5F5F5F5F5F5F5F5F5F5F5F5F5F5F5F5F5F5F5F5F5F5F5F5F5F5F5F5F5F5F5F5F5F5F5F5F5F5F5F5F5F5F5F5F5F5F5
310
F5F5F5F5F5F5F5F5F5F5F5F5F5F5F5F5F5F5F5F5F5F5F5F5F5F5F5F5F5F5F5F5F5F5F5F5F5F5F5F5F5F5F5F5F5F5F5F5F5F5F5F5F5F5F5F5F5F5F5F5F5F5F5F5F5F5F5F5F5F5F5F5F5F5F5F5F5F5F5F5F5F5BEBEBEBEF5F5F54C4CF5F5F5F5F5F5F5BEBEBEBEF5BEBEBEBEBEF5F5F5BEBEF5BEBEBEBEBEF5BEBEF5F5BEF5F5
310
F5F5F5F5F5F5F5F5F5F5F5F5F5F5F5F5F5F5F5F5F5F5F5F5F5F5F5F5F5F5F5F5F5F5F5F5F5F5F5F5F5F5F5F5F5F5F5F5F5F5F5F5F5F5F5F5F5F5F5F5F5F5F5F5F5F5F5F5F5F5F5F5F5F5F5F5F5F5F5F5F5F5F5F5F5F5F5F5F5F5F5F5F5F5F5F5F5F5F5F5F5F5F5F5F5F5F5F5F5F5F5F5F5F5F5F5F5F5F5F5F5F5F5F5F5F5F5
310
F5F5F5F5F5F5F5F5F5F5F5F5F5F5F5F5F5F5F5F5F5F5F5F5F5F5F5F5F5F5F5F5F5F5F5F5F5F5F5F5F5F5F5F5F5F5F5F5F5F5F5F5F5F5F5F5F5F5F5F5F5F5F5F5F5F5F5F5F5F5F5F5F5F5F5F5F5F5F5F5F5F5F5BEBEBEBEBEF5F5F54C4CF5F5F5F5F5F5F5F5F5F5F5BEBEBEBEBEBEBEBEBEBEBEBEBEBEBEBEBEF5F5F5F5F5BE
310
F5F5F5F5F5F5F5F5F5F5F5F5F5F5F5F5F5F5F5F5F5F5F5F5F5F5F5F5F5F5F5F5F5F5F5F5F5F5F5F5F5F5F5F5F5F5F5F5F5F5F5F5F5F5F5F5F5F5F5F5F5F5F5F5F5F5F5F5F5F5F5F5F5F5F5F5F5F5F5F5F5F5F5F5F5F5F5F5F5F5F5F5F5F5F5F5F5F5F5F5F5F5F5F5F5F5F5F5F5F5F5F5F5F5F5F5F5F5F5F5F5F5F5F5F5F5F5
310
F5F5F5F5F5F5F5F5F5F5F5F5F5F5F5F5F5F5F5F5F5F5F5F5F5F5F5F5F5F5F5F5F5F5F5F5F5F5F5F5F5F5F5F5F5F5F5F5F5F5F5F5F5F5F5F5F5F5F5F5F5F5F5F5F5F5F5F5F5F5F5F5F5F5F5F5F5F5F5F5F5F5F5F5BEBEBEF5F5BEF5F5F54C4CF5F5F5F5F5F5F5F5F5F5F5F5F5F5F5F5F5BEBEBEF5F5F5F5BEBEBEF5F5F5F5F5
310
BEBEF5F5F5F5F5F5F5F5F5F5F5F5F5F5F5F5F5F5F5F5F5F5F5F5F5F5F5F5F5F5F5F5F5F5F5F5F5F5F5F5F5F5F5F5F5F5F5F5F5F5F5F5F5F5F5F5F5F5F5F5F5F5F5F5F5F5F5F5F5F5F5F5F5F5F5F5F5F5F5F5F5F5F5F5F5F5F5F5F5F5F5F5F5F5F5F5F5F5F5F5F5F5F5F5F5F5F5F5F5F5F5F5F5F5F5F5F5F5F5F5F5F5F5F5F5
310
F5F5F5F5F5F5F5F5F5F5F5F5F5F5F5F5F5F5F5F5F5F5F5F5F5F5F5F5F5F5F5F5F5F5F5F5F5F5F5F5F5F5F5F5F5F5F5F5F5F5F5F5F5F5F5F5F5F5F5F5F5F5F5F5F5F5F5F5F5F5F5F5F5F5F5F5F5F5F5F5F5F5F5F5F5BEBEBEF5F5BEF5F5F5F54C4CF5F5F5F5F5F5F5F5F5F5F5F5F5F5F5F5F5F5F5BEBEBEBEBEF5F5F5F5F5F5
310
F5F5BEF5F5F5F5F5F5F5F5F5F5F5F5F5F5F5F5F5F5F5F5F5F5F5F5F5F5F5F5F5F5F5F5F5F5F5F5F5F5F5F5F5F5F5F5F5F5F5F5F5F5F5F5F5F5F5F5F5F5F5F5F5F5F5F5F5F5F5F5F5F5F5F5F5F5F5F5F5F5F5F5F5F5F5F5F5F5F5F5F5F5F5F5F5F5F5F5F5F5F5F5F5F5F5F5F5F5F5F5F5F5F5F5F5F5F5F5F5F5F5F5F5F5F5F5
310
F5F5F5F5F5F5F5F5F5F5F5F5F5F5F5F5F5F5F5F5F5F5F5F5F5F5F5F5F5F5F5F5F5F5F5F5F5F5F5F5F5F5F5F5F5F5F5F5F5F5F5F5F5F5F5F5F5F5F5F5F5F5F5F5F5F5F5F5F5F5F5F5F5F5F5F5F5F5F5F5F5F5F5F5F5F5F5BEBEF5F5BEBEF5F5F5F54C4CF5F5F5F5F5F5F5F5F5F5F5F5F5F5F5F5F5F5F5F5F5F5F5F5F5F5F5F5
310
F5F5F5F5BEF5F5F5F5F5F5F5F5F5F5F5F5F5F5F5F5F5F5F5F5F5F5F5F5F5F5F5F5F5F5F5F5F5F5F5F5F5F5F5F5F5F5F5F5F5F5F5F5F5F5F5F5F5F5F5F5F5F5F5F5F5F5F5F5F5F5F5F5F5F5F5F5F5F5F5F5F5F5F5F5F5F5F5F5F5F5F5F5F5F5F5F5F5F5F5F5F5F5F5F5F5F5F5F5F5F5F5F5F5F5F5F5F5F5F5F5F5F5F5F5F5F5
310
F5F5F5F5F5F5F5F5F5F5F5F5F5F5F5F5F5F5F5F5F5F5F5F5F5F5F5F5F5F5F5F5F5F5F5F5F5F5F5F5F5F5F5F5F5F5F5F5F5F5F5F5F5F5F5F5F5F5F5F5F5F5F5F5F5F5F5F5F5F5F5F5F5F5F5F5F5F5F5F5F5F5F5F5F5F5F5F5BEBEBEBEF5BEBEF5F5F5F54C4CF5F5F5F5F5F5F5F5F5F5F5F5F5F5F5F5F5F5F5F5F5F5F5F5F5F5
310
F5F5F5F5F5F5BEF5F5F5F5F5F5F5F5F5F5F5F5F5F5F5F5F5F5F5F5F5F5F5F5F5F5F5F5F5F5F5F5F5F5F5F5F5F5F5F5F5F5F5F5F5F5F5F5F5F5F5F5F5F5F5F5F5F5F5F5F5F5F5F5F5F5F5F5F5F5F5F5F5F5F5F5F5F5F5F5F5F5F5F5F5F5F5F5F5F5F5F5F5F5F5F5F5F5F5F5F5F5F5F5F5F5F5F5F5F5F5F5F5F5F5F5F5F5F5F5
310
F5F5F5F5F5F5F5F5F5F5F5F5F5F5F5F5F5F5F5F5F5F5F5F5F5F5F5F5F5F5F5F5F5F5F5F5F5F5F5F5F5F5F5F5F5F5F5F5F5F5F5F5F5F5F5F5F5F5F5F5F5F5F5F5F5F5F5F5F5F5F5F5F5F5F5F5F5F5F5F5F5F5F5F5F5F5F5F5F5F5BEBEBEBEF5F5F5BEBEF5F54C4CF5F5F5F5F5F5F5F5F5F5F5F5F5F5F5F5F5F5F5F5F5F5F5F5
310
F5F5F5F5F5F5F5F5BEF5F5F5F5F5F5F5F5F5F5F5F5F5F5F5F5F5F5F5F5F5F5F5F5F5F5F5F5F5F5F5F5F5F5F5F5F5F5F5F5F5F5F5F5F5F5F5F5F5F5F5F5F5F5F5F5F5F5F5F5F5F5F5F5F5F5F5F5F5F5F5F5F5F5F5F5F5F5F5F5F5F5F5F5F5F5F5F5F5F5F5F5F5F5F5F5F5F5F5F5F5F5F5F5F5F5F5F5F5F5F5F5F5F5F5F5F5F5
310
F5F5F5F5F5F5F5F5F5F5F5F5F5F5F5F5F5F5F5F5F5F5F5F5F5F5F5F5F5F5F5F5F5F5F5F5F5F5F5F5F5F5F5F5F5F5F5F5F5F5F5F5F5F5F5F5F5F5F5F5F5F5F5F5F5F5F5F5F5F5F5F5F5F5F5F5F5F5F5F5F5F5F5F5F5F5F5F5F5F5BEBEBEBEBEF5BEBEBEF5BEBEBEF5F5F5F5F5F5F5F5F5F5F5F5F5F5F5F5F5F5F5F5F5F5F5F5
310
F5F5F5F5F5F5F5F5F5F5BEF5F5F5F5F5F5F5F5F5F5F5F5F5F5F5F5F5F5F5F5F5F5F5F5F5F5F5F5F5F5F5F5F5F5F5F5F5F5F5F5F5F5F5F5F5F5F5F5F5F5F5F5F5F5F5F5F5F5F5F5F5F5F5F5F5F5F5F5F5F5F5F5F5F5F5F5F5F5F5F5F5F5F5F5F5F5F5F5F5F5F5F5F5F5F5F5F5F5F5F5F5F5F5F5F5F5F5F5F5F5F5F5F5F5F5F5
310
F5F5F5F5F5F5F5F5F5F5F5F5F5F5F5F5F5F5F5F5F5F5F5F5F5F5F5F5F5F5F5F5F5F5F5F5F5F5F5F5F5F5F5F5F5F5F5F5F5F5F5F5F5F5F5F5F5F5F5F5F5F5F5F5F5F5F5F5F5F5F5F5F5F5F5F5F5F5F5F5F5F5F5F5F5F5F5F5F5F5F5BEF5BEBEBEF5F5F5F5BEBEF5F5BEF5F5F5F5F5F5F5F5F5F5F5F5F5F5F5F5F5F5F5F5F5F5
310
F5F5F5F5F5F5F5F5F5F5F5BEBEF5F5F5F5F5F5F5F5F5F5F5F5F5F5F5F5F5F5F5F5F5F5F5F5F5F5F5F5F5F5F5F5F5F5F5F5F5F5F5F5F5F5F5F5F5F5F5F5F5F5F5F5F5F5F5F5F5F5F5F5F5F5F5F5F5F5F5F5F5F5F5F5F5F5F5F5F5F5F5F5F5F5F5F5F5F5F5F5F5F5F5F5F5F5F5F5F5F5F5F5F5F5F5F5F5F5F5F5F5F5F5F5F5F5
310
F5F5F5F5F5F5F5F5F5F5F5F5F5F5F5F5F5F5F5F5F5F5F5F5F5F5F5F5F5F5F5F5F5F5F5F5F5F5F5F5F5F5F5F5F5F5F5F5F5F5F5F5F5F5F5F5F5F5F5F5F5F5F5F5F5F5F5F5F5F5F5F5F5F5F5F5F5F5F5F5F5F5F5F5F5F5F5F5F5F5F5F5BEBEF5BEBEBEBEF5F5F5F5BEF5F5BEBEF5F5F5F5F5F5F5F5F5F5F5F5F5F5F5F5F5F5F5
310
F5F5F5F5F5F5F5F5F5F5F5F5F5BEF5F5F5F5F5F5F5F5F5F5F5F5F5F5F5F5F5F5F5F5F5F5F5F5F5F5F5F5F5F5F5F5F5F5F5F5F5F5F5F5F5F5F5F5F5F5F5F5F5F5F5F5F5F5F5F5F5F5F5F5F5F5F5F5F5F5F5F5F5F5F5F5F5F5F5F5F5F5F5F5F5F5F5F5F5F5F5F5F5F5F5F5F5F5F5F5F5F5F5F5F5F5F5F5F5F5F5F5F5F5F5F5F5
310
F5F5F5F5F5F5F5F5F5F5F5F5F5F5F5F5F5F5F5F5F5F5F5F5F5F5F5F5F5F5F5F5F5F5F5F5F5F5F5F5F5F5F5F5F5F5F5F5F5F5F5F5F5F5F5F5F5F5F5F5F5F5F5F5F5F5F5F5F5F5F5F5F5F5F5F5F5F5F5F5F5F5F5F5F5F5F5F5F5F5F5F5F5F5F5BEF5BEBEF5BEF5F5F5F5BEF5F5F5BEBEBEF5F5F5F5F5F5F5F5F5F5F5F5F5F5F5
310
F5F5F5BEBEF5F5F5F5F5F5F5F5F5BEBEF5F5F5F5F5F5F5F5F5F5F5F5F5F5F5F5F5F5F5F5F5F5F5F5F5F5F5F5F5F5F5F5F5F5F5F5F5F5F5F5F5F5F5F5F5F5F5F5F5F5F5F5F5F5F5F5F5F5F5F5F5F5F5F5F5F5F5F5F5F5F5F5F5F5F5F5F5F5F5F5F5F5F5F5F5F5F5F5F5F5F5F5F5F5F5F5F5F5F5F5F5F5F5F5F5F5F5F5F5F5F5
310
F5F5F5F5F5F5F5F5F5F5F5F5F5F5F5F5F5F5F5F5F5F5F5F5F5F5F5F5F5F5F5F5F5F5F5F5F5F5F5F5F5F5F5F5F5F5F5F5F5F5F5F5F5F5F5F5F5F5F5F5F5F5F5F5F5F5F5F5F5F5F5F5F5F5F5F5F5F5F5F5F5F5F5F5F5F5F5F5F5F5F5F5F5F5F5F5F5BEF5BEBEBEBEF5F5F5F5BEBEF5F5F5F5BEBEF5F5F5F5F5F5F5F5F5F5F5F5
310
F5F5F5F5F5BEBEF5F5F5F5F5F5F5F5F5BEF5F5F5F5F5F5F5F5F5F5F5F5F5F5F5F5F5F5F5F5F5F5F5F5F5F5F5F5F5F5F5F5F5F5F5F5F5F5F5F5F5F5F5F5F5F5F5F5F5F5F5F5F5F5F5F5F5F5F5F5F5F5F5F5F5F5F5F5F5F5F5F5F5F5F5F5F5F5F5F5F5F5F5F5F5F5F5F5F5F5F5F5F5F5F5F5F5F5F5F5F5F5F5F5F5F5F5F5F5F5
310
F5F5F5F5F5F5F5F5F5F5F5F5F5F5F5F5F5F5F5F5F5F5F5F5F5F5F5F5F5F5F5F5F5F5F5F5F5F5F5F5F5F5F5F5F5F5F5F5F5F5F5F5F5F5F5F5F5F5F5F5F5F5F5F5F5F5F5F5F5F5F5F5F5F5F5F5F5F5F5F5F5F5F5F5F5F5F5F5F5F5F5F5F5F5F5F5F5F5F5BEBEBEBEBEBEF5F5F5F5F5BEF5F5F5F5F5BEF5F5F5F5F5F5F5F5F5BE
310
BEBEBEBEF5F5BEBEBEBEF5F5F5F5F5F5F5BEBEF5F5F5F5F5F5F5F5F5F5F5F5F5F5F5F5F5F5F5F5F5F5F5F5F5F5F5F5F5F5F5F5F5F5F5F5F5F5F5F5F5F5F5F5F5F5F5F5F5F5F5F5F5F5F5F5F5F5F5F5F5F5F5F5F5F5F5F5F5F5F5F5F5F5F5F5F5F5F5F5F5F5F5F5F5F5F5F5F5F5F5F5F5F5F5F5F5F5F5F5F5F5F5F5F5F5F5F5
310
F5F5F5F5F5F5F5F5F5F5F5F5F5F5F5F5F5F5F5F5F5F5F5F5F5F5F5F5F5F5F5F5F5F5F5F5F5F5F5F5F5F5F5F5F5F5F5F5F5F5F5F5F5F5F5F5F5F5F5F5F5F5F5F5F5F5F5F5F5F5F5F5F5F5F5F5F5F5F5F5F5F5F5F5F5F5F5F5F5F5F5F5F5F5F5F5F5F5F5F5F5F5BEF5BEBEBEBEF5F5F5F5BEF5F5F5F5F5BEF5F5BEBEBEBEBEBE
310
BEBEBEBEBEBEBEF5BEBEF5BEBEF5F5F5F5F5F5BEBEF5F5F5F5F5F5F5F5F5F5F5F5F5F5F5F5F5F5F5F5F5F5F5F5F5F5F5F5F5F5F5F5F5F5F5F5F5F5F5F5F5F5F5F5F5F5F5F5F5F5F5F5F5F5F5F5F5F5F5F5F5F5F5F5F5F5F5F5F5F5F5F5F5F5F5F5F5F5F5F5F5F5F5F5F5F5F5F5F5F5F5F5F5F5F5F5F5F5F5F5F5F5F5F5F5F5
310
F5F5F5F5F5F5F5F5F5F5F5F5F5F5F5F5F5F5F5F5F5F5F5F5F5F5F5F5F5F5F5F5F5F5F5F5F5F5F5F5F5F5F5F5F5F5F5F5F5F5F5F5F5F5F5F5F5F5F5F5F5F5F5F5F5F5F5F5F5F5F5F5F5F5F5F5F5F5F5F5F5F5F5F5F5F5F5F5F5F5F5F5F5F5F5F5F5F5F5F5BEBEBEBEBEBEBEBEBEF5F5F5F5F5BEBEF5F5F5BEBEBEBEBEF5F5F5
310
F5F5F5F5F5F5F5F5F5BEBEBEBEBEBEBEBEBEBEF5F5F5BEBEF5F5F5F5F5F5F5F5F5F5F5F5F5F5F5F5F5F5F5F5F5F5F5F5F5F5F5F5F5F5F5F5F5F5F5F5F5F5F5F5F5F5F5F5F5F5F5F5F5F5F5F5F5F5F5F5F5F5F5F5F5F5F5F5F5F5F5F5F5F5F5F5F5F5F5F5F5F5F5F5F5F5F5F5F5F5F5F5F5F5F5F5F5F5F5F5F5F5F5F5F5F5F5
310
F5F5F5F5F5F5F5F5F5F5F5F5F5F5F5F5F5F5F5F5F5F5F5F5F5F5F5F5F5F5F5F5F5F5F5F5F5F5F5F5F5F5F5F5F5F5F5F5F5F5F5F5F5F5F5F5F5F5F5F5F5F5F5F5F5F5F5F5F5F5F5F5F5F5F5F5F5F5F5F5F5F5F5F5F5F5F5F5F5F5F5F5F5F5F5F5F5F5F5F5F5F5BEBEBEBEBEF5F5BEF5F5F5F5F5F5F5BEF5F5BEBEBEF5F5F5F5
310
F5F5F5F5F5F5F5F5F5F5F5F5F5F5F5F5F5F5F5F5BEBEF5F5F5F5BEF5F5F5F5F5F5F5F5F5F5F5F5F5F5F5F5F5F5F5F5F5F5F5F5F5F5F5F5F5F5F5F5F5F5F5F5F5F5F5F5F5F5F5F5F5F5F5F5F5F5F5F5F5F5F5F5F5F5F5F5F5F5F5F5F5F5F5F5F5F5F5F5F5F5F5F5F5F5F5F5F5F5F5F5F5F5F5F5F5F5F5F5F5F5F5F5F5F5F5F5
310
F5F5F5F5F5F5F5F5F5F5F5F5F5F5F5F5F5F5F5F5F5F5F5F5F5F5F5F5F5F5F5F5F5F5F5F5F5F5F5F5F5F5F5F5F5F5F5F5F5F5F5F5F5F5F5F5F5F5F5F5F5F5F5F5F5F5F5F5F5F5F5F5F5F5F5F5F5F5F5F5F5F5F5F5F5F5F5F5F5F5F5F5F5F5F5F5F5F5F5F5F5F5F5BEBEF5F5F5F5F5BEBEF5F5F5F5F5F5F5BEBEBEBEBEF5F5F5
310
F5F5F5F5F5F5F5F5F5F5F5F5F5F5F5F5F5F5F5F5F5F5F5BEBEF5F5F5BEBEF5F5F5F5F5F5F5F5F5F5F5F5F5F5F5F5F5F5F5F5F5F5F5F5F5F5F5F5F5F5F5F5F5F5F5F5F5F5F5F5F5F5F5F5F5F5F5F5F5F5F5F5F5F5F5F5F5F5F5F5F5F5F5F5F5F5F5F5F5F5F5F5F5F5F5F5F5F5F5F5F5F5F5F5F5F5F5F5F5F5F5F5F5F5F5F5F5
310
F5F5F5F5F5F5F5F5F5F5F5F5F5F5F5F5F5F5F5F5F5F5F5F5F5F5F5F5F5F5F5F5F5F5F5F5F5F5F5F5F5F5F5F5F5F5F5F5F5F5F5F5F5F5F5F5F5F5F5F5F5F5F5F5F5F5F5F5F5F5F5F5F5F5F5F5F5F5F5F5F5F5F5F5F5F5F5F5F5F5F5F5F5F5F5F5F5F5F5F5F5F5F5F5BEBEF5F5F5BEBEBEBEF5F5F5F5F5F5F5F5F5BEBEBEF5F5
310
F5F5F5F5F5F5F5F5F5F5F5F5F5F5F5F5F5F5F5F5F5F5F5F5F5F5BEBEF5F5F5BEF5F5F5F5F5F5F5F5F5F5F5F5F5F5F5F5F5F5F5F5F5F5F5F5F5F5F5F5F5F5F5F5F5F5F5F5F5F5F5F5F5F5F5F5F5F5F5F5F5F5F5F5F5F5F5F5F5F5F5F5F5F5F5F5F5F5F5F5F5F5F5F5F5F5F5F5F5F5F5F5F5F5F5F5F5F5F5F5F5F5F5F5F5F5F5
310
F5F5F5F5F5F5F5F5F5F5F5F5F5F5F5F5F5F5F5F5F5F5F5F5F5F5F5F5F5F5F5F5F5F5F5F5F5F5F5F5F5F5F5F5F5F5F5F5F5F5F5F5F5F5F5F5F5F5F5F5F5F5F5F5F5F5F5F5F5F5F5F5F5F5F5F5F5F5F5F5F5F5F5F5F5F5F5F5F5F5F5F5F5F5F5F5F5F5F5F5F5F5F5F5F5F5BEBEF5F5BEBEF5F5F5F5F5F5F5F5F5F5F5F5F5BEF5
310
F5F5F5F5F5F5F5F5F5F5F5F5F5F5F5F5F5F5F5F5F5F5F5F5F5F5F5F5F5BEBEF5F5BEF5F5F5F5F5F5F5F5F5F5F5F5F5F5F5F5F5F5F5F5F5F5F5F5F5F5F5F5F5F5F5F5F5F5F5F5F5F5F5F5F5F5F5F5F5F5F5F5F5F5F5F5F5F5F5F5F5F5F5F5F5F5F5F5F5F5F5F5F5F5F5F5F5F5F5F5F5F5F5F5F5F5F5F5F5F5F5F5F5F5F5F5F5
310
F5F5F5F5F5F5F5F5F5F5F5F5F5F5F5F5F5F5F5F5F5F5F5F5F5F5F5F5F5F5F5F5F5F5F5F5F5F5F5F5F5F5F5F5F5F5F5F5F5F5F5F5F5F5F5F5F5F5F5F5F5F5F5F5F5F5F5F5F5F5F5F5F5F5F5F5F5F5F5F5F5F5F5F5F5F5F5F5F5F5F5F5F5F5F5F5F5F5F5F5F5F5F5F5F5F5F5BEF5BEF5F5F5BEBEBEF5F5F5F5F5F5F5F5F5F5BE
310
BEF5F5F5F5F5F5F5F5F5F5F5F5F5F5F5F5F5F5F5F5F5F5F5F5F5F5F5F5F5F5F5BEF5F5F5BEF5F5F5F5F5F5F5F5F5F5F5F5F5F5F5F5F5F5F5F5F5F5F5F5F5F5F5F5F5F5F5F5F5F5F5F5F5F5F5F5F5F5F5F5F5F5F5F5F5F5F5F5F5F5F5F5F5F5F5F5F5F5F5F5F5F5F5F5F5F5F5F5F5F5F5F5F5F5F5F5F5F5F5F5F5F5F5F5F5F5
310
F5F5F5F5F5F5F5F5F5F5F5F5F5F5F5F5F5F5F5F5F5F5F5F5F5F5F5F5F5F5F5F5F5F5F5F5F5F5F5F5F5F5F5F5F5F5F5F5F5F5F5F5F5F5F5F5F5F5F5F5F5F5F5F5F5F5F5F5F5F5F5F5F5F5F5F5F5F5F5F5F5F5F5F5F5F5F5F5F5F5F5F5F5F5F5F5F5F5F5F5F5F5F5F5F5F5F5F5F5BEF5BEBEF5BEBEBEBEF5F5F5F5F5F5F5F5F5
310
BEF5F5F5F5F5F5F5F5F5F5F5F5F5F5F5F5F5F5F5F5F5F5F5F5F5F5F5F5F5F5F5F5F5F5BEF5F5BEF5F5F5F5F5F5F5F5F5F5F5F5F5F5F5F5F5F5F5F5F5F5F5F5F5F5F5F5F5F5F5F5F5F5F5F5F5F5F5F5F5F5F5F5F5F5F5F5F5F5F5F5F5F5F5F5F5F5F5F5F5F5F5F5F5F5F5F5F5F5F5F5F5F5F5F5F5F5F5F5F5F5F5F5F5F5F5F5
310
F5F5F5F5F5F5F5F5F5F5F5F5F5F5F5F5F5F5F5F5F5F5F5F5F5F5F5F5F5F5F5F5F5F5F5F5F5F5F5F5F5F5F5F5F5F5F5F5F5F5F5F5F5F5F5F5F5F5F5F5F5F5F5F5F5F5F5F5F5F5F5F5F5F5F5F5F5F5F5F5F5F5F5F5F5F5F5F5F5F5F5F5F5F5F5F5F5F5F5F5F5F5F5F5F5F5F5F5F5F5F5BEBEBEBEBEBEF5BEBEBEBEF5F5F5F5F5
310
F5BEF5F5F5F5F5F5F5F5F5F5F5F5F5F5F5F5F5F5F5F5F5F5F5F5F5F5F5F5F5F5F5F5F5F5F5BEBEBEBEBEF5F5F5F5F5F5F5F5F5F5F5F5F5F5F5F5F5F5F5F5F5F5F5F5F5F5F5F5F5F5F5F5F5F5F5F5F5F5F5F5F5F5F5F5F5F5F5F5F5F5F5F5F5F5F5F5F5F5F5F5F5F5F5F5F5F5F5F5F5F5F5F5F5F5F5F5F5F5F5F5F5F5F5F5F5
310
F5F5F5F5F5F5F5F5F5F5F5F5F5F5F5F5F5F5F5F5F5F5F5F5F5F5F5F5F5F5F5F5F5F5F5F5F5F5F5F5F5F5F5F5F5F5F5F5F5F5F5F5F5F5F5F5F5F5F5F5F5F5F5F5F5F5F5F5F5F5F5F5F5F5F5F5F5F5F5F5F5F5F5F5F5F5F5F5F5F5F5F5F5F5F5F5F5F5F5F5F5F5F5F5F5F5F5F5F5F5F5F5F5F5F5F5BEBEBEBEBEBEBEBEF5F5F5
310
F5F5BEF5F5F5F5F5F5F5F5F5F5F5F5F5F5F5F5F5F5F5F5F5F5F5F5F5F5F5F5F5F5F5F5F5F5F5F5F5BEBEF5BEF5F5F5F5F5F5F5F5F5F5F5F5F5F5F5F5F5F5F5F5F5F5F5F5F5F5F5F5F5F5F5F5F5F5F5F5F5F5F5F5F5F5F5F5F5F5F5F5F5F5F5F5F5F5F5F5F5F5F5F5F5F5F5F5F5F5F5F5F5F5F5F5F5F5F5F5F5F5F5F5F5F5F5
310
F5F5F5F5F5F5F5F5F5F5F5F5F5F5F5F5F5F5F5F5F5F5F5F5F5F5F5F5F5F5F5F5F5F5F5F5F5F5F5F5F5F5F5F5F5F5F5F5F5F5F5F5F5F5F5F5F5F5F5F5F5F5F5F5F5F5F5F5F5F5F5F5F5F5F5F5F5F5F5F5F5F5F5F5F5F5F5F5F5F5F5F5F5F5F5F5F5F5F5F5F5F5F5F5F5F5F5F5F5F5F5F5F5F5F5F5F5F5F5BEBEBEBEF5F5F5F5
310
F5F5F5F5BEF5F5F5F5F5F5F5F5F5F5F5F5F5F5F5F5F5F5F5F5F5F5F5F5F5F5F5F5F5F5F5F5F5F5F5F5F5BEBEF5BEBEF5F5F5F5F5F5F5F5F5F5F5F5F5F5F5F5F5F5F5F5F5F5F5F5F5F5F5F5F5F5F5F5F5F5F5F5F5F5F5F5F5F5F5F5F5F5F5F5F5F5F5F5F5F5F5F5F5F5F5F5F5F5F5F5F5F5F5F5F5F5F5F5F5F5F5F5F5F5F5F5
310
F5F5F5F5F5F5F5F5F5F5F5F5F5F5F5F5F5F5F5F5F5F5F5F5F5F5F5F5F5F5F5F5F5F5F5F5F5F5F5F5F5F5F5F5F5F5F5F5F5F5F5F5F5F5F5F5F5F5F5F5F5F5F5F5F5F5F5F5F5F5F5F5F5F5F5F5F5F5F5F5F5F5F5F5F5F5F5F5F5F5F5F5F5F5F5F5F5F5F5F5F5F5F5F5F5F5F5F5F5F5F5F5F5F5F5F5F5F5F5F5F5F5BEBEBEBEF5
310
F5F5F5F5F5BEF5F5F5F5F5F5F5F5F5F5F5F5F5F5F5F5F5F5F5F5F5F5F5F5F5F5F5F5F5F5F5F5F5F5F5F5F5F5F5BEF5BEBEF5F5F5F5F5F5F5F5F5F5F5F5F5F5F5F5F5F5F5F5F5F5F5F5F5F5F5F5F5F5F5F5F5F5F5F5F5F5F5F5F5F5F5F5F5F5F5F5F5F5F5F5F5F5F5F5F5F5F5F5F5F5F5F5F5F5F5F5F5F5F5F5F5F5F5F5F5F5
310
F5F5F5F5F5F5F5F5F5F5F5F5F5F5F5F5F5F5F5F5F5F5F5F5F5F5F5F5F5F5F5F5F5F5F5F5F5F5F5F5F5F5F5F5F5F5F5F5F5F5F5F5F5F5F5F5F5F5F5F5F5F5F5F5F5F5F5F5F5F5F5F5F5F5F5F5F5F5F5F5F5F5F5F5F5F5F5F5F5F5F5F5F5F5F5F5F5F5F5F5F5F5F5F5F5F5F5F5F5F5F5F5F5F5F5F5F5F5F5F5F5F5F5F5F5BEBE
310
BEBEBEF5F5F5BEBEF5F5F5F5F5F5F5F5F5F5F5F5F5F5F5F5F5F5F5F5F5F5F5F5F5F5F5F5F5F5F5F5F5F5F5F5F5F5F5BEBEBEBEF5F5F5F5F5F5F5F5F5F5F5F5F5F5F5F5F5F5F5F5F5F5F5F5F5F5F5F5F5F5F5F5F5F5F5F5F5F5F5F5F5F5F5F5F5F5F5F5F5F5F5F5F5F5F5F5F5F5F5F5F5F5F5F5F5F5F5F5F5F5F5F5F5F5F5F5
310
F5F5F5F5F5F5F5F5F5F5F5F5F5F5F5F5F5F5F5F5F5F5F5F5F5F5F5F5F5F5F5F5F5F5F5F5F5F5F5F5F5F5F5F5F5F5F5F5F5F5F5F5F5F5F5F5F5F5F5F5F5F5F5F5F5F5F5F5F5F5F5F5F5F5F5F5F5F5F5F5F5F5F5F5F5F5F5F5F5F5F5F5F5F5F5F5F5F5F5F5F5F5F5F5F5F5F5F5F5F5F5F5F5F5F5F5F5F5F5F5F5F5F5F5F5F5F5
310
F5BEBEBEBEBEBEBEBEF5F5F5F5F5F5F5F5F5F5F5F5F5F5F5F5F5F5F5F5F5F5F5F5F5F5F5F5F5F5F5F5F5F5F5F5F5F5F5F5BEBEBEBEF5F5F5F5F5F5F5F5F5F5F5F5F5F5F5F5F5F5F5F5F5F5F5F5F5F5F5F5F5F5F5F5F5F5F5F5F5F5F5F5F5F5F5F5F5F5F5F5F5F5F5F5F5F5F5F5F5F5F5F5F5F5F5F5F5F5F5F5F5F5F5F5F5F5
310
F5F5F5F5F5F5F5F5F5F5F5F5F5F5F5F5F5F5F5F5F5F5F5F5F5F5F5F5F5F5F5F5F5F5F5F5F5F5F5F5F5F5F5F5F5F5F5F5F5F5F5F5F5F5F5F5F5F5F5F5F5F5F5F5F5F5F5F5F5F5F5F5F5F5F5F5F5F5F5F5F5F5F5F5F5F5F5F5F5F5F5F5F5F5F5F5F5F5F5F5F5F5F5F5F5F5F5F5F5F5F5F5F5F5F5F5F5F5F5F5F5F5F5F5F5F5F5
310
F5F5F5F5F5F5F5F5F5F5F5F5F5F5F5F5F5F5F5F5F5F5F5F5F5F5F5F5F5F5F5F5F5F5F5F5F5F5F5F5F5F5F5F5F5F5F5F5F5F5F5F5BEBEBEBEF5F5F5F5F5F5F5F5F5F5F5F5F5F5F5F5F5F5F5F5F5F5F5F5F5F5F5F5F5F5F5F5F5F5F5F5F5F5F5F5F5F5F5F5F5F5F5F5F5F5F5F5F5F5F5F5F5F5F5F5F5F5F5F5F5F5F5F5F5F5F5
310
F5F5F5F5F5F5F5F5F5F5F5F5F5F5F5F5F5F5F5F5F5F5F5F5F5F5F5F5F5F5F5F5F5F5F5F5F5F5F5F5F5F5F5F5F5F5F5F5F5F5F5F5F5F5F5F5F5F5F5F5F5F5F5F5F5F5F5F5F5F5F5F5F5F5F5F5F5F5F5F5F5F5F5F5F5F5F5F5F5F5F5F5F5F5F5F5F5F5F5F5F5F5F5F5F5F5F5F5F5F5F5F5F5F5F5F5F5F5F5F5F5F5F5F5F5F5F5
310
F5F5F5F5F5F5F5F5F5F5F5F5F5F5F5F5F5F5F5F5F5F5F5F5F5F5F5F5F5F5F5F5F5F5F5F5F5F5F5F5F5F5F5F5F5F5F5F5F5F5F5F5F5F5F5BEBEBEF5F5F5F5F5F5F5F5F5F5F5F5F5F5F5F5F5F5F5F5F5F5F5F5F5F5F5F5F5F5F5F5F5F5F5F5F5F5F5F5F5F5F5F5F5F5F5F5F5F5F5F5F5F5F5F5F5F5F5F5F5F5F5F5F5F5F5F5F5
310
F5F5F5F5F5F5F5F5F5F5F5F5F5F5F5F5F5F5F5F5F5F5F5F5F5F5F5F5F5F5F5F5F5F5F5F5F5F5F5F5F5F5F5F5F5F5F5F5F5F5F5F5F5F5F5F5F5F5F5F5F5F5F5F5F5F5F5F5F5F5F5F5F5F5F5F5F5F5F5F5F5F5F5F5F5F5F5F5F5F5F5F5F5F5F5F5F5F5F5F5F5F5F5F5F5F5F5F5F5F5F5F5F5F5F5F5F5F5F5F5F5F5F5F5F5F5F5
310
F5F5F5F5F5F5F5F5F5F5F5F5F5F5F5F5F5F5F5F5F5F5F5F5F5F5F5F5F5F5F5F5F5F5F5F5F5F5F5F5F5F5F5F5F5F5F5F5F5F5F5F5F5F5F5F5F5F5BEF5F5F5F5F5F5F5F5F5F5F5F5F5F5F5F5F5F5F5F5F5F5F5F5F5F5F5F5F5F5F5F5F5F5F5F5F5F5F5F5F5F5F5F5F5F5F5F5F5F5F5F5F5F5F5F5F5F5F5F5F5F5F5F5F5F5F5F5
310
F5F5F5F5F5F5F5F5F5F5F5F5F5F5F5F5F5F5F5F5F5F5F5F5F5F5F5F5F5F5F5F5F5F5F5F5F5F5F5F5F5F5F5F5F5F5F5F5F5F5F5F5F5F5F5F5F5F5F5F5F5F5F5F5F5F5F5F5F5F5F5F5F5F5F5F5F5F5F5F5F5F5F5F5F5F5F5F5F5F5F5F5F5F5F5F5F5F5F5F5F5F5F5F5F5F5F5F5F5F5F5F5F5F5F5F5F5F5F5F5F5F5F5F5F5F5F5
310
F5F5F5F5F5F5F5F5F5F5F5F5F5F5F5F5F5F5F5F5F5F5F5F5F5F5F5F5F5F5F5F5F5F5F5F5F5F5F5F5F5F5F5F5F5F5F5F5F5F5F5F5F5F5F5F5F5F5F5F5F5F5F5F5F5F5F5F5F5F5F5F5F5F5F5F5F5F5F5F5F5F5F5F5F5F5F5F5F5F5F5F5F5F5F5F5F5F5F5F5F5F5F5F5F5F5F5F5F5F5F5F5F5F5F5F5F5F5F5F5F5F5F5F5F5F5F5
310
F5F5F5F5F5F5F5F5F5F5F5F5F5F5F5F5F5F5F5F5F5F5F5F5F5F5F5F5F5F5F5F5F5F5F5F5F5F5F5F5F5F5F5F5F5F5F5F5F5F5F5F5F5F5F5F5F5F5F5F5F5F5F5F5F5F5F5F5F5F5F5F5F5F5F5F5F5F5F5F5F5F5F5F5F5F5F5F5F5F5F5F5F5F5F5F5F5F5F5F5F5F5F5F5F5F5F5F5F5F5F5F5F5F5F5F5F5F5F5F5F5F5F5F5F5F5F5
310
F5F5F5F5F5F5F5F5F5F5F5F5F5F5F5F5F5F5F5F5F5F5F5F5F5F5F5F5F5F5F5F5F5F5F5F5F5F5F5F5F5F5F5F5F5F5F5F5F5F5F5F5F5F5F5F5F5F5F5F5F5F5F5F5F5F5F5F5F5F5F5F5F5F5F5F5F5F5F5F5F5F5F5F5F5F5F5F5F5F5F5F5F5F5F5F5F5F5F5F5F5F5F5F5F5F5F5F5F5F5F5F5F5F5F5F5F5F5F5F5F5F5F5F5F5F5F5
310
F5F5F5F5F5F5F5F5F5F5F5F5F5F5F5F5F5F5F5F5F5F5F5F5F5F5F5F5F5F5F5F5F5F5F5F5F5F5F5F5F5F5F5F5F5F5F5F5F5F5F5F5F5F5F5F5F5F5F5F5F5F5F5F5F5F5F5F5F5F5F5F5F5F5F5F5F5F5F5F5F5F5F5F5F5F5F5F5F5F5F5F5F5F5F5F5F5F5F5F5F5F5F5F5F5F5F5F5F5F5F5F5F5F5F5F5F5F5F5F5F5F5F5F5F5F5F5
310
F5F5F5F5F5F5F5F5F5F5F5F5F5F5F5F5F5F5F5F5F5F5F5F5F5F5F5F5F5F5F5F5F5F5F5F5F5F5F5F5F5F5F5F5F5F5F5F5F5F5F5F5F5F5F5F5F5F5F5F5F5F5F5F5F5F5F5F5F5F5F5F5F5F5F5F5F5F5F5F5F5F5F5F5F5F5F5F5F5F5F5F5F5F5F5F5F5F5F5F5F5F5F5F5F5F5F5F5F5F5F5F5F5F5F5F5F5F5F5F5F5F5F5F5F5F5F5
310
F5F5F5F5F5F5F5F5F5F5F5F5F5F5F5F5F5F5F5F5F5F5F5F5F5F5F5F5F5F5F5F5F5F5F5F5F5F5F5F5F5F5F5F5F5F5F5F5F5F5F5F5F5F5F5F5F5F5F5F5F5F5F5F5F5F5F5F5F5F5F5F5F5F5F5F5F5F5F5F5F5F5F5F5F5F5F5F5F5F5F5F5F5F5F5F5F5F5F5F5F5F5F5F5F5F5F5F5F5F5F5F5F5F5F5F5F5F5F5F5F5F5F5F5F5F5F5
310
F5F5F5F5F5F5F5F5F5F5F5F5F5F5F5F5F5F5F5F5F5F5F5F5F5F5F5F5F5F5F5F5F5F5F5F5F5F5F5F5F5F5F5F5F5F5F5F5F5F5F5F5F5F5F5F5F5F5F5F5F5F5F5F5F5F5F5F5F5F5F5F5F5F5F5F5F5F5F5F5F5F5F5F5F5F5F5F5F5F5F5F5F5F5F5F5F5F5F5F5F5F5F5F5F5F5F5F5F5F5F5F5F5F5F5F5F5F5F5F5F5F5F5F5F5F5F5
310
F5F5F5F5F5F5F5F5F5F5F5F5F5F5F5F5F5F5F5F5F5F5F5F5F5F5F5F5F5F5F5F5F5F5F5F5F5F5F5F5F5F5F5F5F5F5F5F5F5F5F5F5F5F5F5F5F5F5F5F5F5F5F5F5F5F5F5F5F5F5F5F5F5F5F5F5F5F5F5F5F5F5F5F5F5F5F5F5F5F5F5F5F5F5F5F5F5F5F5F5F5F5F5F5F5F5F5F5F5F5F5F5F5F5F5F5F5F5F5F5F5F5F5F5F5F5F5
310
F5F5F5F5F5F5F5F5F5F5F5F5F5F5F5F5F5F5F5F5F5F5F5F5F5F5F5F5F5F5F5F5F5F5F5F5F5F5F5F5F5F5F5F5F5F5F5F5F5F5F5F5F5F5F5F5F5F5F5F5F5F5F5F5F5F5F5F5F5F5F5F5F5F5F5F5F5F5F5F5F5F5F5F5F5F5F5F5F5F5F5F5F5F5F5F5F5F5F5F5F5F5F5F5F5F5F5F5F5F5F5F5F5F5F5F5F5F5F5F5F5F5F5F5F5F5F5
310
F5F5F5F5F5F5F5F5F5F5F5F5F5F5F5F5F5F5F5F5F5F5F5F5F5F5F5F5F5F5F5F5F5F5F5F5F5F5F5F5F5F5F5F5F5F5F5F5F5F5F5F5F5F5F5F5F5F5F5F5F5F5F5F5F5F5F5F5F5F5F5F5F5F5F5F5F5F5F5F5F5F5F5F5F5F5F5F5F5F5F5F5F5F5F5F5F5F5F5F5F5F5F5F5F5F5F5F5F5F5F5F5F5F5F5F5F5F5F5F5F5F5F5F5F5F5F5
310
F5F5F5F5F5F5F5F5F5F5F5F5F5F5F5F5F5F5F5F5F5F5F5F5F5F5F5F5F5F5F5F5F5F5F5F5F5F5F5F5F5F5F5F5F5F5F5F5F5F5F5F5F5F5F5F5F5F5F5F5F5F5F5F5F5F5F5F5F5F5F5F5F5F5F5F5F5F5F5F5F5F5F5F5F5F5F5F5F5F5F5F5F5F5F5F5F5F5F5F5F5F5F5F5F5F5F5F5F5F5F5F5F5F5F5F5F5F5F5F5F5F5F5F5F5F5F5
310
F5F5F5F5F5F5F5F5F5F5F5F5F5F5F5F5F5F5F5F5F5F5F5F5F5F5F5F5F5F5F5F5F5F5F5F5F5F5F5F5F5F5F5F5F5F5F5F5F5F5F5F5F5F5F5F5F5F5F5F5F5F5F5F5F5F5F5F5F5F5F5F5F5F5F5F5F5F5F5F5F5F5F5F5F5F5F5F5F5F5F5F5F5F5F5F5F5F5F5F5F5F5F5F5F5F5F5F5F5F5F5F5F5F5F5F5F5F5F5F5F5F5F5F5F5F5F5
310
F5F5F5F5F5F5F5F5F5F5F5F5F5F5F5F5F5F5F5F5F5F5F5F5F5F5F5F5F5F5F5F5F5F5F5F5F5F5F5F5F5F5F5F5F5F5F5F5F5F5F5F5F5F5F5F5F5F5F5F5F5F5F5F5F5F5F5F5F5F5F5F5F5F5F5F5F5F5F5F5F5F5F5F5F5F5F5F5F5F5F5F5F5F5F5F5F5F5F5F5F5F5F5F5F5F5F5F5F5F5F5F5F5F5F5F5F5F5F5F5F5F5F5F5F5F5F5
310
F5F5F5F5F5F5F5F5F5F5F5F5F5F5F5F5F5F5F5F5F5F5F5F5F5F5F5F5F5F5F5F5F5F5F5F5F5F5F5F5F5F5F5F5F5F5F5F5F5F5F5F5F5F5F5F5F5F5F5F5F5F5F5F5F5F5F5F5F5F5F5F5F5F5F5F5F5F5F5F5F5F5F5F5F5F5F5F5F5F5F5F5F5F5F5F5F5F5F5F5F5F5F5F5F5F5F5F5F5F5F5F5F5F5F5F5F5F5F5F5F5F5F5F5F5F5F5
310
F5F5F5F5F5F5F5F5F5F5F5F5F5F5F5F5F5F5F5F5F5F5F5F5F5F5F5F5F5F5F5F5F5F5F5F5F5F5F5F5F5F5F5F5F5F5F5F5F5F5F5F5F5F5F5F5F5F5F5F5F5F5F5F5F5F5F5F5F5F5F5F5F5F5F5F5F5F5F5F5F5F5F5F5F5F5F5F5F5F5F5F5F5F5F5F5F5F5F5F5F5F5F5F5F5F5F5F5F5F5F5F5F5F5F5F5F5F5F5F5F5F5F5F5F5F5F5
310
F5F5F5F5F5F5F5F5F5F5F5F5F5F5F5F5F5F5F5F5F5F5F5F5F5F5F5F5F5F5F5F5F5F5F5F5F5F5F5F5F5F5F5F5F5F5F5F5F5F5F5F5F5F5F5F5F5F5F5F5F5F5F5F5F5F5F5F5F5F5F5F5F5F5F5F5F5F5F5F5F5F5F5F5F5F5F5F5F5F5F5F5F5F5F5F5F5F5F5F5F5F5F5F5F5F5F5F5F5F5F5F5F5F5F5F5F5F5F5F5F5F5F5F5F5F5F5
310
F5F5F5F5F5F5F5F5F5F5F5F5F5F5F5F5F5F5F5F5F5F5F5F5F5F5F5F5F5F5F5F5F5F5F5F5F5F5F5F5F5F5F5F5F5F5F5F5F5F5F5F5F5F5F5F5F5F5F5F5F5F5F5F5F5F5F5F5F5F5F5F5F5F5F5F5F5F5F5F5F5F5F5F5F5F5F5F5F5F5F5F5F5F5F5F5F5F5F5F5F5F5F5F5F5F5F5F5F5F5F5F5F5F5F5F5F5F5F5F5F5F5F5F5F5F5F5
310
F5F5F5F5F5F5F5F5F5F5F5F5F5F5F5F5F5F5F5F5F5F5F5F5F5F5F5F5F5F5F5F5F5F5F5F5F5F5F5F5F5F5F5F5F5F5F5F5F5F5F5F5F5F5F5F5F5F5F5F5F5F5F5F5F5F5F5F5F5F5F5F5F5F5F5F5F5F5F5F5F5F5F5F5F5F5F5F5F5F5F5F5F5F5F5F5F5F5F5F5F5F5F5F5F5F5F5F5F5F5F5F5F5F5F5F5F5F5F5F5F5F5F5F5F5F5F5
310
F5F5F5F5F5F5F5F5F5F5F5F5F5F5F5F5F5F5F5F5F5F5F5F5F5F5F5F5F5F5F5F5F5F5F5F5F5F5F5F5F5F5F5F5F5F5F5F5F5F5F5F5F5F5F5F5F5F5F5F5F5F5F5F5F5F5F5F5F5F5F5F5F5F5F5F5F5F5F5F5F5F5F5F5F5F5F5F5F5F5F5F5F5F5F5F5F5F5F5F5F5F5F5F5F5F5F5F5F5F5F5F5F5F5F5F5F5F5F5F5F5F5F5F5F5F5F5
310
F5F5F5F5F5F5F5F5F5F5F5F5F5F5F5F5F5F5F5F5F5F5F5F5F5F5F5F5F5F5F5F5F5F5F5F5F5F5F5F5F5F5F5F5F5F5F5F5F5F5F5F5F5F5F5F5F5F5F5F5F5F5F5F5F5F5F5F5F5F5F5F5F5F5F5F5F5F5F5F5F5F5F5F5F5F5F5F5F5F5F5F5F5F5F5F5F5F5F5F5F5F5F5F5F5F5F5F5F5F5F5F5F5F5F5F5F5F5F5F5F5F5F5F5F5F5F5
310
F5F5F5F5F5F5F5F5F5F5F5F5F5F5F5F5F5F5F5F5F5F5F5F5F5F5F5F5F5F5F5F5F5F5F5F5F5F5F5F5F5F5F5F5F5F5F5F5F5F5F5F5F5F5F5F5F5F5F5F5F5F5F5F5F5F5F5F5F5F5F5F5F5F5F5F5F5F5F5F5F5F5F5F5F5F5F5F5F5F5F5F5F5F5F5F5F5F5F5F5F5F5F5F5F5F5F5F5F5F5F5F5F5F5F5F5F5F5F5F5F5F5F5F5F5F5F5
310
F5F5F5F5F5F5F5F5F5F5F5F5F5F5F5F5F5F5F5F5F5F5F5F5F5F5F5F5F5F5F5F5F5F5F5F5F5F5F5F5F5F5F5F5F5F5F5F5F5F5F5F5F5F5F5F5F5F5F5F5F5F5F5F5F5F5F5F5F5F5F5F5F5F5F5F5F5F5F5F5F5F5F5F5F5F5F5F5F5F5F5F5F5F5F5F5F5F5F5F5F5F5F5F5F5F5F5F5F5F5F5F5F5F5F5F5F5F5F5F5F5F5F5F5F5F5F5
310
F5F5F5F5F5F5F5F5F5F5F5F5F5F5F5F5F5F5F5F5F5F5F5F5F5F5F5F5F5F5F5F5F5F5F5F5F5F5F5F5F5F5F5F5F5F5F5F5F5F5F5F5F5F5F5F5F5F5F5F5F5F5F5F5F5F5F5F5F5F5F5F5F5F5F5F5F5F5F5F5F5F5F5F5F5F5F5F5F5F5F5F5F5F5F5F5F5F5F5F5F5F5F5F5F5F5F5F5F5F5F5F5F5F5F5F5F5F5F5F5F5
  0
XRECORD
  5
175
102
{ACAD_REACTORS
330
173
102
}
330
173
100
AcDbXrecord
280
     1
270
     1
271
     1
  0
XRECORD
  5
174
102
{ACAD_REACTORS
330
173
102
}
330
173
100
AcDbXrecord
280
     1
270
     1
271
     1
  0
XRECORD
  5
176
102
{ACAD_REACTORS
330
173
102
}
330
173
100
AcDbXrecord
280
     1
270
     1
271
     1
  0
XRECORD
  5
177
102
{ACAD_REACTORS
330
173
102
}
330
173
100
AcDbXrecord
280
     1
270
     1
271
     1
  0
CELLSTYLEMAP
  5
639
102
{ACAD_REACTORS
330
162
102
}
330
162
100
AcDbCellStyleMap
 90
        3
300
CELLSTYLE
  1
TABLEFORMAT_BEGIN
 90
        5
170
     1
 91
        0
 92
    32768
 62
   257
 93
        1
300
CONTENTFORMAT
  1
CONTENTFORMAT_BEGIN
 90
        0
 91
        0
 92
      512
 93
        0
300

 40
0.0
140
1.0
 94
        5
 62
     0
340
11
144
6.0
309
CONTENTFORMAT_END
171
     1
301
MARGIN
  1
CELLMARGIN_BEGIN
 40
1.5
 40
1.5
 40
1.5
 40
1.5
 40
4.5
 40
4.5
309
CELLMARGIN_END
 94
        6
 95
        1
302
GRIDFORMAT
  1
GRIDFORMAT_BEGIN
 90
        0
 91
        1
 62
     0
 92
       -2
340
14
 93
        0
 40
1.125
309
GRIDFORMAT_END
 95
        2
302
GRIDFORMAT
  1
GRIDFORMAT_BEGIN
 90
        0
 91
        1
 62
     0
 92
       -2
340
14
 93
        0
 40
1.125
309
GRIDFORMAT_END
 95
        4
302
GRIDFORMAT
  1
GRIDFORMAT_BEGIN
 90
        0
 91
        1
 62
     0
 92
       -2
340
14
 93
        0
 40
1.125
309
GRIDFORMAT_END
 95
        8
302
GRIDFORMAT
  1
GRIDFORMAT_BEGIN
 90
        0
 91
        1
 62
     0
 92
       -2
340
14
 93
        0
 40
1.125
309
GRIDFORMAT_END
 95
       16
302
GRIDFORMAT
  1
GRIDFORMAT_BEGIN
 90
        0
 91
        1
 62
     0
 92
       -2
340
14
 93
        0
 40
1.125
309
GRIDFORMAT_END
 95
       32
302
GRIDFORMAT
  1
GRIDFORMAT_BEGIN
 90
        0
 91
        1
 62
     0
 92
       -2
340
14
 93
        0
 40
1.125
309
GRIDFORMAT_END
309
TABLEFORMAT_END
  1
CELLSTYLE_BEGIN
 90
        1
 91
        1
300
_TITLE
309
CELLSTYLE_END
300
CELLSTYLE
  1
TABLEFORMAT_BEGIN
 90
        5
170
     1
 91
        0
 92
        0
 62
   257
 93
        1
300
CONTENTFORMAT
  1
CONTENTFORMAT_BEGIN
 90
        0
 91
        0
 92
      512
 93
        0
300

 40
0.0
140
1.0
 94
        5
 62
     0
340
11
144
4.5
309
CONTENTFORMAT_END
171
     1
301
MARGIN
  1
CELLMARGIN_BEGIN
 40
1.5
 40
1.5
 40
1.5
 40
1.5
 40
4.5
 40
4.5
309
CELLMARGIN_END
 94
        6
 95
        1
302
GRIDFORMAT
  1
GRIDFORMAT_BEGIN
 90
        0
 91
        1
 62
     0
 92
       -2
340
14
 93
        0
 40
1.125
309
GRIDFORMAT_END
 95
        2
302
GRIDFORMAT
  1
GRIDFORMAT_BEGIN
 90
        0
 91
        1
 62
     0
 92
       -2
340
14
 93
        0
 40
1.125
309
GRIDFORMAT_END
 95
        4
302
GRIDFORMAT
  1
GRIDFORMAT_BEGIN
 90
        0
 91
        1
 62
     0
 92
       -2
340
14
 93
        0
 40
1.125
309
GRIDFORMAT_END
 95
        8
302
GRIDFORMAT
  1
GRIDFORMAT_BEGIN
 90
        0
 91
        1
 62
     0
 92
       -2
340
14
 93
        0
 40
1.125
309
GRIDFORMAT_END
 95
       16
302
GRIDFORMAT
  1
GRIDFORMAT_BEGIN
 90
        0
 91
        1
 62
     0
 92
       -2
340
14
 93
        0
 40
1.125
309
GRIDFORMAT_END
 95
       32
302
GRIDFORMAT
  1
GRIDFORMAT_BEGIN
 90
        0
 91
        1
 62
     0
 92
       -2
340
14
 93
        0
 40
1.125
309
GRIDFORMAT_END
309
TABLEFORMAT_END
  1
CELLSTYLE_BEGIN
 90
        2
 91
        1
300
_HEADER
309
CELLSTYLE_END
300
CELLSTYLE
  1
TABLEFORMAT_BEGIN
 90
        5
170
     1
 91
        0
 92
        0
 62
   257
 93
        1
300
CONTENTFORMAT
  1
CONTENTFORMAT_BEGIN
 90
        0
 91
        0
 92
      512
 93
        0
300

 40
0.0
140
1.0
 94
        2
 62
     0
340
11
144
4.5
309
CONTENTFORMAT_END
171
     1
301
MARGIN
  1
CELLMARGIN_BEGIN
 40
1.5
 40
1.5
 40
1.5
 40
1.5
 40
4.5
 40
4.5
309
CELLMARGIN_END
 94
        6
 95
        1
302
GRIDFORMAT
  1
GRIDFORMAT_BEGIN
 90
        0
 91
        1
 62
     0
 92
       -2
340
14
 93
        0
 40
1.125
309
GRIDFORMAT_END
 95
        2
302
GRIDFORMAT
  1
GRIDFORMAT_BEGIN
 90
        0
 91
        1
 62
     0
 92
       -2
340
14
 93
        0
 40
1.125
309
GRIDFORMAT_END
 95
        4
302
GRIDFORMAT
  1
GRIDFORMAT_BEGIN
 90
        0
 91
        1
 62
     0
 92
       -2
340
14
 93
        0
 40
1.125
309
GRIDFORMAT_END
 95
        8
302
GRIDFORMAT
  1
GRIDFORMAT_BEGIN
 90
        0
 91
        1
 62
     0
 92
       -2
340
14
 93
        0
 40
1.125
309
GRIDFORMAT_END
 95
       16
302
GRIDFORMAT
  1
GRIDFORMAT_BEGIN
 90
        0
 91
        1
 62
     0
 92
       -2
340
14
 93
        0
 40
1.125
309
GRIDFORMAT_END
 95
       32
302
GRIDFORMAT
  1
GRIDFORMAT_BEGIN
 90
        0
 91
        1
 62
     0
 92
       -2
340
14
 93
        0
 40
1.125
309
GRIDFORMAT_END
309
TABLEFORMAT_END
  1
CELLSTYLE_BEGIN
 90
        3
 91
        2
300
_DATA
309
CELLSTYLE_END
  0
XRECORD
  5
646
102
{ACAD_REACTORS
330
645
102
}
330
645
100
AcDbXrecord
280
     1
102
RTVSPost2010Prop28
280
     1
102
RTVSPost2010PropOp28
 70
     1
102
RTVSPost2010Prop29
280
     1
102
RTVSPost2010PropOp29
 70
     1
102
RTVSPost2010Prop30
280
     0
102
RTVSPost2010PropOp30
 70
     1
102
RTVSPost2010Prop31
280
     0
102
RTVSPost2010PropOp31
 70
     1
102
RTVSPost2010Prop32
280
     0
102
RTVSPost2010PropOp32
 70
     1
102
RTVSPost2010Prop33
280
     0
102
RTVSPost2010PropOp33
 70
     1
102
RTVSPost2010Prop34
280
     0
102
RTVSPost2010PropOp34
 70
     1
102
RTVSPost2010Prop35
280
     0
102
RTVSPost2010PropOp35
 70
     1
102
RTVSPost2010Prop36
280
     0
102
RTVSPost2010PropOp36
 70
     1
102
RTVSPost2010Prop37
 90
       50
102
RTVSPost2010PropOp37
 70
     1
102
RTVSPost2010Prop38
140
0.0
102
RTVSPost2010PropOp38
 70
     1
102
RTVSPost2010Prop39
140
1.0
102
RTVSPost2010PropOp39
 70
     1
102
RTVSPost2010Prop40
 90
        0
102
RTVSPost2010PropOp40
 70
     1
102
RTVSPost2010Prop41ColorIndex
 90
       18
102
RTVSPost2010Prop41ColorRGB
 90
        0
102
RTVSPost2010PropOp41
 70
     1
102
RTVSPost2010Prop42
 90
       50
102
RTVSPost2010PropOp42
 70
     1
102
RTVSPost2010Prop43
 90
        3
102
RTVSPost2010PropOp43
 70
     1
102
RTVSPost2010Prop44ColorIndex
 90
        5
102
RTVSPost2010Prop44ColorRGB
 90
      255
102
RTVSPost2010PropOp44
 70
     1
102
RTVSPost2010Prop45
280
     0
102
RTVSPost2010PropOp45
 70
     1
102
RTVSPost2010Prop46
 90
       50
102
RTVSPost2010PropOp46
 70
     1
102
RTVSPost2010Prop47
 90
       50
102
RTVSPost2010PropOp47
 70
     1
102
RTVSPost2010Prop48
 90
       50
102
RTVSPost2010PropOp48
 70
     1
102
RTVSPost2010Prop49
280
     0
102
RTVSPost2010PropOp49
 70
     1
102
RTVSPost2010Prop50
 90
       50
102
RTVSPost2010PropOp50
 70
     1
102
RTVSPost2010Prop51ColorIndex
 90
      256
102
RTVSPost2010Prop51ColorRGB
 90
-16777216
102
RTVSPost2010PropOp51
 70
     0
102
RTVSPost2010Prop52
140
1.0
102
RTVSPost2010PropOp52
 70
     0
102
RTVSPost2010Prop53
 90
        2
102
RTVSPost2010PropOp53
 70
     1
102
RTVSPost2010Prop54
  1
strokes_ogs.tif
102
RTVSPost2010PropOp54
 70
     1
102
RTVSPost2010Prop55
280
     0
102
RTVSPost2010PropOp55
 70
     1
102
RTVSPost2010Prop56
140
1.0
102
RTVSPost2010PropOp56
 70
     1
102
RTVSPost2010Prop57
140
1.0
102
RTVSPost2010PropOp57
 70
     1
  0
XRECORD
  5
64A
102
{ACAD_REACTORS
330
649
102
}
330
649
100
AcDbXrecord
280
     1
102
RTVSPost2010Prop28
280
     0
102
RTVSPost2010PropOp28
 70
     1
102
RTVSPost2010Prop29
280
     1
102
RTVSPost2010PropOp29
 70
     1
102
RTVSPost2010Prop30
280
     1
102
RTVSPost2010PropOp30
 70
     1
102
RTVSPost2010Prop31
280
     0
102
RTVSPost2010PropOp31
 70
     1
102
RTVSPost2010Prop32
280
     0
102
RTVSPost2010PropOp32
 70
     1
102
RTVSPost2010Prop33
280
     0
102
RTVSPost2010PropOp33
 70
     1
102
RTVSPost2010Prop34
280
     0
102
RTVSPost2010PropOp34
 70
     1
102
RTVSPost2010Prop35
280
     0
102
RTVSPost2010PropOp35
 70
     1
102
RTVSPost2010Prop36
280
     0
102
RTVSPost2010PropOp36
 70
     1
102
RTVSPost2010Prop37
 90
       50
102
RTVSPost2010PropOp37
 70
     1
102
RTVSPost2010Prop38
140
0.0
102
RTVSPost2010PropOp38
 70
     1
102
RTVSPost2010Prop39
140
1.0
102
RTVSPost2010PropOp39
 70
     1
102
RTVSPost2010Prop40
 90
        0
102
RTVSPost2010PropOp40
 70
     1
102
RTVSPost2010Prop41ColorIndex
 90
       18
102
RTVSPost2010Prop41ColorRGB
 90
        0
102
RTVSPost2010PropOp41
 70
     1
102
RTVSPost2010Prop42
 90
       50
102
RTVSPost2010PropOp42
 70
     1
102
RTVSPost2010Prop43
 90
        3
102
RTVSPost2010PropOp43
 70
     1
102
RTVSPost2010Prop44ColorIndex
 90
        5
102
RTVSPost2010Prop44ColorRGB
 90
      255
102
RTVSPost2010PropOp44
 70
     1
102
RTVSPost2010Prop45
280
     0
102
RTVSPost2010PropOp45
 70
     1
102
RTVSPost2010Prop46
 90
       50
102
RTVSPost2010PropOp46
 70
     1
102
RTVSPost2010Prop47
 90
       50
102
RTVSPost2010PropOp47
 70
     1
102
RTVSPost2010Prop48
 90
       50
102
RTVSPost2010PropOp48
 70
     1
102
RTVSPost2010Prop49
280
     0
102
RTVSPost2010PropOp49
 70
     1
102
RTVSPost2010Prop50
 90
       50
102
RTVSPost2010PropOp50
 70
     1
102
RTVSPost2010Prop51ColorIndex
 90
      256
102
RTVSPost2010Prop51ColorRGB
 90
-16777216
102
RTVSPost2010PropOp51
 70
     0
102
RTVSPost2010Prop52
140
1.0
102
RTVSPost2010PropOp52
 70
     0
102
RTVSPost2010Prop53
 90
        2
102
RTVSPost2010PropOp53
 70
     1
102
RTVSPost2010Prop54
  1
strokes_ogs.tif
102
RTVSPost2010PropOp54
 70
     1
102
RTVSPost2010Prop55
280
     0
102
RTVSPost2010PropOp55
 70
     1
102
RTVSPost2010Prop56
140
1.0
102
RTVSPost2010PropOp56
 70
     1
102
RTVSPost2010Prop57
140
1.0
102
RTVSPost2010PropOp57
 70
     1
  0
XRECORD
  5
648
102
{ACAD_REACTORS
330
647
102
}
330
647
100
AcDbXrecord
280
     1
102
RTVSPost2010Prop28
280
     0
102
RTVSPost2010PropOp28
 70
     1
102
RTVSPost2010Prop29
280
     1
102
RTVSPost2010PropOp29
 70
     1
102
RTVSPost2010Prop30
280
     1
102
RTVSPost2010PropOp30
 70
     1
102
RTVSPost2010Prop31
280
     0
102
RTVSPost2010PropOp31
 70
     1
102
RTVSPost2010Prop32
280
     0
102
RTVSPost2010PropOp32
 70
     1
102
RTVSPost2010Prop33
280
     0
102
RTVSPost2010PropOp33
 70
     1
102
RTVSPost2010Prop34
280
     0
102
RTVSPost2010PropOp34
 70
     1
102
RTVSPost2010Prop35
280
     0
102
RTVSPost2010PropOp35
 70
     1
102
RTVSPost2010Prop36
280
     0
102
RTVSPost2010PropOp36
 70
     1
102
RTVSPost2010Prop37
 90
       50
102
RTVSPost2010PropOp37
 70
     1
102
RTVSPost2010Prop38
140
0.0
102
RTVSPost2010PropOp38
 70
     1
102
RTVSPost2010Prop39
140
1.0
102
RTVSPost2010PropOp39
 70
     1
102
RTVSPost2010Prop40
 90
        0
102
RTVSPost2010PropOp40
 70
     1
102
RTVSPost2010Prop41ColorIndex
 90
       18
102
RTVSPost2010Prop41ColorRGB
 90
        0
102
RTVSPost2010PropOp41
 70
     1
102
RTVSPost2010Prop42
 90
       50
102
RTVSPost2010PropOp42
 70
     1
102
RTVSPost2010Prop43
 90
        3
102
RTVSPost2010PropOp43
 70
     1
102
RTVSPost2010Prop44ColorIndex
 90
        5
102
RTVSPost2010Prop44ColorRGB
 90
      255
102
RTVSPost2010PropOp44
 70
     1
102
RTVSPost2010Prop45
280
     0
102
RTVSPost2010PropOp45
 70
     1
102
RTVSPost2010Prop46
 90
       50
102
RTVSPost2010PropOp46
 70
     1
102
RTVSPost2010Prop47
 90
       50
102
RTVSPost2010PropOp47
 70
     1
102
RTVSPost2010Prop48
 90
       50
102
RTVSPost2010PropOp48
 70
     1
102
RTVSPost2010Prop49
280
     0
102
RTVSPost2010PropOp49
 70
     1
102
RTVSPost2010Prop50
 90
       50
102
RTVSPost2010PropOp50
 70
     1
102
RTVSPost2010Prop51ColorIndex
 90
      256
102
RTVSPost2010Prop51ColorRGB
 90
-16777216
102
RTVSPost2010PropOp51
 70
     0
102
RTVSPost2010Prop52
140
1.0
102
RTVSPost2010PropOp52
 70
     0
102
RTVSPost2010Prop53
 90
        2
102
RTVSPost2010PropOp53
 70
     1
102
RTVSPost2010Prop54
  1
strokes_ogs.tif
102
RTVSPost2010PropOp54
 70
     1
102
RTVSPost2010Prop55
280
     0
102
RTVSPost2010PropOp55
 70
     1
102
RTVSPost2010Prop56
140
1.0
102
RTVSPost2010PropOp56
 70
     1
102
RTVSPost2010Prop57
140
1.0
102
RTVSPost2010PropOp57
 70
     1
  0
XRECORD
  5
644
102
{ACAD_REACTORS
330
643
102
}
330
643
100
AcDbXrecord
280
     1
102
RTVSPost2010Prop28
280
     0
102
RTVSPost2010PropOp28
 70
     1
102
RTVSPost2010Prop29
280
     1
102
RTVSPost2010PropOp29
 70
     1
102
RTVSPost2010Prop30
280
     1
102
RTVSPost2010PropOp30
 70
     1
102
RTVSPost2010Prop31
280
     0
102
RTVSPost2010PropOp31
 70
     1
102
RTVSPost2010Prop32
280
     0
102
RTVSPost2010PropOp32
 70
     1
102
RTVSPost2010Prop33
280
     0
102
RTVSPost2010PropOp33
 70
     1
102
RTVSPost2010Prop34
280
     0
102
RTVSPost2010PropOp34
 70
     1
102
RTVSPost2010Prop35
280
     0
102
RTVSPost2010PropOp35
 70
     1
102
RTVSPost2010Prop36
280
     0
102
RTVSPost2010PropOp36
 70
     1
102
RTVSPost2010Prop37
 90
       50
102
RTVSPost2010PropOp37
 70
     1
102
RTVSPost2010Prop38
140
0.0
102
RTVSPost2010PropOp38
 70
     1
102
RTVSPost2010Prop39
140
1.0
102
RTVSPost2010PropOp39
 70
     1
102
RTVSPost2010Prop40
 90
        0
102
RTVSPost2010PropOp40
 70
     1
102
RTVSPost2010Prop41ColorIndex
 90
       18
102
RTVSPost2010Prop41ColorRGB
 90
        0
102
RTVSPost2010PropOp41
 70
     1
102
RTVSPost2010Prop42
 90
       50
102
RTVSPost2010PropOp42
 70
     1
102
RTVSPost2010Prop43
 90
        3
102
RTVSPost2010PropOp43
 70
     1
102
RTVSPost2010Prop44ColorIndex
 90
        5
102
RTVSPost2010Prop44ColorRGB
 90
      255
102
RTVSPost2010PropOp44
 70
     1
102
RTVSPost2010Prop45
280
     0
102
RTVSPost2010PropOp45
 70
     1
102
RTVSPost2010Prop46
 90
       50
102
RTVSPost2010PropOp46
 70
     1
102
RTVSPost2010Prop47
 90
       50
102
RTVSPost2010PropOp47
 70
     1
102
RTVSPost2010Prop48
 90
       50
102
RTVSPost2010PropOp48
 70
     1
102
RTVSPost2010Prop49
280
     0
102
RTVSPost2010PropOp49
 70
     1
102
RTVSPost2010Prop50
 90
       50
102
RTVSPost2010PropOp50
 70
     1
102
RTVSPost2010Prop51ColorIndex
 90
      256
102
RTVSPost2010Prop51ColorRGB
 90
-16777216
102
RTVSPost2010PropOp51
 70
     0
102
RTVSPost2010Prop52
140
1.0
102
RTVSPost2010PropOp52
 70
     0
102
RTVSPost2010Prop53
 90
        2
102
RTVSPost2010PropOp53
 70
     1
102
RTVSPost2010Prop54
  1
strokes_ogs.tif
102
RTVSPost2010PropOp54
 70
     1
102
RTVSPost2010Prop55
280
     0
102
RTVSPost2010PropOp55
 70
     1
102
RTVSPost2010Prop56
140
1.0
102
RTVSPost2010PropOp56
 70
     1
102
RTVSPost2010Prop57
140
1.0
102
RTVSPost2010PropOp57
 70
     1
  0
XRECORD
  5
652
102
{ACAD_REACTORS
330
651
102
}
330
651
100
AcDbXrecord
280
     1
102
RTVSPost2010Prop28
280
     0
102
RTVSPost2010PropOp28
 70
     1
102
RTVSPost2010Prop29
280
     1
102
RTVSPost2010PropOp29
 70
     1
102
RTVSPost2010Prop30
280
     1
102
RTVSPost2010PropOp30
 70
     1
102
RTVSPost2010Prop31
280
     0
102
RTVSPost2010PropOp31
 70
     1
102
RTVSPost2010Prop32
280
     0
102
RTVSPost2010PropOp32
 70
     1
102
RTVSPost2010Prop33
280
     0
102
RTVSPost2010PropOp33
 70
     1
102
RTVSPost2010Prop34
280
     0
102
RTVSPost2010PropOp34
 70
     1
102
RTVSPost2010Prop35
280
     0
102
RTVSPost2010PropOp35
 70
     1
102
RTVSPost2010Prop36
280
     0
102
RTVSPost2010PropOp36
 70
     1
102
RTVSPost2010Prop37
 90
       50
102
RTVSPost2010PropOp37
 70
     1
102
RTVSPost2010Prop38
140
0.0
102
RTVSPost2010PropOp38
 70
     1
102
RTVSPost2010Prop39
140
1.0
102
RTVSPost2010PropOp39
 70
     1
102
RTVSPost2010Prop40
 90
        0
102
RTVSPost2010PropOp40
 70
     1
102
RTVSPost2010Prop41ColorIndex
 90
       18
102
RTVSPost2010Prop41ColorRGB
 90
        0
102
RTVSPost2010PropOp41
 70
     1
102
RTVSPost2010Prop42
 90
       50
102
RTVSPost2010PropOp42
 70
     1
102
RTVSPost2010Prop43
 90
        3
102
RTVSPost2010PropOp43
 70
     1
102
RTVSPost2010Prop44ColorIndex
 90
        5
102
RTVSPost2010Prop44ColorRGB
 90
      255
102
RTVSPost2010PropOp44
 70
     1
102
RTVSPost2010Prop45
280
     0
102
RTVSPost2010PropOp45
 70
     1
102
RTVSPost2010Prop46
 90
       50
102
RTVSPost2010PropOp46
 70
     1
102
RTVSPost2010Prop47
 90
       50
102
RTVSPost2010PropOp47
 70
     1
102
RTVSPost2010Prop48
 90
       50
102
RTVSPost2010PropOp48
 70
     1
102
RTVSPost2010Prop49
280
     0
102
RTVSPost2010PropOp49
 70
     1
102
RTVSPost2010Prop50
 90
       50
102
RTVSPost2010PropOp50
 70
     1
102
RTVSPost2010Prop51ColorIndex
 90
      256
102
RTVSPost2010Prop51ColorRGB
 90
-16777216
102
RTVSPost2010PropOp51
 70
     0
102
RTVSPost2010Prop52
140
1.0
102
RTVSPost2010PropOp52
 70
     0
102
RTVSPost2010Prop53
 90
        2
102
RTVSPost2010PropOp53
 70
     1
102
RTVSPost2010Prop54
  1
strokes_ogs.tif
102
RTVSPost2010PropOp54
 70
     1
102
RTVSPost2010Prop55
280
     0
102
RTVSPost2010PropOp55
 70
     1
102
RTVSPost2010Prop56
140
1.0
102
RTVSPost2010PropOp56
 70
     1
102
RTVSPost2010Prop57
140
1.0
102
RTVSPost2010PropOp57
 70
     1
  0
XRECORD
  5
65A
102
{ACAD_REACTORS
330
659
102
}
330
659
100
AcDbXrecord
280
     1
102
RTVSPost2010Prop28
280
     0
102
RTVSPost2010PropOp28
 70
     1
102
RTVSPost2010Prop29
280
     1
102
RTVSPost2010PropOp29
 70
     1
102
RTVSPost2010Prop30
280
     1
102
RTVSPost2010PropOp30
 70
     1
102
RTVSPost2010Prop31
280
     0
102
RTVSPost2010PropOp31
 70
     1
102
RTVSPost2010Prop32
280
     0
102
RTVSPost2010PropOp32
 70
     1
102
RTVSPost2010Prop33
280
     0
102
RTVSPost2010PropOp33
 70
     1
102
RTVSPost2010Prop34
280
     0
102
RTVSPost2010PropOp34
 70
     1
102
RTVSPost2010Prop35
280
     0
102
RTVSPost2010PropOp35
 70
     1
102
RTVSPost2010Prop36
280
     0
102
RTVSPost2010PropOp36
 70
     1
102
RTVSPost2010Prop37
 90
       50
102
RTVSPost2010PropOp37
 70
     1
102
RTVSPost2010Prop38
140
0.0
102
RTVSPost2010PropOp38
 70
     1
102
RTVSPost2010Prop39
140
1.0
102
RTVSPost2010PropOp39
 70
     1
102
RTVSPost2010Prop40
 90
        0
102
RTVSPost2010PropOp40
 70
     1
102
RTVSPost2010Prop41ColorIndex
 90
       18
102
RTVSPost2010Prop41ColorRGB
 90
        0
102
RTVSPost2010PropOp41
 70
     1
102
RTVSPost2010Prop42
 90
       50
102
RTVSPost2010PropOp42
 70
     1
102
RTVSPost2010Prop43
 90
        3
102
RTVSPost2010PropOp43
 70
     1
102
RTVSPost2010Prop44ColorIndex
 90
        5
102
RTVSPost2010Prop44ColorRGB
 90
      255
102
RTVSPost2010PropOp44
 70
     1
102
RTVSPost2010Prop45
280
     0
102
RTVSPost2010PropOp45
 70
     1
102
RTVSPost2010Prop46
 90
       50
102
RTVSPost2010PropOp46
 70
     1
102
RTVSPost2010Prop47
 90
       50
102
RTVSPost2010PropOp47
 70
     1
102
RTVSPost2010Prop48
 90
       50
102
RTVSPost2010PropOp48
 70
     1
102
RTVSPost2010Prop49
280
     0
102
RTVSPost2010PropOp49
 70
     1
102
RTVSPost2010Prop50
 90
       50
102
RTVSPost2010PropOp50
 70
     1
102
RTVSPost2010Prop51ColorIndex
 90
      256
102
RTVSPost2010Prop51ColorRGB
 90
-16777216
102
RTVSPost2010PropOp51
 70
     0
102
RTVSPost2010Prop52
140
1.0
102
RTVSPost2010PropOp52
 70
     0
102
RTVSPost2010Prop53
 90
        2
102
RTVSPost2010PropOp53
 70
     1
102
RTVSPost2010Prop54
  1
strokes_ogs.tif
102
RTVSPost2010PropOp54
 70
     1
102
RTVSPost2010Prop55
280
     0
102
RTVSPost2010PropOp55
 70
     1
102
RTVSPost2010Prop56
140
1.0
102
RTVSPost2010PropOp56
 70
     1
102
RTVSPost2010Prop57
140
1.0
102
RTVSPost2010PropOp57
 70
     1
  0
XRECORD
  5
64C
102
{ACAD_REACTORS
330
64B
102
}
330
64B
100
AcDbXrecord
280
     1
102
RTVSPost2010Prop28
280
     0
102
RTVSPost2010PropOp28
 70
     1
102
RTVSPost2010Prop29
280
     1
102
RTVSPost2010PropOp29
 70
     1
102
RTVSPost2010Prop30
280
     1
102
RTVSPost2010PropOp30
 70
     1
102
RTVSPost2010Prop31
280
     0
102
RTVSPost2010PropOp31
 70
     1
102
RTVSPost2010Prop32
280
     0
102
RTVSPost2010PropOp32
 70
     1
102
RTVSPost2010Prop33
280
     0
102
RTVSPost2010PropOp33
 70
     1
102
RTVSPost2010Prop34
280
     0
102
RTVSPost2010PropOp34
 70
     1
102
RTVSPost2010Prop35
280
     0
102
RTVSPost2010PropOp35
 70
     1
102
RTVSPost2010Prop36
280
     0
102
RTVSPost2010PropOp36
 70
     1
102
RTVSPost2010Prop37
 90
       50
102
RTVSPost2010PropOp37
 70
     1
102
RTVSPost2010Prop38
140
0.0
102
RTVSPost2010PropOp38
 70
     1
102
RTVSPost2010Prop39
140
1.0
102
RTVSPost2010PropOp39
 70
     1
102
RTVSPost2010Prop40
 90
        0
102
RTVSPost2010PropOp40
 70
     1
102
RTVSPost2010Prop41ColorIndex
 90
       18
102
RTVSPost2010Prop41ColorRGB
 90
        0
102
RTVSPost2010PropOp41
 70
     1
102
RTVSPost2010Prop42
 90
       50
102
RTVSPost2010PropOp42
 70
     1
102
RTVSPost2010Prop43
 90
        3
102
RTVSPost2010PropOp43
 70
     1
102
RTVSPost2010Prop44ColorIndex
 90
        5
102
RTVSPost2010Prop44ColorRGB
 90
      255
102
RTVSPost2010PropOp44
 70
     1
102
RTVSPost2010Prop45
280
     0
102
RTVSPost2010PropOp45
 70
     1
102
RTVSPost2010Prop46
 90
       50
102
RTVSPost2010PropOp46
 70
     1
102
RTVSPost2010Prop47
 90
       50
102
RTVSPost2010PropOp47
 70
     1
102
RTVSPost2010Prop48
 90
       50
102
RTVSPost2010PropOp48
 70
     1
102
RTVSPost2010Prop49
280
     0
102
RTVSPost2010PropOp49
 70
     1
102
RTVSPost2010Prop50
 90
       50
102
RTVSPost2010PropOp50
 70
     1
102
RTVSPost2010Prop51ColorIndex
 90
      256
102
RTVSPost2010Prop51ColorRGB
 90
-16777216
102
RTVSPost2010PropOp51
 70
     0
102
RTVSPost2010Prop52
140
1.0
102
RTVSPost2010PropOp52
 70
     0
102
RTVSPost2010Prop53
 90
        2
102
RTVSPost2010PropOp53
 70
     1
102
RTVSPost2010Prop54
  1
strokes_ogs.tif
102
RTVSPost2010PropOp54
 70
     1
102
RTVSPost2010Prop55
280
     0
102
RTVSPost2010PropOp55
 70
     1
102
RTVSPost2010Prop56
140
1.0
102
RTVSPost2010PropOp56
 70
     1
102
RTVSPost2010Prop57
140
1.0
102
RTVSPost2010PropOp57
 70
     1
  0
XRECORD
  5
650
102
{ACAD_REACTORS
330
64F
102
}
330
64F
100
AcDbXrecord
280
     1
102
RTVSPost2010Prop28
280
     0
102
RTVSPost2010PropOp28
 70
     1
102
RTVSPost2010Prop29
280
     1
102
RTVSPost2010PropOp29
 70
     1
102
RTVSPost2010Prop30
280
     1
102
RTVSPost2010PropOp30
 70
     1
102
RTVSPost2010Prop31
280
     0
102
RTVSPost2010PropOp31
 70
     1
102
RTVSPost2010Prop32
280
     0
102
RTVSPost2010PropOp32
 70
     1
102
RTVSPost2010Prop33
280
     0
102
RTVSPost2010PropOp33
 70
     1
102
RTVSPost2010Prop34
280
     0
102
RTVSPost2010PropOp34
 70
     1
102
RTVSPost2010Prop35
280
     0
102
RTVSPost2010PropOp35
 70
     1
102
RTVSPost2010Prop36
280
     0
102
RTVSPost2010PropOp36
 70
     1
102
RTVSPost2010Prop37
 90
       50
102
RTVSPost2010PropOp37
 70
     1
102
RTVSPost2010Prop38
140
0.0
102
RTVSPost2010PropOp38
 70
     1
102
RTVSPost2010Prop39
140
1.0
102
RTVSPost2010PropOp39
 70
     1
102
RTVSPost2010Prop40
 90
        0
102
RTVSPost2010PropOp40
 70
     1
102
RTVSPost2010Prop41ColorIndex
 90
       18
102
RTVSPost2010Prop41ColorRGB
 90
        0
102
RTVSPost2010PropOp41
 70
     1
102
RTVSPost2010Prop42
 90
       50
102
RTVSPost2010PropOp42
 70
     1
102
RTVSPost2010Prop43
 90
        3
102
RTVSPost2010PropOp43
 70
     1
102
RTVSPost2010Prop44ColorIndex
 90
        5
102
RTVSPost2010Prop44ColorRGB
 90
      255
102
RTVSPost2010PropOp44
 70
     1
102
RTVSPost2010Prop45
280
     0
102
RTVSPost2010PropOp45
 70
     1
102
RTVSPost2010Prop46
 90
       50
102
RTVSPost2010PropOp46
 70
     1
102
RTVSPost2010Prop47
 90
       50
102
RTVSPost2010PropOp47
 70
     1
102
RTVSPost2010Prop48
 90
       50
102
RTVSPost2010PropOp48
 70
     1
102
RTVSPost2010Prop49
280
     0
102
RTVSPost2010PropOp49
 70
     1
102
RTVSPost2010Prop50
 90
       50
102
RTVSPost2010PropOp50
 70
     1
102
RTVSPost2010Prop51ColorIndex
 90
      256
102
RTVSPost2010Prop51ColorRGB
 90
-16777216
102
RTVSPost2010PropOp51
 70
     0
102
RTVSPost2010Prop52
140
1.0
102
RTVSPost2010PropOp52
 70
     0
102
RTVSPost2010Prop53
 90
        2
102
RTVSPost2010PropOp53
 70
     1
102
RTVSPost2010Prop54
  1
strokes_ogs.tif
102
RTVSPost2010PropOp54
 70
     1
102
RTVSPost2010Prop55
280
     0
102
RTVSPost2010PropOp55
 70
     1
102
RTVSPost2010Prop56
140
1.0
102
RTVSPost2010PropOp56
 70
     1
102
RTVSPost2010Prop57
140
1.0
102
RTVSPost2010PropOp57
 70
     1
  0
XRECORD
  5
660
102
{ACAD_REACTORS
330
65F
102
}
330
65F
100
AcDbXrecord
280
     1
102
RTVSPost2010Prop28
280
     0
102
RTVSPost2010PropOp28
 70
     1
102
RTVSPost2010Prop29
280
     1
102
RTVSPost2010PropOp29
 70
     1
102
RTVSPost2010Prop30
280
     1
102
RTVSPost2010PropOp30
 70
     1
102
RTVSPost2010Prop31
280
     0
102
RTVSPost2010PropOp31
 70
     1
102
RTVSPost2010Prop32
280
     0
102
RTVSPost2010PropOp32
 70
     1
102
RTVSPost2010Prop33
280
     0
102
RTVSPost2010PropOp33
 70
     1
102
RTVSPost2010Prop34
280
     0
102
RTVSPost2010PropOp34
 70
     1
102
RTVSPost2010Prop35
280
     0
102
RTVSPost2010PropOp35
 70
     1
102
RTVSPost2010Prop36
280
     0
102
RTVSPost2010PropOp36
 70
     1
102
RTVSPost2010Prop37
 90
       50
102
RTVSPost2010PropOp37
 70
     1
102
RTVSPost2010Prop38
140
0.0
102
RTVSPost2010PropOp38
 70
     1
102
RTVSPost2010Prop39
140
1.0
102
RTVSPost2010PropOp39
 70
     1
102
RTVSPost2010Prop40
 90
        0
102
RTVSPost2010PropOp40
 70
     1
102
RTVSPost2010Prop41ColorIndex
 90
       18
102
RTVSPost2010Prop41ColorRGB
 90
        0
102
RTVSPost2010PropOp41
 70
     1
102
RTVSPost2010Prop42
 90
       50
102
RTVSPost2010PropOp42
 70
     1
102
RTVSPost2010Prop43
 90
        3
102
RTVSPost2010PropOp43
 70
     1
102
RTVSPost2010Prop44ColorIndex
 90
        5
102
RTVSPost2010Prop44ColorRGB
 90
      255
102
RTVSPost2010PropOp44
 70
     1
102
RTVSPost2010Prop45
280
     0
102
RTVSPost2010PropOp45
 70
     1
102
RTVSPost2010Prop46
 90
       50
102
RTVSPost2010PropOp46
 70
     1
102
RTVSPost2010Prop47
 90
       50
102
RTVSPost2010PropOp47
 70
     1
102
RTVSPost2010Prop48
 90
       50
102
RTVSPost2010PropOp48
 70
     1
102
RTVSPost2010Prop49
280
     0
102
RTVSPost2010PropOp49
 70
     1
102
RTVSPost2010Prop50
 90
       50
102
RTVSPost2010PropOp50
 70
     1
102
RTVSPost2010Prop51ColorIndex
 90
      256
102
RTVSPost2010Prop51ColorRGB
 90
-16777216
102
RTVSPost2010PropOp51
 70
     0
102
RTVSPost2010Prop52
140
1.0
102
RTVSPost2010PropOp52
 70
     0
102
RTVSPost2010Prop53
 90
        2
102
RTVSPost2010PropOp53
 70
     1
102
RTVSPost2010Prop54
  1
strokes_ogs.tif
102
RTVSPost2010PropOp54
 70
     1
102
RTVSPost2010Prop55
280
     0
102
RTVSPost2010PropOp55
 70
     1
102
RTVSPost2010Prop56
140
1.0
102
RTVSPost2010PropOp56
 70
     1
102
RTVSPost2010Prop57
140
1.0
102
RTVSPost2010PropOp57
 70
     1
  0
XRECORD
  5
658
102
{ACAD_REACTORS
330
657
102
}
330
657
100
AcDbXrecord
280
     1
102
RTVSPost2010Prop28
280
     0
102
RTVSPost2010PropOp28
 70
     1
102
RTVSPost2010Prop29
280
     1
102
RTVSPost2010PropOp29
 70
     1
102
RTVSPost2010Prop30
280
     1
102
RTVSPost2010PropOp30
 70
     1
102
RTVSPost2010Prop31
280
     0
102
RTVSPost2010PropOp31
 70
     1
102
RTVSPost2010Prop32
280
     0
102
RTVSPost2010PropOp32
 70
     1
102
RTVSPost2010Prop33
280
     0
102
RTVSPost2010PropOp33
 70
     1
102
RTVSPost2010Prop34
280
     0
102
RTVSPost2010PropOp34
 70
     1
102
RTVSPost2010Prop35
280
     0
102
RTVSPost2010PropOp35
 70
     1
102
RTVSPost2010Prop36
280
     0
102
RTVSPost2010PropOp36
 70
     1
102
RTVSPost2010Prop37
 90
       50
102
RTVSPost2010PropOp37
 70
     1
102
RTVSPost2010Prop38
140
0.0
102
RTVSPost2010PropOp38
 70
     1
102
RTVSPost2010Prop39
140
1.0
102
RTVSPost2010PropOp39
 70
     1
102
RTVSPost2010Prop40
 90
        0
102
RTVSPost2010PropOp40
 70
     1
102
RTVSPost2010Prop41ColorIndex
 90
       18
102
RTVSPost2010Prop41ColorRGB
 90
        0
102
RTVSPost2010PropOp41
 70
     1
102
RTVSPost2010Prop42
 90
       50
102
RTVSPost2010PropOp42
 70
     1
102
RTVSPost2010Prop43
 90
        3
102
RTVSPost2010PropOp43
 70
     1
102
RTVSPost2010Prop44ColorIndex
 90
        5
102
RTVSPost2010Prop44ColorRGB
 90
      255
102
RTVSPost2010PropOp44
 70
     1
102
RTVSPost2010Prop45
280
     0
102
RTVSPost2010PropOp45
 70
     1
102
RTVSPost2010Prop46
 90
       50
102
RTVSPost2010PropOp46
 70
     1
102
RTVSPost2010Prop47
 90
       50
102
RTVSPost2010PropOp47
 70
     1
102
RTVSPost2010Prop48
 90
       50
102
RTVSPost2010PropOp48
 70
     1
102
RTVSPost2010Prop49
280
     0
102
RTVSPost2010PropOp49
 70
     1
102
RTVSPost2010Prop50
 90
       50
102
RTVSPost2010PropOp50
 70
     1
102
RTVSPost2010Prop51ColorIndex
 90
      256
102
RTVSPost2010Prop51ColorRGB
 90
-16777216
102
RTVSPost2010PropOp51
 70
     0
102
RTVSPost2010Prop52
140
1.0
102
RTVSPost2010PropOp52
 70
     0
102
RTVSPost2010Prop53
 90
        2
102
RTVSPost2010PropOp53
 70
     1
102
RTVSPost2010Prop54
  1
strokes_ogs.tif
102
RTVSPost2010PropOp54
 70
     1
102
RTVSPost2010Prop55
280
     0
102
RTVSPost2010PropOp55
 70
     1
102
RTVSPost2010Prop56
140
1.0
102
RTVSPost2010PropOp56
 70
     1
102
RTVSPost2010Prop57
140
1.0
102
RTVSPost2010PropOp57
 70
     1
  0
XRECORD
  5
63C
102
{ACAD_REACTORS
330
63B
102
}
330
63B
100
AcDbXrecord
280
     1
102
RTVSPost2010Prop28
280
     0
102
RTVSPost2010PropOp28
 70
     1
102
RTVSPost2010Prop29
280
     1
102
RTVSPost2010PropOp29
 70
     1
102
RTVSPost2010Prop30
280
     1
102
RTVSPost2010PropOp30
 70
     1
102
RTVSPost2010Prop31
280
     0
102
RTVSPost2010PropOp31
 70
     1
102
RTVSPost2010Prop32
280
     0
102
RTVSPost2010PropOp32
 70
     1
102
RTVSPost2010Prop33
280
     0
102
RTVSPost2010PropOp33
 70
     1
102
RTVSPost2010Prop34
280
     0
102
RTVSPost2010PropOp34
 70
     1
102
RTVSPost2010Prop35
280
     0
102
RTVSPost2010PropOp35
 70
     1
102
RTVSPost2010Prop36
280
     0
102
RTVSPost2010PropOp36
 70
     1
102
RTVSPost2010Prop37
 90
       50
102
RTVSPost2010PropOp37
 70
     1
102
RTVSPost2010Prop38
140
0.0
102
RTVSPost2010PropOp38
 70
     1
102
RTVSPost2010Prop39
140
1.0
102
RTVSPost2010PropOp39
 70
     1
102
RTVSPost2010Prop40
 90
        0
102
RTVSPost2010PropOp40
 70
     1
102
RTVSPost2010Prop41ColorIndex
 90
       18
102
RTVSPost2010Prop41ColorRGB
 90
        0
102
RTVSPost2010PropOp41
 70
     1
102
RTVSPost2010Prop42
 90
       50
102
RTVSPost2010PropOp42
 70
     1
102
RTVSPost2010Prop43
 90
        3
102
RTVSPost2010PropOp43
 70
     1
102
RTVSPost2010Prop44ColorIndex
 90
        5
102
RTVSPost2010Prop44ColorRGB
 90
      255
102
RTVSPost2010PropOp44
 70
     1
102
RTVSPost2010Prop45
280
     0
102
RTVSPost2010PropOp45
 70
     1
102
RTVSPost2010Prop46
 90
       50
102
RTVSPost2010PropOp46
 70
     1
102
RTVSPost2010Prop47
 90
       50
102
RTVSPost2010PropOp47
 70
     1
102
RTVSPost2010Prop48
 90
       50
102
RTVSPost2010PropOp48
 70
     1
102
RTVSPost2010Prop49
280
     0
102
RTVSPost2010PropOp49
 70
     1
102
RTVSPost2010Prop50
 90
       50
102
RTVSPost2010PropOp50
 70
     1
102
RTVSPost2010Prop51ColorIndex
 90
      256
102
RTVSPost2010Prop51ColorRGB
 90
-16777216
102
RTVSPost2010PropOp51
 70
     0
102
RTVSPost2010Prop52
140
1.0
102
RTVSPost2010PropOp52
 70
     0
102
RTVSPost2010Prop53
 90
        2
102
RTVSPost2010PropOp53
 70
     1
102
RTVSPost2010Prop54
  1
strokes_ogs.tif
102
RTVSPost2010PropOp54
 70
     1
102
RTVSPost2010Prop55
280
     0
102
RTVSPost2010PropOp55
 70
     1
102
RTVSPost2010Prop56
140
1.0
102
RTVSPost2010PropOp56
 70
     1
102
RTVSPost2010Prop57
140
1.0
102
RTVSPost2010PropOp57
 70
     1
  0
XRECORD
  5
63E
102
{ACAD_REACTORS
330
63D
102
}
330
63D
100
AcDbXrecord
280
     1
102
RTVSPost2010Prop28
280
     0
102
RTVSPost2010PropOp28
 70
     1
102
RTVSPost2010Prop29
280
     1
102
RTVSPost2010PropOp29
 70
     1
102
RTVSPost2010Prop30
280
     1
102
RTVSPost2010PropOp30
 70
     1
102
RTVSPost2010Prop31
280
     0
102
RTVSPost2010PropOp31
 70
     1
102
RTVSPost2010Prop32
280
     0
102
RTVSPost2010PropOp32
 70
     1
102
RTVSPost2010Prop33
280
     0
102
RTVSPost2010PropOp33
 70
     1
102
RTVSPost2010Prop34
280
     0
102
RTVSPost2010PropOp34
 70
     1
102
RTVSPost2010Prop35
280
     0
102
RTVSPost2010PropOp35
 70
     1
102
RTVSPost2010Prop36
280
     0
102
RTVSPost2010PropOp36
 70
     1
102
RTVSPost2010Prop37
 90
       50
102
RTVSPost2010PropOp37
 70
     1
102
RTVSPost2010Prop38
140
0.0
102
RTVSPost2010PropOp38
 70
     1
102
RTVSPost2010Prop39
140
1.0
102
RTVSPost2010PropOp39
 70
     1
102
RTVSPost2010Prop40
 90
        0
102
RTVSPost2010PropOp40
 70
     1
102
RTVSPost2010Prop41ColorIndex
 90
       18
102
RTVSPost2010Prop41ColorRGB
 90
        0
102
RTVSPost2010PropOp41
 70
     1
102
RTVSPost2010Prop42
 90
       50
102
RTVSPost2010PropOp42
 70
     1
102
RTVSPost2010Prop43
 90
        3
102
RTVSPost2010PropOp43
 70
     1
102
RTVSPost2010Prop44ColorIndex
 90
        5
102
RTVSPost2010Prop44ColorRGB
 90
      255
102
RTVSPost2010PropOp44
 70
     1
102
RTVSPost2010Prop45
280
     0
102
RTVSPost2010PropOp45
 70
     1
102
RTVSPost2010Prop46
 90
       50
102
RTVSPost2010PropOp46
 70
     1
102
RTVSPost2010Prop47
 90
       50
102
RTVSPost2010PropOp47
 70
     1
102
RTVSPost2010Prop48
 90
       50
102
RTVSPost2010PropOp48
 70
     1
102
RTVSPost2010Prop49
280
     0
102
RTVSPost2010PropOp49
 70
     1
102
RTVSPost2010Prop50
 90
       50
102
RTVSPost2010PropOp50
 70
     1
102
RTVSPost2010Prop51ColorIndex
 90
      256
102
RTVSPost2010Prop51ColorRGB
 90
-16777216
102
RTVSPost2010PropOp51
 70
     0
102
RTVSPost2010Prop52
140
1.0
102
RTVSPost2010PropOp52
 70
     0
102
RTVSPost2010Prop53
 90
        2
102
RTVSPost2010PropOp53
 70
     1
102
RTVSPost2010Prop54
  1
strokes_ogs.tif
102
RTVSPost2010PropOp54
 70
     1
102
RTVSPost2010Prop55
280
     0
102
RTVSPost2010PropOp55
 70
     1
102
RTVSPost2010Prop56
140
1.0
102
RTVSPost2010PropOp56
 70
     1
102
RTVSPost2010Prop57
140
1.0
102
RTVSPost2010PropOp57
 70
     1
  0
XRECORD
  5
640
102
{ACAD_REACTORS
330
63F
102
}
330
63F
100
AcDbXrecord
280
     1
102
RTVSPost2010Prop28
280
     0
102
RTVSPost2010PropOp28
 70
     1
102
RTVSPost2010Prop29
280
     1
102
RTVSPost2010PropOp29
 70
     1
102
RTVSPost2010Prop30
280
     1
102
RTVSPost2010PropOp30
 70
     1
102
RTVSPost2010Prop31
280
     0
102
RTVSPost2010PropOp31
 70
     1
102
RTVSPost2010Prop32
280
     0
102
RTVSPost2010PropOp32
 70
     1
102
RTVSPost2010Prop33
280
     0
102
RTVSPost2010PropOp33
 70
     1
102
RTVSPost2010Prop34
280
     0
102
RTVSPost2010PropOp34
 70
     1
102
RTVSPost2010Prop35
280
     0
102
RTVSPost2010PropOp35
 70
     1
102
RTVSPost2010Prop36
280
     0
102
RTVSPost2010PropOp36
 70
     1
102
RTVSPost2010Prop37
 90
       50
102
RTVSPost2010PropOp37
 70
     1
102
RTVSPost2010Prop38
140
0.0
102
RTVSPost2010PropOp38
 70
     1
102
RTVSPost2010Prop39
140
1.0
102
RTVSPost2010PropOp39
 70
     1
102
RTVSPost2010Prop40
 90
        0
102
RTVSPost2010PropOp40
 70
     1
102
RTVSPost2010Prop41ColorIndex
 90
       18
102
RTVSPost2010Prop41ColorRGB
 90
        0
102
RTVSPost2010PropOp41
 70
     1
102
RTVSPost2010Prop42
 90
       50
102
RTVSPost2010PropOp42
 70
     1
102
RTVSPost2010Prop43
 90
        3
102
RTVSPost2010PropOp43
 70
     1
102
RTVSPost2010Prop44ColorIndex
 90
        5
102
RTVSPost2010Prop44ColorRGB
 90
      255
102
RTVSPost2010PropOp44
 70
     1
102
RTVSPost2010Prop45
280
     0
102
RTVSPost2010PropOp45
 70
     1
102
RTVSPost2010Prop46
 90
       50
102
RTVSPost2010PropOp46
 70
     1
102
RTVSPost2010Prop47
 90
       50
102
RTVSPost2010PropOp47
 70
     1
102
RTVSPost2010Prop48
 90
       50
102
RTVSPost2010PropOp48
 70
     1
102
RTVSPost2010Prop49
280
     0
102
RTVSPost2010PropOp49
 70
     1
102
RTVSPost2010Prop50
 90
       50
102
RTVSPost2010PropOp50
 70
     1
102
RTVSPost2010Prop51ColorIndex
 90
      256
102
RTVSPost2010Prop51ColorRGB
 90
-16777216
102
RTVSPost2010PropOp51
 70
     0
102
RTVSPost2010Prop52
140
1.0
102
RTVSPost2010PropOp52
 70
     0
102
RTVSPost2010Prop53
 90
        2
102
RTVSPost2010PropOp53
 70
     1
102
RTVSPost2010Prop54
  1
strokes_ogs.tif
102
RTVSPost2010PropOp54
 70
     1
102
RTVSPost2010Prop55
280
     0
102
RTVSPost2010PropOp55
 70
     1
102
RTVSPost2010Prop56
140
1.0
102
RTVSPost2010PropOp56
 70
     1
102
RTVSPost2010Prop57
140
1.0
102
RTVSPost2010PropOp57
 70
     1
  0
XRECORD
  5
642
102
{ACAD_REACTORS
330
641
102
}
330
641
100
AcDbXrecord
280
     1
102
RTVSPost2010Prop28
280
     0
102
RTVSPost2010PropOp28
 70
     1
102
RTVSPost2010Prop29
280
     1
102
RTVSPost2010PropOp29
 70
     1
102
RTVSPost2010Prop30
280
     1
102
RTVSPost2010PropOp30
 70
     1
102
RTVSPost2010Prop31
280
     0
102
RTVSPost2010PropOp31
 70
     1
102
RTVSPost2010Prop32
280
     0
102
RTVSPost2010PropOp32
 70
     1
102
RTVSPost2010Prop33
280
     0
102
RTVSPost2010PropOp33
 70
     1
102
RTVSPost2010Prop34
280
     0
102
RTVSPost2010PropOp34
 70
     1
102
RTVSPost2010Prop35
280
     0
102
RTVSPost2010PropOp35
 70
     1
102
RTVSPost2010Prop36
280
     0
102
RTVSPost2010PropOp36
 70
     1
102
RTVSPost2010Prop37
 90
       50
102
RTVSPost2010PropOp37
 70
     1
102
RTVSPost2010Prop38
140
0.0
102
RTVSPost2010PropOp38
 70
     1
102
RTVSPost2010Prop39
140
1.0
102
RTVSPost2010PropOp39
 70
     1
102
RTVSPost2010Prop40
 90
        0
102
RTVSPost2010PropOp40
 70
     1
102
RTVSPost2010Prop41ColorIndex
 90
       18
102
RTVSPost2010Prop41ColorRGB
 90
        0
102
RTVSPost2010PropOp41
 70
     1
102
RTVSPost2010Prop42
 90
       50
102
RTVSPost2010PropOp42
 70
     1
102
RTVSPost2010Prop43
 90
        3
102
RTVSPost2010PropOp43
 70
     1
102
RTVSPost2010Prop44ColorIndex
 90
        5
102
RTVSPost2010Prop44ColorRGB
 90
      255
102
RTVSPost2010PropOp44
 70
     1
102
RTVSPost2010Prop45
280
     0
102
RTVSPost2010PropOp45
 70
     1
102
RTVSPost2010Prop46
 90
       50
102
RTVSPost2010PropOp46
 70
     1
102
RTVSPost2010Prop47
 90
       50
102
RTVSPost2010PropOp47
 70
     1
102
RTVSPost2010Prop48
 90
       50
102
RTVSPost2010PropOp48
 70
     1
102
RTVSPost2010Prop49
280
     0
102
RTVSPost2010PropOp49
 70
     1
102
RTVSPost2010Prop50
 90
       50
102
RTVSPost2010PropOp50
 70
     1
102
RTVSPost2010Prop51ColorIndex
 90
      256
102
RTVSPost2010Prop51ColorRGB
 90
-16777216
102
RTVSPost2010PropOp51
 70
     0
102
RTVSPost2010Prop52
140
1.0
102
RTVSPost2010PropOp52
 70
     0
102
RTVSPost2010Prop53
 90
        2
102
RTVSPost2010PropOp53
 70
     1
102
RTVSPost2010Prop54
  1
strokes_ogs.tif
102
RTVSPost2010PropOp54
 70
     1
102
RTVSPost2010Prop55
280
     0
102
RTVSPost2010PropOp55
 70
     1
102
RTVSPost2010Prop56
140
1.0
102
RTVSPost2010PropOp56
 70
     1
102
RTVSPost2010Prop57
140
1.0
102
RTVSPost2010PropOp57
 70
     1
  0
XRECORD
  5
664
102
{ACAD_REACTORS
330
663
102
}
330
663
100
AcDbXrecord
280
     1
102
RTVSPost2010Prop28
280
     0
102
RTVSPost2010PropOp28
 70
     1
102
RTVSPost2010Prop29
280
     1
102
RTVSPost2010PropOp29
 70
     1
102
RTVSPost2010Prop30
280
     1
102
RTVSPost2010PropOp30
 70
     1
102
RTVSPost2010Prop31
280
     0
102
RTVSPost2010PropOp31
 70
     1
102
RTVSPost2010Prop32
280
     0
102
RTVSPost2010PropOp32
 70
     1
102
RTVSPost2010Prop33
280
     0
102
RTVSPost2010PropOp33
 70
     1
102
RTVSPost2010Prop34
280
     0
102
RTVSPost2010PropOp34
 70
     1
102
RTVSPost2010Prop35
280
     0
102
RTVSPost2010PropOp35
 70
     1
102
RTVSPost2010Prop36
280
     0
102
RTVSPost2010PropOp36
 70
     1
102
RTVSPost2010Prop37
 90
       50
102
RTVSPost2010PropOp37
 70
     1
102
RTVSPost2010Prop38
140
0.0
102
RTVSPost2010PropOp38
 70
     1
102
RTVSPost2010Prop39
140
1.0
102
RTVSPost2010PropOp39
 70
     1
102
RTVSPost2010Prop40
 90
        0
102
RTVSPost2010PropOp40
 70
     1
102
RTVSPost2010Prop41ColorIndex
 90
       18
102
RTVSPost2010Prop41ColorRGB
 90
        0
102
RTVSPost2010PropOp41
 70
     1
102
RTVSPost2010Prop42
 90
       50
102
RTVSPost2010PropOp42
 70
     1
102
RTVSPost2010Prop43
 90
        3
102
RTVSPost2010PropOp43
 70
     1
102
RTVSPost2010Prop44ColorIndex
 90
        5
102
RTVSPost2010Prop44ColorRGB
 90
      255
102
RTVSPost2010PropOp44
 70
     1
102
RTVSPost2010Prop45
280
     0
102
RTVSPost2010PropOp45
 70
     1
102
RTVSPost2010Prop46
 90
       50
102
RTVSPost2010PropOp46
 70
     1
102
RTVSPost2010Prop47
 90
       50
102
RTVSPost2010PropOp47
 70
     1
102
RTVSPost2010Prop48
 90
       50
102
RTVSPost2010PropOp48
 70
     1
102
RTVSPost2010Prop49
280
     0
102
RTVSPost2010PropOp49
 70
     1
102
RTVSPost2010Prop50
 90
       50
102
RTVSPost2010PropOp50
 70
     1
102
RTVSPost2010Prop51ColorIndex
 90
      256
102
RTVSPost2010Prop51ColorRGB
 90
-16777216
102
RTVSPost2010PropOp51
 70
     0
102
RTVSPost2010Prop52
140
1.0
102
RTVSPost2010PropOp52
 70
     0
102
RTVSPost2010Prop53
 90
        2
102
RTVSPost2010PropOp53
 70
     1
102
RTVSPost2010Prop54
  1
strokes_ogs.tif
102
RTVSPost2010PropOp54
 70
     1
102
RTVSPost2010Prop55
280
     0
102
RTVSPost2010PropOp55
 70
     1
102
RTVSPost2010Prop56
140
1.0
102
RTVSPost2010PropOp56
 70
     1
102
RTVSPost2010Prop57
140
1.0
102
RTVSPost2010PropOp57
 70
     1
  0
XRECORD
  5
65C
102
{ACAD_REACTORS
330
65B
102
}
330
65B
100
AcDbXrecord
280
     1
102
RTVSPost2010Prop28
280
     0
102
RTVSPost2010PropOp28
 70
     1
102
RTVSPost2010Prop29
280
     1
102
RTVSPost2010PropOp29
 70
     1
102
RTVSPost2010Prop30
280
     1
102
RTVSPost2010PropOp30
 70
     1
102
RTVSPost2010Prop31
280
     0
102
RTVSPost2010PropOp31
 70
     1
102
RTVSPost2010Prop32
280
     0
102
RTVSPost2010PropOp32
 70
     1
102
RTVSPost2010Prop33
280
     0
102
RTVSPost2010PropOp33
 70
     1
102
RTVSPost2010Prop34
280
     0
102
RTVSPost2010PropOp34
 70
     1
102
RTVSPost2010Prop35
280
     0
102
RTVSPost2010PropOp35
 70
     1
102
RTVSPost2010Prop36
280
     0
102
RTVSPost2010PropOp36
 70
     1
102
RTVSPost2010Prop37
 90
       50
102
RTVSPost2010PropOp37
 70
     1
102
RTVSPost2010Prop38
140
0.0
102
RTVSPost2010PropOp38
 70
     1
102
RTVSPost2010Prop39
140
1.0
102
RTVSPost2010PropOp39
 70
     1
102
RTVSPost2010Prop40
 90
        0
102
RTVSPost2010PropOp40
 70
     1
102
RTVSPost2010Prop41ColorIndex
 90
       18
102
RTVSPost2010Prop41ColorRGB
 90
        0
102
RTVSPost2010PropOp41
 70
     1
102
RTVSPost2010Prop42
 90
       50
102
RTVSPost2010PropOp42
 70
     1
102
RTVSPost2010Prop43
 90
        3
102
RTVSPost2010PropOp43
 70
     1
102
RTVSPost2010Prop44ColorIndex
 90
        5
102
RTVSPost2010Prop44ColorRGB
 90
      255
102
RTVSPost2010PropOp44
 70
     1
102
RTVSPost2010Prop45
280
     0
102
RTVSPost2010PropOp45
 70
     1
102
RTVSPost2010Prop46
 90
       50
102
RTVSPost2010PropOp46
 70
     1
102
RTVSPost2010Prop47
 90
       50
102
RTVSPost2010PropOp47
 70
     1
102
RTVSPost2010Prop48
 90
       50
102
RTVSPost2010PropOp48
 70
     1
102
RTVSPost2010Prop49
280
     0
102
RTVSPost2010PropOp49
 70
     1
102
RTVSPost2010Prop50
 90
       50
102
RTVSPost2010PropOp50
 70
     1
102
RTVSPost2010Prop51ColorIndex
 90
      256
102
RTVSPost2010Prop51ColorRGB
 90
-16777216
102
RTVSPost2010PropOp51
 70
     0
102
RTVSPost2010Prop52
140
1.0
102
RTVSPost2010PropOp52
 70
     0
102
RTVSPost2010Prop53
 90
        2
102
RTVSPost2010PropOp53
 70
     1
102
RTVSPost2010Prop54
  1
strokes_ogs.tif
102
RTVSPost2010PropOp54
 70
     1
102
RTVSPost2010Prop55
280
     0
102
RTVSPost2010PropOp55
 70
     1
102
RTVSPost2010Prop56
140
1.0
102
RTVSPost2010PropOp56
 70
     1
102
RTVSPost2010Prop57
140
1.0
102
RTVSPost2010PropOp57
 70
     1
  0
XRECORD
  5
656
102
{ACAD_REACTORS
330
655
102
}
330
655
100
AcDbXrecord
280
     1
102
RTVSPost2010Prop28
280
     0
102
RTVSPost2010PropOp28
 70
     1
102
RTVSPost2010Prop29
280
     1
102
RTVSPost2010PropOp29
 70
     1
102
RTVSPost2010Prop30
280
     1
102
RTVSPost2010PropOp30
 70
     1
102
RTVSPost2010Prop31
280
     0
102
RTVSPost2010PropOp31
 70
     1
102
RTVSPost2010Prop32
280
     0
102
RTVSPost2010PropOp32
 70
     1
102
RTVSPost2010Prop33
280
     0
102
RTVSPost2010PropOp33
 70
     1
102
RTVSPost2010Prop34
280
     0
102
RTVSPost2010PropOp34
 70
     1
102
RTVSPost2010Prop35
280
     0
102
RTVSPost2010PropOp35
 70
     1
102
RTVSPost2010Prop36
280
     0
102
RTVSPost2010PropOp36
 70
     1
102
RTVSPost2010Prop37
 90
       50
102
RTVSPost2010PropOp37
 70
     1
102
RTVSPost2010Prop38
140
0.0
102
RTVSPost2010PropOp38
 70
     1
102
RTVSPost2010Prop39
140
1.0
102
RTVSPost2010PropOp39
 70
     1
102
RTVSPost2010Prop40
 90
        0
102
RTVSPost2010PropOp40
 70
     1
102
RTVSPost2010Prop41ColorIndex
 90
       18
102
RTVSPost2010Prop41ColorRGB
 90
        0
102
RTVSPost2010PropOp41
 70
     1
102
RTVSPost2010Prop42
 90
       50
102
RTVSPost2010PropOp42
 70
     1
102
RTVSPost2010Prop43
 90
        3
102
RTVSPost2010PropOp43
 70
     1
102
RTVSPost2010Prop44ColorIndex
 90
        5
102
RTVSPost2010Prop44ColorRGB
 90
      255
102
RTVSPost2010PropOp44
 70
     1
102
RTVSPost2010Prop45
280
     0
102
RTVSPost2010PropOp45
 70
     1
102
RTVSPost2010Prop46
 90
       50
102
RTVSPost2010PropOp46
 70
     1
102
RTVSPost2010Prop47
 90
       50
102
RTVSPost2010PropOp47
 70
     1
102
RTVSPost2010Prop48
 90
       50
102
RTVSPost2010PropOp48
 70
     1
102
RTVSPost2010Prop49
280
     0
102
RTVSPost2010PropOp49
 70
     1
102
RTVSPost2010Prop50
 90
       50
102
RTVSPost2010PropOp50
 70
     1
102
RTVSPost2010Prop51ColorIndex
 90
      256
102
RTVSPost2010Prop51ColorRGB
 90
-16777216
102
RTVSPost2010PropOp51
 70
     0
102
RTVSPost2010Prop52
140
1.0
102
RTVSPost2010PropOp52
 70
     0
102
RTVSPost2010Prop53
 90
        2
102
RTVSPost2010PropOp53
 70
     1
102
RTVSPost2010Prop54
  1
strokes_ogs.tif
102
RTVSPost2010PropOp54
 70
     1
102
RTVSPost2010Prop55
280
     0
102
RTVSPost2010PropOp55
 70
     1
102
RTVSPost2010Prop56
140
1.0
102
RTVSPost2010PropOp56
 70
     1
102
RTVSPost2010Prop57
140
1.0
102
RTVSPost2010PropOp57
 70
     1
  0
XRECORD
  5
65E
102
{ACAD_REACTORS
330
65D
102
}
330
65D
100
AcDbXrecord
280
     1
102
RTVSPost2010Prop28
280
     0
102
RTVSPost2010PropOp28
 70
     1
102
RTVSPost2010Prop29
280
     1
102
RTVSPost2010PropOp29
 70
     1
102
RTVSPost2010Prop30
280
     1
102
RTVSPost2010PropOp30
 70
     1
102
RTVSPost2010Prop31
280
     0
102
RTVSPost2010PropOp31
 70
     1
102
RTVSPost2010Prop32
280
     0
102
RTVSPost2010PropOp32
 70
     1
102
RTVSPost2010Prop33
280
     0
102
RTVSPost2010PropOp33
 70
     1
102
RTVSPost2010Prop34
280
     0
102
RTVSPost2010PropOp34
 70
     1
102
RTVSPost2010Prop35
280
     0
102
RTVSPost2010PropOp35
 70
     1
102
RTVSPost2010Prop36
280
     0
102
RTVSPost2010PropOp36
 70
     1
102
RTVSPost2010Prop37
 90
       50
102
RTVSPost2010PropOp37
 70
     1
102
RTVSPost2010Prop38
140
0.0
102
RTVSPost2010PropOp38
 70
     1
102
RTVSPost2010Prop39
140
1.0
102
RTVSPost2010PropOp39
 70
     1
102
RTVSPost2010Prop40
 90
        0
102
RTVSPost2010PropOp40
 70
     1
102
RTVSPost2010Prop41ColorIndex
 90
       18
102
RTVSPost2010Prop41ColorRGB
 90
        0
102
RTVSPost2010PropOp41
 70
     1
102
RTVSPost2010Prop42
 90
       50
102
RTVSPost2010PropOp42
 70
     1
102
RTVSPost2010Prop43
 90
        3
102
RTVSPost2010PropOp43
 70
     1
102
RTVSPost2010Prop44ColorIndex
 90
        5
102
RTVSPost2010Prop44ColorRGB
 90
      255
102
RTVSPost2010PropOp44
 70
     1
102
RTVSPost2010Prop45
280
     0
102
RTVSPost2010PropOp45
 70
     1
102
RTVSPost2010Prop46
 90
       50
102
RTVSPost2010PropOp46
 70
     1
102
RTVSPost2010Prop47
 90
       50
102
RTVSPost2010PropOp47
 70
     1
102
RTVSPost2010Prop48
 90
       50
102
RTVSPost2010PropOp48
 70
     1
102
RTVSPost2010Prop49
280
     0
102
RTVSPost2010PropOp49
 70
     1
102
RTVSPost2010Prop50
 90
       50
102
RTVSPost2010PropOp50
 70
     1
102
RTVSPost2010Prop51ColorIndex
 90
      256
102
RTVSPost2010Prop51ColorRGB
 90
-16777216
102
RTVSPost2010PropOp51
 70
     0
102
RTVSPost2010Prop52
140
1.0
102
RTVSPost2010PropOp52
 70
     0
102
RTVSPost2010Prop53
 90
        2
102
RTVSPost2010PropOp53
 70
     1
102
RTVSPost2010Prop54
  1
strokes_ogs.tif
102
RTVSPost2010PropOp54
 70
     1
102
RTVSPost2010Prop55
280
     0
102
RTVSPost2010PropOp55
 70
     1
102
RTVSPost2010Prop56
140
1.0
102
RTVSPost2010PropOp56
 70
     1
102
RTVSPost2010Prop57
140
1.0
102
RTVSPost2010PropOp57
 70
     1
  0
XRECORD
  5
64E
102
{ACAD_REACTORS
330
64D
102
}
330
64D
100
AcDbXrecord
280
     1
102
RTVSPost2010Prop28
280
     0
102
RTVSPost2010PropOp28
 70
     1
102
RTVSPost2010Prop29
280
     1
102
RTVSPost2010PropOp29
 70
     1
102
RTVSPost2010Prop30
280
     1
102
RTVSPost2010PropOp30
 70
     1
102
RTVSPost2010Prop31
280
     0
102
RTVSPost2010PropOp31
 70
     1
102
RTVSPost2010Prop32
280
     0
102
RTVSPost2010PropOp32
 70
     1
102
RTVSPost2010Prop33
280
     0
102
RTVSPost2010PropOp33
 70
     1
102
RTVSPost2010Prop34
280
     0
102
RTVSPost2010PropOp34
 70
     1
102
RTVSPost2010Prop35
280
     0
102
RTVSPost2010PropOp35
 70
     1
102
RTVSPost2010Prop36
280
     0
102
RTVSPost2010PropOp36
 70
     1
102
RTVSPost2010Prop37
 90
       50
102
RTVSPost2010PropOp37
 70
     1
102
RTVSPost2010Prop38
140
0.0
102
RTVSPost2010PropOp38
 70
     1
102
RTVSPost2010Prop39
140
1.0
102
RTVSPost2010PropOp39
 70
     1
102
RTVSPost2010Prop40
 90
        0
102
RTVSPost2010PropOp40
 70
     1
102
RTVSPost2010Prop41ColorIndex
 90
       18
102
RTVSPost2010Prop41ColorRGB
 90
        0
102
RTVSPost2010PropOp41
 70
     1
102
RTVSPost2010Prop42
 90
       50
102
RTVSPost2010PropOp42
 70
     1
102
RTVSPost2010Prop43
 90
        3
102
RTVSPost2010PropOp43
 70
     1
102
RTVSPost2010Prop44ColorIndex
 90
        5
102
RTVSPost2010Prop44ColorRGB
 90
      255
102
RTVSPost2010PropOp44
 70
     1
102
RTVSPost2010Prop45
280
     0
102
RTVSPost2010PropOp45
 70
     1
102
RTVSPost2010Prop46
 90
       50
102
RTVSPost2010PropOp46
 70
     1
102
RTVSPost2010Prop47
 90
       50
102
RTVSPost2010PropOp47
 70
     1
102
RTVSPost2010Prop48
 90
       50
102
RTVSPost2010PropOp48
 70
     1
102
RTVSPost2010Prop49
280
     0
102
RTVSPost2010PropOp49
 70
     1
102
RTVSPost2010Prop50
 90
       50
102
RTVSPost2010PropOp50
 70
     1
102
RTVSPost2010Prop51ColorIndex
 90
      256
102
RTVSPost2010Prop51ColorRGB
 90
-16777216
102
RTVSPost2010PropOp51
 70
     0
102
RTVSPost2010Prop52
140
1.0
102
RTVSPost2010PropOp52
 70
     0
102
RTVSPost2010Prop53
 90
        2
102
RTVSPost2010PropOp53
 70
     1
102
RTVSPost2010Prop54
  1
strokes_ogs.tif
102
RTVSPost2010PropOp54
 70
     1
102
RTVSPost2010Prop55
280
     0
102
RTVSPost2010PropOp55
 70
     1
102
RTVSPost2010Prop56
140
1.0
102
RTVSPost2010PropOp56
 70
     1
102
RTVSPost2010Prop57
140
1.0
102
RTVSPost2010PropOp57
 70
     1
  0
XRECORD
  5
66E
102
{ACAD_REACTORS
330
66D
102
}
330
66D
100
AcDbXrecord
280
     1
102
RTVSPost2010Prop28
280
     0
102
RTVSPost2010PropOp28
 70
     1
102
RTVSPost2010Prop29
280
     1
102
RTVSPost2010PropOp29
 70
     1
102
RTVSPost2010Prop30
280
     1
102
RTVSPost2010PropOp30
 70
     1
102
RTVSPost2010Prop31
280
     0
102
RTVSPost2010PropOp31
 70
     1
102
RTVSPost2010Prop32
280
     0
102
RTVSPost2010PropOp32
 70
     1
102
RTVSPost2010Prop33
280
     0
102
RTVSPost2010PropOp33
 70
     1
102
RTVSPost2010Prop34
280
     0
102
RTVSPost2010PropOp34
 70
     1
102
RTVSPost2010Prop35
280
     0
102
RTVSPost2010PropOp35
 70
     1
102
RTVSPost2010Prop36
280
     0
102
RTVSPost2010PropOp36
 70
     1
102
RTVSPost2010Prop37
 90
       50
102
RTVSPost2010PropOp37
 70
     1
102
RTVSPost2010Prop38
140
0.0
102
RTVSPost2010PropOp38
 70
     1
102
RTVSPost2010Prop39
140
1.0
102
RTVSPost2010PropOp39
 70
     1
102
RTVSPost2010Prop40
 90
        0
102
RTVSPost2010PropOp40
 70
     1
102
RTVSPost2010Prop41ColorIndex
 90
       18
102
RTVSPost2010Prop41ColorRGB
 90
        0
102
RTVSPost2010PropOp41
 70
     1
102
RTVSPost2010Prop42
 90
       50
102
RTVSPost2010PropOp42
 70
     1
102
RTVSPost2010Prop43
 90
        3
102
RTVSPost2010PropOp43
 70
     1
102
RTVSPost2010Prop44ColorIndex
 90
        5
102
RTVSPost2010Prop44ColorRGB
 90
      255
102
RTVSPost2010PropOp44
 70
     1
102
RTVSPost2010Prop45
280
     0
102
RTVSPost2010PropOp45
 70
     1
102
RTVSPost2010Prop46
 90
       50
102
RTVSPost2010PropOp46
 70
     1
102
RTVSPost2010Prop47
 90
       50
102
RTVSPost2010PropOp47
 70
     1
102
RTVSPost2010Prop48
 90
       50
102
RTVSPost2010PropOp48
 70
     1
102
RTVSPost2010Prop49
280
     0
102
RTVSPost2010PropOp49
 70
     1
102
RTVSPost2010Prop50
 90
       50
102
RTVSPost2010PropOp50
 70
     1
102
RTVSPost2010Prop51ColorIndex
 90
      256
102
RTVSPost2010Prop51ColorRGB
 90
-16777216
102
RTVSPost2010PropOp51
 70
     0
102
RTVSPost2010Prop52
140
1.0
102
RTVSPost2010PropOp52
 70
     0
102
RTVSPost2010Prop53
 90
        2
102
RTVSPost2010PropOp53
 70
     1
102
RTVSPost2010Prop54
  1
strokes_ogs.tif
102
RTVSPost2010PropOp54
 70
     1
102
RTVSPost2010Prop55
280
     0
102
RTVSPost2010PropOp55
 70
     1
102
RTVSPost2010Prop56
140
1.0
102
RTVSPost2010PropOp56
 70
     1
102
RTVSPost2010Prop57
140
1.0
102
RTVSPost2010PropOp57
 70
     1
  0
XRECORD
  5
66C
102
{ACAD_REACTORS
330
66B
102
}
330
66B
100
AcDbXrecord
280
     1
102
RTVSPost2010Prop28
280
     0
102
RTVSPost2010PropOp28
 70
     1
102
RTVSPost2010Prop29
280
     1
102
RTVSPost2010PropOp29
 70
     1
102
RTVSPost2010Prop30
280
     1
102
RTVSPost2010PropOp30
 70
     1
102
RTVSPost2010Prop31
280
     0
102
RTVSPost2010PropOp31
 70
     1
102
RTVSPost2010Prop32
280
     0
102
RTVSPost2010PropOp32
 70
     1
102
RTVSPost2010Prop33
280
     0
102
RTVSPost2010PropOp33
 70
     1
102
RTVSPost2010Prop34
280
     0
102
RTVSPost2010PropOp34
 70
     1
102
RTVSPost2010Prop35
280
     0
102
RTVSPost2010PropOp35
 70
     1
102
RTVSPost2010Prop36
280
     0
102
RTVSPost2010PropOp36
 70
     1
102
RTVSPost2010Prop37
 90
       50
102
RTVSPost2010PropOp37
 70
     1
102
RTVSPost2010Prop38
140
0.0
102
RTVSPost2010PropOp38
 70
     1
102
RTVSPost2010Prop39
140
1.0
102
RTVSPost2010PropOp39
 70
     1
102
RTVSPost2010Prop40
 90
        0
102
RTVSPost2010PropOp40
 70
     1
102
RTVSPost2010Prop41ColorIndex
 90
       18
102
RTVSPost2010Prop41ColorRGB
 90
        0
102
RTVSPost2010PropOp41
 70
     1
102
RTVSPost2010Prop42
 90
       50
102
RTVSPost2010PropOp42
 70
     1
102
RTVSPost2010Prop43
 90
        3
102
RTVSPost2010PropOp43
 70
     1
102
RTVSPost2010Prop44ColorIndex
 90
        5
102
RTVSPost2010Prop44ColorRGB
 90
      255
102
RTVSPost2010PropOp44
 70
     1
102
RTVSPost2010Prop45
280
     0
102
RTVSPost2010PropOp45
 70
     1
102
RTVSPost2010Prop46
 90
       50
102
RTVSPost2010PropOp46
 70
     1
102
RTVSPost2010Prop47
 90
       50
102
RTVSPost2010PropOp47
 70
     1
102
RTVSPost2010Prop48
 90
       50
102
RTVSPost2010PropOp48
 70
     1
102
RTVSPost2010Prop49
280
     0
102
RTVSPost2010PropOp49
 70
     1
102
RTVSPost2010Prop50
 90
       50
102
RTVSPost2010PropOp50
 70
     1
102
RTVSPost2010Prop51ColorIndex
 90
      256
102
RTVSPost2010Prop51ColorRGB
 90
-16777216
102
RTVSPost2010PropOp51
 70
     0
102
RTVSPost2010Prop52
140
1.0
102
RTVSPost2010PropOp52
 70
     0
102
RTVSPost2010Prop53
 90
        2
102
RTVSPost2010PropOp53
 70
     1
102
RTVSPost2010Prop54
  1
strokes_ogs.tif
102
RTVSPost2010PropOp54
 70
     1
102
RTVSPost2010Prop55
280
     0
102
RTVSPost2010PropOp55
 70
     1
102
RTVSPost2010Prop56
140
1.0
102
RTVSPost2010PropOp56
 70
     1
102
RTVSPost2010Prop57
140
1.0
102
RTVSPost2010PropOp57
 70
     1
  0
XRECORD
  5
666
102
{ACAD_REACTORS
330
665
102
}
330
665
100
AcDbXrecord
280
     1
102
RTVSPost2010Prop28
280
     0
102
RTVSPost2010PropOp28
 70
     1
102
RTVSPost2010Prop29
280
     1
102
RTVSPost2010PropOp29
 70
     1
102
RTVSPost2010Prop30
280
     1
102
RTVSPost2010PropOp30
 70
     1
102
RTVSPost2010Prop31
280
     0
102
RTVSPost2010PropOp31
 70
     1
102
RTVSPost2010Prop32
280
     0
102
RTVSPost2010PropOp32
 70
     1
102
RTVSPost2010Prop33
280
     0
102
RTVSPost2010PropOp33
 70
     1
102
RTVSPost2010Prop34
280
     0
102
RTVSPost2010PropOp34
 70
     1
102
RTVSPost2010Prop35
280
     0
102
RTVSPost2010PropOp35
 70
     1
102
RTVSPost2010Prop36
280
     0
102
RTVSPost2010PropOp36
 70
     1
102
RTVSPost2010Prop37
 90
       50
102
RTVSPost2010PropOp37
 70
     1
102
RTVSPost2010Prop38
140
0.0
102
RTVSPost2010PropOp38
 70
     1
102
RTVSPost2010Prop39
140
1.0
102
RTVSPost2010PropOp39
 70
     1
102
RTVSPost2010Prop40
 90
        0
102
RTVSPost2010PropOp40
 70
     1
102
RTVSPost2010Prop41ColorIndex
 90
       18
102
RTVSPost2010Prop41ColorRGB
 90
        0
102
RTVSPost2010PropOp41
 70
     1
102
RTVSPost2010Prop42
 90
       50
102
RTVSPost2010PropOp42
 70
     1
102
RTVSPost2010Prop43
 90
        3
102
RTVSPost2010PropOp43
 70
     1
102
RTVSPost2010Prop44ColorIndex
 90
        5
102
RTVSPost2010Prop44ColorRGB
 90
      255
102
RTVSPost2010PropOp44
 70
     1
102
RTVSPost2010Prop45
280
     0
102
RTVSPost2010PropOp45
 70
     1
102
RTVSPost2010Prop46
 90
       50
102
RTVSPost2010PropOp46
 70
     1
102
RTVSPost2010Prop47
 90
       50
102
RTVSPost2010PropOp47
 70
     1
102
RTVSPost2010Prop48
 90
       50
102
RTVSPost2010PropOp48
 70
     1
102
RTVSPost2010Prop49
280
     0
102
RTVSPost2010PropOp49
 70
     1
102
RTVSPost2010Prop50
 90
       50
102
RTVSPost2010PropOp50
 70
     1
102
RTVSPost2010Prop51ColorIndex
 90
      256
102
RTVSPost2010Prop51ColorRGB
 90
-16777216
102
RTVSPost2010PropOp51
 70
     0
102
RTVSPost2010Prop52
140
1.0
102
RTVSPost2010PropOp52
 70
     0
102
RTVSPost2010Prop53
 90
        2
102
RTVSPost2010PropOp53
 70
     1
102
RTVSPost2010Prop54
  1
strokes_ogs.tif
102
RTVSPost2010PropOp54
 70
     1
102
RTVSPost2010Prop55
280
     0
102
RTVSPost2010PropOp55
 70
     1
102
RTVSPost2010Prop56
140
1.0
102
RTVSPost2010PropOp56
 70
     1
102
RTVSPost2010Prop57
140
1.0
102
RTVSPost2010PropOp57
 70
     1
  0
XRECORD
  5
668
102
{ACAD_REACTORS
330
667
102
}
330
667
100
AcDbXrecord
280
     1
102
RTVSPost2010Prop28
280
     0
102
RTVSPost2010PropOp28
 70
     1
102
RTVSPost2010Prop29
280
     1
102
RTVSPost2010PropOp29
 70
     1
102
RTVSPost2010Prop30
280
     1
102
RTVSPost2010PropOp30
 70
     1
102
RTVSPost2010Prop31
280
     0
102
RTVSPost2010PropOp31
 70
     1
102
RTVSPost2010Prop32
280
     0
102
RTVSPost2010PropOp32
 70
     1
102
RTVSPost2010Prop33
280
     0
102
RTVSPost2010PropOp33
 70
     1
102
RTVSPost2010Prop34
280
     0
102
RTVSPost2010PropOp34
 70
     1
102
RTVSPost2010Prop35
280
     0
102
RTVSPost2010PropOp35
 70
     1
102
RTVSPost2010Prop36
280
     0
102
RTVSPost2010PropOp36
 70
     1
102
RTVSPost2010Prop37
 90
       50
102
RTVSPost2010PropOp37
 70
     1
102
RTVSPost2010Prop38
140
0.0
102
RTVSPost2010PropOp38
 70
     1
102
RTVSPost2010Prop39
140
1.0
102
RTVSPost2010PropOp39
 70
     1
102
RTVSPost2010Prop40
 90
        0
102
RTVSPost2010PropOp40
 70
     1
102
RTVSPost2010Prop41ColorIndex
 90
       18
102
RTVSPost2010Prop41ColorRGB
 90
        0
102
RTVSPost2010PropOp41
 70
     1
102
RTVSPost2010Prop42
 90
       50
102
RTVSPost2010PropOp42
 70
     1
102
RTVSPost2010Prop43
 90
        3
102
RTVSPost2010PropOp43
 70
     1
102
RTVSPost2010Prop44ColorIndex
 90
        5
102
RTVSPost2010Prop44ColorRGB
 90
      255
102
RTVSPost2010PropOp44
 70
     1
102
RTVSPost2010Prop45
280
     0
102
RTVSPost2010PropOp45
 70
     1
102
RTVSPost2010Prop46
 90
       50
102
RTVSPost2010PropOp46
 70
     1
102
RTVSPost2010Prop47
 90
       50
102
RTVSPost2010PropOp47
 70
     1
102
RTVSPost2010Prop48
 90
       50
102
RTVSPost2010PropOp48
 70
     1
102
RTVSPost2010Prop49
280
     0
102
RTVSPost2010PropOp49
 70
     1
102
RTVSPost2010Prop50
 90
       50
102
RTVSPost2010PropOp50
 70
     1
102
RTVSPost2010Prop51ColorIndex
 90
      256
102
RTVSPost2010Prop51ColorRGB
 90
-16777216
102
RTVSPost2010PropOp51
 70
     0
102
RTVSPost2010Prop52
140
1.0
102
RTVSPost2010PropOp52
 70
     0
102
RTVSPost2010Prop53
 90
        2
102
RTVSPost2010PropOp53
 70
     1
102
RTVSPost2010Prop54
  1
strokes_ogs.tif
102
RTVSPost2010PropOp54
 70
     1
102
RTVSPost2010Prop55
280
     0
102
RTVSPost2010PropOp55
 70
     1
102
RTVSPost2010Prop56
140
1.0
102
RTVSPost2010PropOp56
 70
     1
102
RTVSPost2010Prop57
140
1.0
102
RTVSPost2010PropOp57
 70
     1
  0
XRECORD
  5
654
102
{ACAD_REACTORS
330
653
102
}
330
653
100
AcDbXrecord
280
     1
102
RTVSPost2010Prop28
280
     0
102
RTVSPost2010PropOp28
 70
     1
102
RTVSPost2010Prop29
280
     1
102
RTVSPost2010PropOp29
 70
     1
102
RTVSPost2010Prop30
280
     1
102
RTVSPost2010PropOp30
 70
     1
102
RTVSPost2010Prop31
280
     0
102
RTVSPost2010PropOp31
 70
     1
102
RTVSPost2010Prop32
280
     0
102
RTVSPost2010PropOp32
 70
     1
102
RTVSPost2010Prop33
280
     0
102
RTVSPost2010PropOp33
 70
     1
102
RTVSPost2010Prop34
280
     0
102
RTVSPost2010PropOp34
 70
     1
102
RTVSPost2010Prop35
280
     0
102
RTVSPost2010PropOp35
 70
     1
102
RTVSPost2010Prop36
280
     0
102
RTVSPost2010PropOp36
 70
     1
102
RTVSPost2010Prop37
 90
       50
102
RTVSPost2010PropOp37
 70
     1
102
RTVSPost2010Prop38
140
0.0
102
RTVSPost2010PropOp38
 70
     1
102
RTVSPost2010Prop39
140
1.0
102
RTVSPost2010PropOp39
 70
     1
102
RTVSPost2010Prop40
 90
        0
102
RTVSPost2010PropOp40
 70
     1
102
RTVSPost2010Prop41ColorIndex
 90
       18
102
RTVSPost2010Prop41ColorRGB
 90
        0
102
RTVSPost2010PropOp41
 70
     1
102
RTVSPost2010Prop42
 90
       50
102
RTVSPost2010PropOp42
 70
     1
102
RTVSPost2010Prop43
 90
        3
102
RTVSPost2010PropOp43
 70
     1
102
RTVSPost2010Prop44ColorIndex
 90
        5
102
RTVSPost2010Prop44ColorRGB
 90
      255
102
RTVSPost2010PropOp44
 70
     1
102
RTVSPost2010Prop45
280
     0
102
RTVSPost2010PropOp45
 70
     1
102
RTVSPost2010Prop46
 90
       50
102
RTVSPost2010PropOp46
 70
     1
102
RTVSPost2010Prop47
 90
       50
102
RTVSPost2010PropOp47
 70
     1
102
RTVSPost2010Prop48
 90
       50
102
RTVSPost2010PropOp48
 70
     1
102
RTVSPost2010Prop49
280
     0
102
RTVSPost2010PropOp49
 70
     1
102
RTVSPost2010Prop50
 90
       50
102
RTVSPost2010PropOp50
 70
     1
102
RTVSPost2010Prop51ColorIndex
 90
      256
102
RTVSPost2010Prop51ColorRGB
 90
-16777216
102
RTVSPost2010PropOp51
 70
     0
102
RTVSPost2010Prop52
140
1.0
102
RTVSPost2010PropOp52
 70
     0
102
RTVSPost2010Prop53
 90
        2
102
RTVSPost2010PropOp53
 70
     1
102
RTVSPost2010Prop54
  1
strokes_ogs.tif
102
RTVSPost2010PropOp54
 70
     1
102
RTVSPost2010Prop55
280
     0
102
RTVSPost2010PropOp55
 70
     1
102
RTVSPost2010Prop56
140
1.0
102
RTVSPost2010PropOp56
 70
     1
102
RTVSPost2010Prop57
140
1.0
102
RTVSPost2010PropOp57
 70
     1
  0
XRECORD
  5
662
102
{ACAD_REACTORS
330
661
102
}
330
661
100
AcDbXrecord
280
     1
102
RTVSPost2010Prop28
280
     0
102
RTVSPost2010PropOp28
 70
     1
102
RTVSPost2010Prop29
280
     1
102
RTVSPost2010PropOp29
 70
     1
102
RTVSPost2010Prop30
280
     1
102
RTVSPost2010PropOp30
 70
     1
102
RTVSPost2010Prop31
280
     0
102
RTVSPost2010PropOp31
 70
     1
102
RTVSPost2010Prop32
280
     0
102
RTVSPost2010PropOp32
 70
     1
102
RTVSPost2010Prop33
280
     0
102
RTVSPost2010PropOp33
 70
     1
102
RTVSPost2010Prop34
280
     0
102
RTVSPost2010PropOp34
 70
     1
102
RTVSPost2010Prop35
280
     0
102
RTVSPost2010PropOp35
 70
     1
102
RTVSPost2010Prop36
280
     0
102
RTVSPost2010PropOp36
 70
     1
102
RTVSPost2010Prop37
 90
       50
102
RTVSPost2010PropOp37
 70
     1
102
RTVSPost2010Prop38
140
0.0
102
RTVSPost2010PropOp38
 70
     1
102
RTVSPost2010Prop39
140
1.0
102
RTVSPost2010PropOp39
 70
     1
102
RTVSPost2010Prop40
 90
        0
102
RTVSPost2010PropOp40
 70
     1
102
RTVSPost2010Prop41ColorIndex
 90
       18
102
RTVSPost2010Prop41ColorRGB
 90
        0
102
RTVSPost2010PropOp41
 70
     1
102
RTVSPost2010Prop42
 90
       50
102
RTVSPost2010PropOp42
 70
     1
102
RTVSPost2010Prop43
 90
        3
102
RTVSPost2010PropOp43
 70
     1
102
RTVSPost2010Prop44ColorIndex
 90
        5
102
RTVSPost2010Prop44ColorRGB
 90
      255
102
RTVSPost2010PropOp44
 70
     1
102
RTVSPost2010Prop45
280
     0
102
RTVSPost2010PropOp45
 70
     1
102
RTVSPost2010Prop46
 90
       50
102
RTVSPost2010PropOp46
 70
     1
102
RTVSPost2010Prop47
 90
       50
102
RTVSPost2010PropOp47
 70
     1
102
RTVSPost2010Prop48
 90
       50
102
RTVSPost2010PropOp48
 70
     1
102
RTVSPost2010Prop49
280
     0
102
RTVSPost2010PropOp49
 70
     1
102
RTVSPost2010Prop50
 90
       50
102
RTVSPost2010PropOp50
 70
     1
102
RTVSPost2010Prop51ColorIndex
 90
      256
102
RTVSPost2010Prop51ColorRGB
 90
-16777216
102
RTVSPost2010PropOp51
 70
     0
102
RTVSPost2010Prop52
140
1.0
102
RTVSPost2010PropOp52
 70
     0
102
RTVSPost2010Prop53
 90
        2
102
RTVSPost2010PropOp53
 70
     1
102
RTVSPost2010Prop54
  1
strokes_ogs.tif
102
RTVSPost2010PropOp54
 70
     1
102
RTVSPost2010Prop55
280
     0
102
RTVSPost2010PropOp55
 70
     1
102
RTVSPost2010Prop56
140
1.0
102
RTVSPost2010PropOp56
 70
     1
102
RTVSPost2010Prop57
140
1.0
102
RTVSPost2010PropOp57
 70
     1
  0
XRECORD
  5
66A
102
{ACAD_REACTORS
330
669
102
}
330
669
100
AcDbXrecord
280
     1
102
RTVSPost2010Prop28
280
     0
102
RTVSPost2010PropOp28
 70
     1
102
RTVSPost2010Prop29
280
     1
102
RTVSPost2010PropOp29
 70
     1
102
RTVSPost2010Prop30
280
     1
102
RTVSPost2010PropOp30
 70
     1
102
RTVSPost2010Prop31
280
     0
102
RTVSPost2010PropOp31
 70
     1
102
RTVSPost2010Prop32
280
     0
102
RTVSPost2010PropOp32
 70
     1
102
RTVSPost2010Prop33
280
     0
102
RTVSPost2010PropOp33
 70
     1
102
RTVSPost2010Prop34
280
     0
102
RTVSPost2010PropOp34
 70
     1
102
RTVSPost2010Prop35
280
     0
102
RTVSPost2010PropOp35
 70
     1
102
RTVSPost2010Prop36
280
     0
102
RTVSPost2010PropOp36
 70
     1
102
RTVSPost2010Prop37
 90
       50
102
RTVSPost2010PropOp37
 70
     1
102
RTVSPost2010Prop38
140
0.0
102
RTVSPost2010PropOp38
 70
     1
102
RTVSPost2010Prop39
140
1.0
102
RTVSPost2010PropOp39
 70
     1
102
RTVSPost2010Prop40
 90
        0
102
RTVSPost2010PropOp40
 70
     1
102
RTVSPost2010Prop41ColorIndex
 90
       18
102
RTVSPost2010Prop41ColorRGB
 90
        0
102
RTVSPost2010PropOp41
 70
     1
102
RTVSPost2010Prop42
 90
       50
102
RTVSPost2010PropOp42
 70
     1
102
RTVSPost2010Prop43
 90
        3
102
RTVSPost2010PropOp43
 70
     1
102
RTVSPost2010Prop44ColorIndex
 90
        5
102
RTVSPost2010Prop44ColorRGB
 90
      255
102
RTVSPost2010PropOp44
 70
     1
102
RTVSPost2010Prop45
280
     0
102
RTVSPost2010PropOp45
 70
     1
102
RTVSPost2010Prop46
 90
       50
102
RTVSPost2010PropOp46
 70
     1
102
RTVSPost2010Prop47
 90
       50
102
RTVSPost2010PropOp47
 70
     1
102
RTVSPost2010Prop48
 90
       50
102
RTVSPost2010PropOp48
 70
     1
102
RTVSPost2010Prop49
280
     0
102
RTVSPost2010PropOp49
 70
     1
102
RTVSPost2010Prop50
 90
       50
102
RTVSPost2010PropOp50
 70
     1
102
RTVSPost2010Prop51ColorIndex
 90
      256
102
RTVSPost2010Prop51ColorRGB
 90
-16777216
102
RTVSPost2010PropOp51
 70
     0
102
RTVSPost2010Prop52
140
1.0
102
RTVSPost2010PropOp52
 70
     0
102
RTVSPost2010Prop53
 90
        2
102
RTVSPost2010PropOp53
 70
     1
102
RTVSPost2010Prop54
  1
strokes_ogs.tif
102
RTVSPost2010PropOp54
 70
     1
102
RTVSPost2010Prop55
280
     0
102
RTVSPost2010PropOp55
 70
     1
102
RTVSPost2010Prop56
140
1.0
102
RTVSPost2010PropOp56
 70
     1
102
RTVSPost2010Prop57
140
1.0
102
RTVSPost2010PropOp57
 70
     1
  0
ENDSEC
  0
EOF
